english,banjara,pos,ipa,telugu,hindi,source
abide,vatema rer,v.,/vātēmā rēr/,వాతేమా రేర్,वातेमा रेर,Banjara_english.docx
ability,jor,n.,/jor/,జోర్,जोर,Banjara_english.docx
"""able to see",n.,"in the way it is seen""",dekaju,/dēkaju/,దేకాజు,Banjara_english.docx
above,uncam,n.,/uncam/,ఉంచమ్,उंचम,Banjara_english.docx
absent,nakal,adj.,/nākāl/,నాకాల్,नाकाल,Banjara_english.docx
absorb,khincago,v.,/khiñcāgo/,ఖించాగో,खिंचागो,Banjara_english.docx
abstract concept,malam chamjako,adj.,/mālam chamjakō/,మాలమ్ చమ్జకో,मालम छमजको,Banjara_english.docx
acacia tree,bommolir jhad,n.,/bommōlir jhād/,బొమ్మోలిర్ ఝాడ్,बोम्मोलिर झाड,Banjara_english.docx
acceptance,maner,n.,/maner/,మనేర్,मनेर,Banjara_english.docx
accession,bhalge / svikar,n.,/bhalge/ /svīkār/,భల్గే / స్వీకార్,भलगे / स्वीकार,Banjara_english.docx
accident,thakkar,n.,/thakkar/,తక్కర్,थक्कर,Banjara_english.docx
accidental,acanak,adj.,/acānak/,అచానక్,अचानक,Banjara_english.docx
accidentally,acanak,adv.,/acānak/,అచానక్,अचानक,Banjara_english.docx
accost,bol,v.,/bol/,బోల్,बोल,Banjara_english.docx
account,khata,n.,/khātā/,ఖాతా,खाता,Banjara_english.docx
accusing someone,badanam pader,v.,/badanām pādēr/,బదనామ్ పాదేర్,बदनाम पादेर,Banjara_english.docx
acquiring,pap patker,v.,/pāp patker/,పాప్ పత్కేర్,पाप पतकेर,Banjara_english.docx
acre,ekar,n.,/ekar/,ఎకర్,एकर,Banjara_english.docx
acrid,kudi,n.,/kudi/,కుది,कुदि,Banjara_english.docx
across,ado,adv.,/ado/,అదో,अदो,Banjara_english.docx
active,champkesi,adj.,/champkēsi/,ఛమ్ప్కేసి,छम्पकेसि,Banjara_english.docx
actual,asli,n.,/asli/,అస్లి,अस्लि,Banjara_english.docx
adamant,nasaldo,adj.,/nasaldo/,నసల్దో,नसलदो,Banjara_english.docx
adjacent,dhamyi,adj.,/dhamyi/,ధమ్యి,धम्यि,Banjara_english.docx
adopt,goden lelam,v.,/gōden lēlam/,గోదేన్ లేలమ్,गोदेन लेलम,Banjara_english.docx
adoption,god,n.,/god/,గోద్,गोद,Banjara_english.docx
adoptive mother,palijako yadi,n.,/pālījakō yādi/,పాలీజకో యాది,पालीजको यादि,Banjara_english.docx
advance,bayana,n.,/bayānā/,బయానా,बयाना,Banjara_english.docx
advise,gyan kam,v.,/gyan kam/,గ్యాన్ కమ్,ग्यान कम,Banjara_english.docx
advocate,bayiskarero,v.,/bayiskarēro/,బయిస్కరేరో,बयिस्करेरो,Banjara_english.docx
aeroplane,havayi,n.,/havāyi/,హవాయి,हवायि,Banjara_english.docx
affectionate child,humsser beta,n.,/hūmsser bētā/,హూమ్స్సేర్ బేటా,हूम्स्सेर बेटा,Banjara_english.docx
affectionate words,miti vate,n.,/mīti vātē/,మీతి వాతే,मीति वाते,Banjara_english.docx
afraid,camak,v.,/camak/,చమక్,चमक,Banjara_english.docx
africa continent,aphrika khandam,n.,/āphrikā khandam/,ఆఫ్రికా ఖండమ్,आफ्रिका खंडम,Banjara_english.docx
after,paccer,adj.,/paccer/,పచ్చేర్,पच्चेर,Banjara_english.docx
after coming,an,adj.,/an/,అన్,अन,Banjara_english.docx
after estimate,andajo dek,n.,/andājo dēk/,అందాజో దేక్,अंदाजो देक,Banjara_english.docx
after telling,kan,adv.,/kan/,కన్,कन,Banjara_english.docx
after throwing,khyancan,v.,/khyāncan/,ఖ్యాన్చన్,ख्यानचन,Banjara_english.docx
afternoon,dopper,n.,/dopper/,దొప్పేర్,दोप्पेर,Banjara_english.docx
against,angam / samnak,prep.,/āngam/ /samnāk/,ఆంగమ్ / సమ్నాక్,आंगम / सम्नाक,Banjara_english.docx
age,umar,n.,/umar/,ఉమర్,उमर,Banjara_english.docx
agree,manlam,v.,/mānlam/,మాన్లమ్,मानलम,Banjara_english.docx
agriculture,yesami,n.,/yesāmi/,యెసామి,येसामि,Banjara_english.docx
alarm,dhamki,n.,/dhamki/,ధమ్కి,धम्कि,Banjara_english.docx
alcohol,sindi,n.,/sindi/,సింది,सिन्दि,Banjara_english.docx
alcoholic,piyot / rimma,n.,/piyōt/ /rimmā/,పియోట్ / రిమ్మా,पियोट / रिम्मा,Banjara_english.docx
align,bhalge / hubad,v.,/bhalge/ /hubad/,భల్గే / హుబాద్,भलगे / हुबाद,Banjara_english.docx
alike,kub ac,adv.,/kūb āc/,కూబ్ ఆచ్,कूब आच,Banjara_english.docx
all,se,pron.,/se/,సే,से,Banjara_english.docx
alone,ekloj,n.,/ēklōj/,ఏక్లోజ్,एक्लोज,Banjara_english.docx
aloof,ekloj,adv.,/ēkloj/,ఏక్లోజ్,एक्लोज,Banjara_english.docx
altogether,se,adv.,/se/,సే,से,Banjara_english.docx
altruistic,imani,adj.,/imani/,ఇమాని,इमानि,Banjara_english.docx
always,kanna,pron.,/kanna/,కన్నా,कन्ना,Banjara_english.docx
amnesia,bhuljayer / bhuler,n.,/bhuljāyēr/ /bhuler/,భుల్జాయేర్ / భులేర్,भुलजायेर / भुलेर,Banjara_english.docx
among the stones,bhatama,adv.,/bhātāmā/,భాతామా,भातामा,Banjara_english.docx
amulet,mandolya,n.,/mandolya/,మందోల్య,मन्दोल्य,Banjara_english.docx
analyse,hamsa pader,v.,/hamsa pader/,హమ్స పాదేర్,हम्स पादेर,Banjara_english.docx
ancestral,tantya,adj.,/tantya/,తంత్య,तन्त्य,Banjara_english.docx
and,ujji / vajji,conj.,/ujji/ /vajji/,ఉజ్జి / వజ్జి,उज्जि / वज्जि,Banjara_english.docx
anger,ris,n.,/ris/,రిస్,रिस,Banjara_english.docx
anklets,kase / ghugra,n.,/kase/ /ghugrā/,కసే / ఘుగ్రా,कसे / घुग्रा,Banjara_english.docx
announce,elankar,v.,/elankar/,ఎలంకార్,एलंकार,Banjara_english.docx
annual,barimas,n.,/bārimās/,బారిమాస్,बारिमास,Banjara_english.docx
answer,javab,n.,/javab/,జవాబ్,जवाब,Banjara_english.docx
ant,kidi,n.,/kīdi/,కీది,कीदि,Banjara_english.docx
antelope,citili,n.,/citili/,చితిలి,चितिलि,Banjara_english.docx
anterior,dharagidiya,adj.,/dharagidiyā/,ధరగిదియా,धरगिदिया,Banjara_english.docx
anybody,ketivatoyi,pron.,/kētivatōyi/,కేతివతోయి,केतिवतोयि,Banjara_english.docx
anyhow,kuyimti / pakka,adv.,/kuyimti/ /pakka/,కుయిమ్తి / పక్క,कुयिमति / पक्क,Banjara_english.docx
anyone,kuniti / keniti,pron.,/kuniti/ /keniti/,కునితి / కెనితి,कुनिति / केनिति,Banjara_english.docx
anything,kunasiti,adv.,/kunasiti/,కునసితి,कुनसिति,Banjara_english.docx
anytime,kannayitoyi,adv.,/kannāyitōyi/,కన్నాయితోయి,कन्नायितोयि,Banjara_english.docx
apology,maphikar,n.,/maphikar/,మాఫికార్,माफिकार,Banjara_english.docx
apple,sepu,n.,/sēpu/,సేపు,सेपु,Banjara_english.docx
application,rakad,n.,/rakād/,రకాద్,रकाद,Banjara_english.docx
apply,cavajatra / purovaju,v.,/cāvajatra/ /purōvaju/,చావజత్ర / పురోవజు,चावजत्र / पुरोवजु,Banjara_english.docx
appoint,rakad,v.,/rakād/,రకాద్,रकाद,Banjara_english.docx
appreciate,tariph,v.,/tāriph/,తారిఫ్,तारिफ,Banjara_english.docx
approach,galama,n.,/galama/,గలమ,गलम,Banjara_english.docx
appropriate,cavajatra / purvajatra,adj.,/cāvajatrā/ /pūrvajatrā/,చావజత్రా / పూర్వజత్రా,चावजत्रा / पूर्वजत्रा,Banjara_english.docx
approximately,dhaim dhaimsi,adv.,/dhaim dhaimsi/,ధైమ్ ధైమ్సి,धैम धैम्सि,Banjara_english.docx
apricot,jambu,n.,/jambu/,జంబు,जम्बु,Banjara_english.docx
apropos,velanam,adv.,/vēlānam/,వేలానమ్,वेलानम,Banjara_english.docx
aquatic,pani,n.,/pani/,పాని,पानि,Banjara_english.docx
archaic,pyanar,adj.,/pyānār/,ప్యానార్,प्यानार,Banjara_english.docx
architect,bhandevalo,n.,/bhāndēvālō/,భాందేవాలో,भान्देवालो,Banjara_english.docx
aristocrat,dhariya,n.,/dhariya/,ధరియ,धरिया,Banjara_english.docx
arm,khavo,n.,/khavo/,ఖావో,खावो,Banjara_english.docx
armpit,kanko,n.,/kānkō/,కాంకో,कान्को,Banjara_english.docx
army,sipayi,n.,/sipāyi/,సిపాయి,सिपायि,Banjara_english.docx
arouse,jagavo,v.,/jagāvo/,జగావో,जगावो,Banjara_english.docx
arrange,sadar / savalat,v.,/sadar/ /savalat/,సదర్ / సవలత్,सदर / सवलत,Banjara_english.docx
array,sodar,v.,/sodar/,సోదర్,सोदर,Banjara_english.docx
arrest,giraphtar,n.,/giraphtar/,గిరఫ్తార్,गिरफतार,Banjara_english.docx
arrival,bhalge,n.,/bhalge/,భల్గే,भलगे,Banjara_english.docx
"""arrive; come""",ayer,v.,/ayer/,అయేర్,अयेर,Banjara_english.docx
artist,citrakar,n.,/citrakar/,చిత్రకార్,चित्रकार,Banjara_english.docx
as,ornayi,adj.,/ōrnayi/,ఓర్నయి,ओर्नयि,Banjara_english.docx
as lengthy,lamboso,adv.,/lambōsō/,లంబోసో,लम्बोसो,Banjara_english.docx
as per law,nayameti,adv.,/nāyamēti/,నాయమేతి,नायमेति,Banjara_english.docx
ash,rak,n.,/rak/,రక్,रक,Banjara_english.docx
asia continent,asiya khandam,n.,/āsiyā khandam/,ఆసియా ఖండమ్,आसिया खंडम,Banjara_english.docx
ask,dhap,v.,/dhap/,ధాప్,धाप,Banjara_english.docx
asking,saval puncer,n.,/savāl pūncer/,సవాల్ పూన్చేర్,सवाल पून्चेर,Banjara_english.docx
asthma,mosa,n.,/mosa/,మోస,मोस,Banjara_english.docx
at,laram,adv.,/lāram/,లారమ్,लारम,Banjara_english.docx
at that time,velama,n.,/vēlāmā/,వేలామా,वेलामा,Banjara_english.docx
attach,cuntad,v.,/cuntad/,చుంతాద్,चुन्ताद,Banjara_english.docx
attain,jitlam,v.,/jitlam/,జిత్లమ్,जितलम,Banjara_english.docx
attend,bhalge,v.,/bhalge/,భల్గే,भलगे,Banjara_english.docx
attention,dhyan,n.,/dhyān/,ధ్యాన్,ध्यान,Banjara_english.docx
attire,sodar,v.,/sodar/,సోదర్,सोदर,Banjara_english.docx
attitude,kanni / gon,n.,/kanni/ /gon/,కన్ని / గోన్,कन्नि / गोन,Banjara_english.docx
attraction,khyancer,v.,/khyāncer/,ఖ్యాన్చేర్,ख्यान्चेर,Banjara_english.docx
attractive,jivtodaro,adj.,/jivtōdārō/,జివ్తోదారో,जिव्तोदारो,Banjara_english.docx
aubergine,vyangan,n.,/vyāngan/,వ్యాంగన్,व्यांगन,Banjara_english.docx
auction,harras,n.,/harrās/,హర్రాస్,हर्रास,Banjara_english.docx
augment,kula,v.,/kulā/,కులా,कुला,Banjara_english.docx
aunt,mami / sasu,n.,/mami/ /sāsu/,మామి / సాసు,मामि / सासु,Banjara_english.docx
authority,nayakima,n.,/nāyakimā/,నాయకిమా,नायकिमा,Banjara_english.docx
auto,atoriksa,n.,/ātōriksā/,ఆటోరిక్సా,आटोरिक्सा,Banjara_english.docx
avert,thamad,v.,/thamad/,థమాద్,थमाद,Banjara_english.docx
awaken,jagan,n.,/jāgan/,జాగన్,जागन,Banjara_english.docx
away,parlevudi,adv.,/parlēvudi/,పర్లేవుది,पर्लेवुदि,Banjara_english.docx
axle,irusu,n.,/irusu/,ఇరుసు,इरुसु,Banjara_english.docx
babble,bhadbhadiya,v.,/bhadbhadiya/,భద్భదియ,भद्भदिय,Banjara_english.docx
babbling,bakro,n.,/bakro/,బక్రో,बक्रो,Banjara_english.docx
baboon,hanut,n.,/hanut/,హనుత్,हनुत,Banjara_english.docx
baby,balak,n.,/bālak/,బాలక్,बालक,Banjara_english.docx
back,puto / pyanar,n. / adj.,/puto/ /pyānār/,పుతో / ప్యానార్,पुतो / प्यानार,Banjara_english.docx
back pain,chvak dukri,n.,/chvāk dukri/,చ్వాక్ దుక్రి,छ्वाक दुक्रि,Banjara_english.docx
backbone,cvaker hadka,n.,/cvāker hadka/,చ్వాకేర్ హడ్క,च्वाकेर हडका,Banjara_english.docx
backward,laram,adv.,/lāram/,లారమ్,लारम,Banjara_english.docx
backyard,khet / vadi,n.,/khet/ /vādi/,ఖేత్ / వాది,खेत / वादि,Banjara_english.docx
bad,kharap,v. / adj.,/kharāp/,ఖరాప్,खराप,Banjara_english.docx
bad looks from others,nanjar,n.,/nañjar/,నంజర్,नन्जर,Banjara_english.docx
bag,kotli / canci,n.,/kōtli/ /canci/,కోత్లి / చంచి,कोत्लि / चन्चि,Banjara_english.docx
balance,takdi / barobar,n. / v.,/takdi/ /barobar/,తక్ది / బరోబర్,तक्दि / बरोबर,Banjara_english.docx
ball,cendu,n.,/cendu/,చెందు,चेन्दु,Banjara_english.docx
ball of string,dhera,adj.,/dhera/,ధేర,धेर,Banjara_english.docx
banana,kela,n.,/kela/,కేల,केला,Banjara_english.docx
band,nada / baja bajantrilu,n.,/nāda/ /bājā bajantrilu/,నాద / బాజా బజంత్రిలు,नाद / बाजा बजन्ट्रिलु,Banjara_english.docx
bandage,patto,n.,/patto/,పత్తో,पत्तो,Banjara_english.docx
bandicoot,dhums,n.,/dhūms/,ధూమ్స్,धूम्स्,Banjara_english.docx
bandy,kera,v.,/kera/,కేర,केर,Banjara_english.docx
bang,banduker cot,n.,/banduker cōt/,బందుకేర్ చోట్,बन्दुकेर चोट,Banjara_english.docx
bangle,bangdi / sisi,n.,/bangdi/ /sisi/,బంగది / సిసి,बंगदि / सिसि,Banjara_english.docx
bank,konora / dari / pal,n.,/konorā/ /dari/ /pāl/,కోనోరా / దరి / పాల్,कोनोरा / दरि / पाल,Banjara_english.docx
barber,navi,n.,/navi/,నావి,नावि,Banjara_english.docx
bargain,molkarer,n.,/molkarēr/,మోల్కరేర్,मोल्करेर,Banjara_english.docx
barking,basro,n.,/basro/,బస్రో,बस्रो,Banjara_english.docx
barn,gab,n.,/gāb/,గాబ్,गाब,Banjara_english.docx
barren,padav,n.,/padāv/,పదావ్,पदाव,Banjara_english.docx
base,tal / bunadi,adj. / n.,/tal/ /bunādi/,తల్ / బునాది,तल / बुनादि,Banjara_english.docx
basil,tolcim,n.,/tolcim/,తోల్చిమ్,तोलचिम,Banjara_english.docx
basket,olda / volda,n.,/oldā/ /vōldā/,ఓల్దా / వోల్దా,ओल्दा / वोल्दा,Banjara_english.docx
bassia,ambadir bhajji,n.,/ambādīr bhājji/,అంబాదీర్ భాజ్జి,अम्बादीर भाज्जि,Banjara_english.docx
bath,hangoli,n.,/hangoli/,హంగోలి,हंगोलि,Banjara_english.docx
bay,ratdo,n.,/rātdo/,రాత్దో,रात्दो,Banjara_english.docx
be,veja / ver,v.,/vējā/ /ver/,వేజా / వేర్,वेजा / वेर,Banjara_english.docx
be concave,khobo,n.,/khōbo/,ఖోబో,खोबो,Banjara_english.docx
be stuck,sankdo,v.,/sānkdo/,సాంక్దో,साङ्क्दो,Banjara_english.docx
beam,doni / lakad,n.,/dōni/ /lākad/,దోని / లాకడ్,दोनि / लाकड,Banjara_english.docx
bean,valoli,n.,/vāloli/,వాలోలి,वालोलि,Banjara_english.docx
beard,dvadi,n.,/dvādi/,ద్వాది,द्वादि,Banjara_english.docx
beat,cot / laga,n.,/cot/ /laga/,చోట్ / లగ,चोट / लग,Banjara_english.docx
became good,accovego,v.,/accovego/,అచ్చోవేగో,अच्चोवेगो,Banjara_english.docx
because,hanukan,adv.,/hanukan/,హనుకన్,हनुकान,Banjara_english.docx
because of,kannam,conj.,/kannam/,కన్నమ్,कन्नम,Banjara_english.docx
because of that,jannaj,adv.,/jannāj/,జన్నాజ్,जन्नाज,Banjara_english.docx
becoming bankrupt,bhikari yego,v.,/bhikāri yego/,భికారి యేగో,भिकारि येगो,Banjara_english.docx
becoming fat,jadover,v.,/jādōver/,జాదోవేర్,जादोवेर,Banjara_english.docx
becoming separate,tal,v.,/tāl/,తాల్,ताल,Banjara_english.docx
becoming unconscious,gheri ayer,v.,/gheri ayer/,ఘేరి అయేర్,घेरि अयेर,Banjara_english.docx
bed,goddi / vacano / savardam,n. / v.,/goddi/ /vacano/ /savārdam/,గోద్ది / వచనో / సవార్దమ్,गोद्दि / वचनो / सवारदम,Banjara_english.docx
bedspread,ceddar / jankhana,n.,/ceddar/ /jańkhāna/,చెద్దార్ / జంఖాన,चेद्दार / जङ्खान,Banjara_english.docx
bee,vayir atta / phunda,n.,/vayir atta/ /phūndā/,వయిర్ అత్త / ఫూందా,वयिर अत्त / फून्दा,Banjara_english.docx
beed,laldi,n.,/laldi/,లల్ది,लल्दि,Banjara_english.docx
before,okangam / dharagadiya,adv.,/okängam/ /dharagadiya/,ఒకాంగమ్ / ధరగదియ,ओकाङ्गम / धरगदिय,Banjara_english.docx
begging,bhik,n.,/bhik/,భిక్,भिक,Banjara_english.docx
beginning,suru,n.,/suru/,సురు,सुरु,Banjara_english.docx
behave,camlayer,v.,/camlāyēr/,చమ్లాయేర్,चमलायेर,Banjara_english.docx
behind,paccam,n.,/paccam/,పచ్చమ్,पच्चम,Banjara_english.docx
being affectionate,khubac,n.,/khūbāc/,ఖూబాచ్,खूबाच,Banjara_english.docx
being at the back,laram,adv.,/lāram/,లారమ్,लारम,Banjara_english.docx
being conscious,jagrocam,n.,/jāgrōcam/,జాగ్రోచమ్,जाग्रोचम,Banjara_english.docx
being ill,tanjro,n.,/tañjro/,తంజ్రో,तन्ज्रो,Banjara_english.docx
being itchy,bhalbhalayer,n.,/bhalbhalāyēr/,భల్భలాయేర్,भलभलायेर,Banjara_english.docx
being proud,masti,n.,/masti/,మస్తి,मस्ति,Banjara_english.docx
being rough,khancalo,adj.,/khāñcalo/,ఖాంచలో,खाञ्चलो,Banjara_english.docx
being spread,jhamjayer,n.,/jhamjāyēr/,ఝమ్జాయేర్,झमजायेर,Banjara_english.docx
being sticky,gundernai,n.,/gundernai/,గుందేర్నై,गुन्देरनइ,Banjara_english.docx
believe,visvas,v.,/viśvās/,విశ్వాస్,विश्वास,Banjara_english.docx
belly,pet / phuliyayo,n.,/pet/ /phūliyāyo/,పేట్ / ఫూలియాయో,पेट / फूलियायो,Banjara_english.docx
belongings,jamyijat,n.,/jāmyijāt/,జామ్యిజాత్,जाम्यिजात,Banjara_english.docx
beloved,valo,v.,/vālō/,వాలో,वालो,Banjara_english.docx
belt,patteda,n.,/patteda/,పత్తేద,पत्तेद,Banjara_english.docx
bend,navadam / nav / valo / val / valdam,v.,/navādam/ /nav/ /vālō/ /vāl/ /valdam/,నవాదమ్ / నవ్ / వాలో / వాల్ / వల్దమ్,नवादम / नव / वालो / वाल / वलदम,Banjara_english.docx
bends,navan,n.,/navan/,నవన్,नवन,Banjara_english.docx
blockade,gherlo,v.,/gherlo/,ఘేర్లో,घेर्लो,Banjara_english.docx
bereavement,kholdo,n.,/kholdo/,ఖోల్దో,खोल्दो,Banjara_english.docx
besides,nato,adv.,/nato/,నతో,नतो,Banjara_english.docx
between,vaccela,adj.,/vaccēla/,వచ్చేల,वच्चेला,Banjara_english.docx
beverage,pani,n.,/pani/,పాని,पानि,Banjara_english.docx
big,asman / pakkocvado / moto,adv. / adj.,/asmān/ /pakkocvādo/ /moto/,అస్మాన్ / పక్కోచవాదో / మోతో,अस्मान / पक्कोच्वादो / मोतो,Banjara_english.docx
big ant,makoda,n.,/makōda/,మకోద,मकोदा,Banjara_english.docx
big bundle of hay,paralervami,n.,/parāļērvāmi/,పరాళేర్వామి,पराळेर्वामि,Banjara_english.docx
big needle,suyo,n.,/suyō/,సుయో,सुयो,Banjara_english.docx
big spoon,korco,n.,/korco/,కోర్చో,कोर्चो,Banjara_english.docx
big tiger,janavar,n.,/janāvar/,జనావర్,जनावर,Banjara_english.docx
big water container for drinking water,koldi,n.,/kōldi/,కోల్ది,कोल्दि,Banjara_english.docx
big way,motoso,adj.,/mōtōso/,మోతోసో,मोतोसो,Banjara_english.docx
bight,phando,n.,/phando/,ఫందో,फन्दो,Banjara_english.docx
bile,gumdi,n.,/gumdi/,గుమ్ది,गुम्दि,Banjara_english.docx
bind,bhandino,v.,/bhāndino/,భాందినో,भान्दिनो,Banjara_english.docx
binding,jimmedari,n.,/jimmedari/,జిమ్మెదారి,जिम्मेदारि,Banjara_english.docx
bird,pitta / pitti,n.,/pitta/ /pitti/,పిత్త / పిత్తి,पित्त / पित्ति,Banjara_english.docx
bird of quail genus,toliya,n.,/toliya/,తోలియ,तोलिया,Banjara_english.docx
birth,janam,n.,/janam/,జనమ్,जनम,Banjara_english.docx
birth defect,gyanohuyo,n.,/gyānōhuyo/,జ్ఞానోహుయో,ज्ञानोहुयो,Banjara_english.docx
bit,tunka,n.,/tunka/,తున్క,तुन्का,Banjara_english.docx
bitch,kotri,n.,/kotri/,కోత్రి,कोत्रि,Banjara_english.docx
bite,gant,v.,/gant/,గంట్,गन्ट,Banjara_english.docx
bitter,kudi,adj.,/kudi/,కుది,कुदि,Banjara_english.docx
bitter gourd,karela,n.,/karēlā/,కరేలా,करेला,Banjara_english.docx
"""bit; piece; strip""",ped,n.,/ped/,పేడ్,पेड,Banjara_english.docx
black,kalo / masal,n. / adj.,/kālō/ /masal/,కాలో / మసల్,कालो / मसल,Banjara_english.docx
blacksmith,kamar,n.,/kamār/,కమార్,कमार,Banjara_english.docx
blade,patti / makka / sarra,n.,/patti/ /makkā/ /sarra/,పత్తి / మక్కా / సర్ర,पत्ति / मक्का / सर्र,Banjara_english.docx
blanket,ghungdi,n.,/ghūngdi/,ఘూంగ్ది,घूंग्दि,Banjara_english.docx
blast,phod,v.,/phōd/,ఫోడ్,फोड,Banjara_english.docx
blaze,holi,n.,/holi/,హోలి,होलि,Banjara_english.docx
blazer,kot,n.,/kōt/,కోట్,कोट,Banjara_english.docx
bleat,gunasro,v.,/gunasro/,గునస్రో,गुनस्त्रो,Banjara_english.docx
bleeding from wound,rad,n.,/rad/,రాద్,राद,Banjara_english.docx
blend,bhalge,v.,/bhalge/,భల్గే,भलगे,Banjara_english.docx
blight,kosari / rog,n.,/kośāri/ /rōg/,కోశారి / రోగ్,कोशारि / रोग,Banjara_english.docx
blind,andi / kano,adj.,/andi/ /kānō/,అంది / కానో,अन्दि / कानो,Banjara_english.docx
blind belief,andimaner,n.,/andimānēr/,అందిమానేర్,अन्दिमानेर,Banjara_english.docx
block,bigadayer,n.,/bigadāyer/,బిగదాయేర్,बिगदायेर,Banjara_english.docx
blood,loyi,n.,/lōyi/,లోయి,लोयि,Banjara_english.docx
blouse,kancli,n.,/kāñcļi/,కాంచ్లి,काञ्चळि,Banjara_english.docx
blow,phunkar / phulero,n. / v.,/phuńkār/ /phūlērō/,ఫుంకార్ / ఫూలేరో,फुंकार / फूलेरो,Banjara_english.docx
blue,nilo,n.,/nilo/,నీలో,नीलो,Banjara_english.docx
body,jivda / muyo,n. / v.,/jivdā/ /muyo/,జివ్దా / ముయో,जिव्दा / मुयो,Banjara_english.docx
bog,badava,n.,/badava/,బదవ,बदवा,Banjara_english.docx
boil,ukalro / uklam,n. / v.,/ukalro/ /uklam/,ఉకల్రో / ఉక్లమ్,उकल्रो / उक्लम,Banjara_english.docx
boiled,ukalgi,n.,/ukaļgi/,ఉకళ్గి,उकळगि,Banjara_english.docx
"""boil; blister""",phoda,n.,/phōdā/,ఫోదా,फोदा,Banjara_english.docx
bolt,cilla / bedam / vijhli,n.,/cilla/ /bēdam/ /vijhli/,చిల్ల / బేదమ్ / విజ్లి,चिल्ला / बेदम / विझलि,Banjara_english.docx
bondage,katbhand / gulam,n.,/katbhand/ /gulām/,కత్భండ్ / గులామ్,कतभंड / गुलाम,Banjara_english.docx
bone,hadaka / hadka,n.,/hadaka/ /hadka/,హడక / హడ్క,हडका / हडका,Banjara_english.docx
bookshelf,vair arra,n.,/vair arra/,వైర్ అర్ర,वयर अर्र,Banjara_english.docx
boot,jute,n.,/jūtē/,జూతే,जू्ते,Banjara_english.docx
bore,katalo,n.,/katalo/,కతలో,कतलो,Banjara_english.docx
born,huyo,adj.,/huyo/,హుయో,हुयो,Banjara_english.docx
bossism,hukmat,n.,/hukmat/,హుక్మత్,हुकमत,Banjara_english.docx
bottle,lotima pakad / sisi,v. / n.,/lotimā pakad/ /sisi/,లోతిమా పకడ్ / సిసి,लोतिमा पकड / सिसि,Banjara_english.docx
bottom,hetam,adj.,/hētam/,హేతమ్,हेतम,Banjara_english.docx
boulder,bhata,n.,/bhāta/,భాత,भाता,Banjara_english.docx
bounce,dhakka / vackalan pader,n. / v.,/dhakkā/ /vackalan pader/,ధక్కా / వచ్కలన్ పదేర్,धक्का / वच्कलन पदेर,Banjara_english.docx
boundary,ilako / gettu / binda / sivamr,n.,/ilāko/ /gettu/ /binda/ /sivāmr/,ఇలాకో / గెత్తు / బింద / సివామ్ర,इलाको / गेत्तु / बिन्दा / सिवामृ,Banjara_english.docx
bow,banam,n.,/bānam/,బానమ్,बानम,Banjara_english.docx
bow before god,dhok,n.,/dhōk/,ధోక్,धोक,Banjara_english.docx
bowl,radayer,v.,/radayer/,రదాయేర్,रदायेर,Banjara_english.docx
box,pipa / buddi / sanduk,n.,/pipā/ /buddi/ /sanduk/,పిపా / బుద్ది / సందుక్,पिपा / बुद्दि / सन्दुक,Banjara_english.docx
boy,chvara,n.,/chvara/,ఛ్వరా,छ्वरा,Banjara_english.docx
boyish,nanka / bholka,adj.,/nānkā/ /bhōlka/,నాన్కా / భోల్క,नान्का / भोल्का,Banjara_english.docx
bracelet,kolda,n.,/koldā/,కోల్దా,कोल्दा,Banjara_english.docx
brain,bhejo,n.,/bhējo/,భేజో,भेजो,Banjara_english.docx
bran,curo / pottu,n.,/curo/ /pottu/,చురో / పొత్తు,चुरो / पोत्तु,Banjara_english.docx
branch,dvali / phankaphut / phatero,n. / v.,/dvāli/ /phānkāphūt/ /phātero/,ద్వాలి / ఫాంకాఫూట్ / ఫాతేరో,द्वालि / फाङ्काफूट / फातेरो,Banjara_english.docx
branching,phyalgi,n.,/phyālgi/,ఫ్యాల్గి,फ्याल्गि,Banjara_english.docx
brass,pitlo,adj.,/pitlo/,పిత్లో,पित्लो,Banjara_english.docx
bread,bati,n.,/bāti/,బాటి,बाटि,Banjara_english.docx
break,tod / tonak / phut go / phod,n. / v.,/tōd/ /tōnāk/ /phút gō/ /phod/,తోడ్ / తోనాక్ / ఫూట్ గో / ఫోడ్,तोड / तोनाक / फूट गो / फोड,Banjara_english.docx
break it,todnako,v.,/todnakō/,తోద్నకో,तोदनको,Banjara_english.docx
breast,baccir,n.,/baccir/,బచ్చిర్,बच्चिर,Banjara_english.docx
breath,vams,n.,/vāms/,వామ్స్,वाम्स,Banjara_english.docx
breed,jat,n.,/jāt/,జాత్,जात,Banjara_english.docx
breeze,sil,n.,/śil/,శిల్,शिल,Banjara_english.docx
brick,itika,n.,/itika/,ఇతిక,इतिक,Banjara_english.docx
bride,navleri,n.,/navlēri/,నవ్లేరి,नव्लेरि,Banjara_english.docx
bright,jhankro / vajalo,adj.,/jhānkro/ /vajālō/,ఝాంక్రో / వజాలో,झाङ्क्रो / वजालो,Banjara_english.docx
bristle,posa,n.,/posa/,పోస,पोस,Banjara_english.docx
broken,tut gi / phuter,adj.,/tut gi/ /phuter/,తుట్ గి / ఫుతేర్,टुट गि / फुतेर,Banjara_english.docx
broken hard coconut,kacli,n.,/kācli/,కాచ్లి,काच्लि,Banjara_english.docx
brooks,khalya,n.,/khālyā/,ఖాల్యా,खाल्या,Banjara_english.docx
broomstick,banni,n.,/bānni/,బాన్ని,बान्नि,Banjara_english.docx
brother,bhayi,n.,/bhāyi/,భాయి,भायि,Banjara_english.docx
brother-in-law,bhanoyi,n.,/bhanōyi/,భనోయి,भनोयि,Banjara_english.docx
brush,kula / manjlam / l,n. / v.,/kulā/ /māñjlam/ /l/,కులా / మాంజ్లమ్ / ల్,कुला / माञ्जलम / ल,Banjara_english.docx
brushing,manjer,n.,/manjer/,మంజేర్,मन्जेर,Banjara_english.docx
bucket,bokkena,n.,/bokkena/,బొక్కెన,बोक्केन,Banjara_english.docx
buddhism,baudda jat,adj.,/baudda jāt/,బౌద్ద జాత్,बौद्द जात,Banjara_english.docx
buffalo,bhyamsa / bhyamsi,n.,/bhyāṁsā/ /bhyāmsi/,భ్యాంసా / భ్యాంసి,भ्यांसा / भ्यांसि,Banjara_english.docx
bug,kosari / nalli,n.,/kośāri/ /nalli/,కోశారి / నల్లి,कोशारि / नल्लि,Banjara_english.docx
building up the fire,anc jadakar,n.,/āñc jādākar/,ఆంచ్ జాదాకర్,आञ्च जादाकर,Banjara_english.docx
bulb,bugga,n.,/bugga/,బుగ్గ,बुग्ग,Banjara_english.docx
bull,balad / sandiya,n.,/balad/ /sandiya/,బలద్ / సందియ,बलद / सन्दिया,Banjara_english.docx
bully,raletu,n.,/ralēțu/,రలేటు,रलेटु,Banjara_english.docx
bump,phoda,n.,/phōdā/,ఫోదా,फोदा,Banjara_english.docx
bundle,pal / pot / bharo,n.,/pāl/ /pot/ /bhārō/,పాల్ / పోట్ / భారో,पाल / पोट / भारो,Banjara_english.docx
burly,jado,adv.,/jādo/,జాదో,जादो,Banjara_english.docx
burn,balenam / bal / bhunj / magro,v. / n.,/bālēnam/ /bāl/ /bhūnj/ /Magro/,బాలేనమ్ / బాల్ / భూంజ్ / మగ్రో,बालेनम / बाल / भून्ज / मग्रो,Banjara_english.docx
burning,balgo / balrocam,v.,/balgo/ /balrōcam/,బల్గో / బల్ర్రోచమ్,बल्गो / बल्रोचम,Banjara_english.docx
burning fire,lagro,v.,/lāgro/,లాగ్రో,लाग्रो,Banjara_english.docx
burnt,balgo,n.,/balgo/,బల్గో,बल्गो,Banjara_english.docx
burrow,dalda / vej,n.,/daldā/ /vēj/,దల్దా / వేజ్,दल्दा / वेज,Banjara_english.docx
bury,gad,n.,/gād/,గాద్,गाद,Banjara_english.docx
bush,bocka,n.,/bocka/,బొక్క,बोक्क,Banjara_english.docx
business organization,vyapar,n.,/vyāpār/,వ్యాపార్,व्यापार,Banjara_english.docx
bust,chamtti,n.,/chamtti/,ఛమ్త్తి,छमत्ति,Banjara_english.docx
but,napan / lapan,conj. / adv.,/napan/ /lapan/,నపన్ / లపన్,नपन / लपन,Banjara_english.docx
butcher,kater / khatik,v. / n.,/kāter/ /khatik/,కాతేర్ / ఖతిక్,कातेर / खतिक,Banjara_english.docx
butter,nuni,n.,/nūņi/,నూణి,नूणि,Banjara_english.docx
buttocks,pund,n.,/pūnd/,పూండ్,पून्ड,Banjara_english.docx
by the side of,sam,n.,/sām/,సామ్,साम,Banjara_english.docx
by threatening,camkan,v.,/camkan/,చమ్కన్,चम्कन,Banjara_english.docx
bygone,bujargojako,n.,/bujargojako/,బుజర్గొజకో,बुजर्गोजको,Banjara_english.docx
cabbage,kyabeji,n.,/kyābēji/,క్యాబేజి,क्याबेजि,Banjara_english.docx
cabin,almar,n.,/almar/,అల్మార్,अल्मार,Banjara_english.docx
calf,kelda,n.,/kēldā/,కేల్దా,केल्दा,Banjara_english.docx
call,pakar / bala / hankmar,n. / v.,/pakār/ /balā/ /hänkmär/,పకార్ / బలా / హాంక్మార్,पकार / बला / हांकमार,Banjara_english.docx
calm,samjam,n.,/samjam/,సమ్జమ్,समजम,Banjara_english.docx
camel,huntadi,n.,/huntadi/,హున్తది,हुन्तदि,Banjara_english.docx
can be given,devasu,v.,/dēvāsu/,దేవాసు,देवासु,Banjara_english.docx
can get it,layesaru,v.,/lāyesāru/,లాయేసారు,लायेसारु,Banjara_english.docx
canal,kalva,n.,/kālvä/,కాల్వ,काल्वा,Banjara_english.docx
cancel,khulanak,v.,/khulānāk/,ఖులానాక్,खुलानाक,Banjara_english.docx
cancellation,rad,n.,/rad/,రాద్,राद,Banjara_english.docx
candle,myaner diyo,n.,/myānēr diyo/,మ్యానేర్ దియో,म्यानेर दियो,Banjara_english.docx
cantankerous,kalenki,n.,/kaleńki/,కలేంకి,कलेंकि,Banjara_english.docx
capability,ayisat,n.,/ayisat/,అయిసత్,अयिसत,Banjara_english.docx
care,atkaleti,n.,/atkaļēti/,అత్కళేతి,अतकळेति,Banjara_english.docx
carefully,dhilo,adv.,/dhilo/,ధిలో,धिलो,Banjara_english.docx
carelessly,bagar atkaleti,adv.,/bagar atkaļēti/,బగర్ అత్కళేతి,बगर अतकळेति,Banjara_english.docx
carpenter,khatti,n.,/khatti/,ఖత్తి,खत्ति,Banjara_english.docx
carpenter's adze,barsa,n.,/barsa/,బర్స,बरसा,Banjara_english.docx
carriage,dhang,n.,/dhang/,ధంగ్,धंग,Banjara_english.docx
carve,chol,v.,/chōl/,ఛోల్,छोल,Banjara_english.docx
case,karan,n.,/kāran/,కారన్,कारन,Banjara_english.docx
cash,nagad,n.,/nagad/,నగద్,नगद,Banjara_english.docx
cashew nut tree,bhalamar jhad,n.,/bhalāmār jhād/,భలామార్ ఝాడ్,भलामार झाड,Banjara_english.docx
caste,kalal / jat,n.,/kaļāl/ /jat/,కళాల్ / జాత్,कळाल / जात,Banjara_english.docx
cat,bissi,n.,/bissi/,బిస్సి,बिस्सि,Banjara_english.docx
catch,pakad,n.,/pakad/,పకడ్,पकड,Banjara_english.docx
caution,vakat,n.,/vakat/,వకత్,वकत,Banjara_english.docx
cavity,khobo,n.,/khobo/,ఖోబో,खोबो,Banjara_english.docx
cease,chod,v.,/chod/,ఛోద్,छोद,Banjara_english.docx
cemetery,masan,n.,/masan/,మసాన్,मसान,Banjara_english.docx
centipede,jog,n.,/jog/,జోగ్,जोग,Banjara_english.docx
chafe,ag bukari,v.,/āg būkari/,ఆగ్ బూకరి,आग बकरि,Banjara_english.docx
chaff,baldi,n.,/bāldi/,బాల్ది,बाल्दि,Banjara_english.docx
chain,sankad / har,n.,/sankad/ /har/,సంకడ్ / హార్,संकड / हार,Banjara_english.docx
chair,kurci,n.,/kurci/,కుర్చి,कुर्चि,Banjara_english.docx
chameleon,dakno ghodo,n.,/dākno ghodo/,దాక్నో ఘోడో,दाक्नो घोडो,Banjara_english.docx
chance,adan / dekan,n.,/adan/ /dēkan/,అదన్ / దేకన్,अदन / देकन,Banjara_english.docx
chant,bolero,v.,/bolero/,బోలేరో,बोलेरो,Banjara_english.docx
character,ank / gon / nisani,n.,/ānk/ /gon/ /niśāni/,ఆంక్ / గోన్ / నిశాని,आंक / गोन / निशानि,Banjara_english.docx
characters,gon,n.,/gon/,గోన్,गोन,Banjara_english.docx
charm,mantar mar,v.,/mantar mär/,మంతర్ మార్,मंतर मार,Banjara_english.docx
charming,accodikavajako,adj.,/āccodikāvajako/,ఆచ్చోదికావజకో,आच्चोदिकावजको,Banjara_english.docx
charmingly,ladeti,adv.,/lādēti/,లాదేతి,लादेति,Banjara_english.docx
chase,bhadkayer,v.,/bhadkayer/,భద్కాయేర్,भदकायेर,Banjara_english.docx
chase by running,dapat,v.,/dapat/,దపత్,दपत,Banjara_english.docx
cheated,dhokapadago,adj.,/dhōkapadago/,ధోకపదగో,धोकपदागो,Banjara_english.docx
check,khvale,n.,/khvālē/,ఖ్వాలే,ख्वाले,Banjara_english.docx
check out,dekero,v.,/dekero/,దేకేరో,देकेरो,Banjara_english.docx
checking attendance,ayeju dek,n.,/āyēju dēk/,ఆయేజు దేక్,आयेजु देक,Banjara_english.docx
cheese,bali,n.,/bali/,బలి,बलि,Banjara_english.docx
chest,chamtti / hik,n.,/chamtti/ /hik/,ఛమ్త్తి / హిక్,छमत्ति / हिक,Banjara_english.docx
chickpea,cengya,n.,/cengya/,చెంగ్య,चेंग्या,Banjara_english.docx
childbirth,pide,n.,/pide/,పిదే,पिदे,Banjara_english.docx
children,chucapar,n.,/chucāpar/,ఛుచాపర్,छुचापर,Banjara_english.docx
chilly,marca,adj.,/marca/,మర్చ,मर्चा,Banjara_english.docx
chimera,thalo / nakam,n.,/thālo/ /nakām/,థాలో / నకామ్,थालो / नकाम,Banjara_english.docx
chimney,dhuyero bongu,n.,/dhūyēro bońgu/,ధూయేరో బొంగు,धूयेरो बोङ्गु,Banjara_english.docx
chip,tokda / ped,n.,/tokdā/ /ped/,తోక్దా / పేడ్,तोक्दा / पेड,Banjara_english.docx
chisel,uli,n.,/uli/,ఉలి,उलि,Banjara_english.docx
choice,cunler,n.,/cunler/,చున్లేర్,चुन्लेर,Banjara_english.docx
chop,phar,v.,/phar/,ఫర్,फर,Banjara_english.docx
chops,chirero,n.,/chīrēro/,ఛీరేరో,छीरेरो,Banjara_english.docx
chronicle,penar / pyanar,n.,/penar/ /pyānār/,పేనార్ / ప్యానార్,पेनार / प्यानार,Banjara_english.docx
chutney,acar / khvadi,n.,/acar/ /khvādi/,అచార్ / ఖ్వాది,अचार / ख्वादि,Banjara_english.docx
cinder,ludi,n.,/lüdi/,లూది,लूदि,Banjara_english.docx
cinema,silma,n.,/silmā/,సిల్మా,सिल्मा,Banjara_english.docx
circling,vintro / vint,n.,/vintro/ /vint/,వింత్రో / వింత్,विन्त्रो / विन्त,Banjara_english.docx
circular; rounded; spherical,gholosan,adj.,/ghōlōsān/,ఘోలోసాన్,घोलोसान,Banjara_english.docx
cistern,dabbo,n.,/dabbo/,దబ్బో,दब्बो,Banjara_english.docx
city,gam / sar,n.,/gām/ /sar/,గామ్ / సర్,गाम / सर,Banjara_english.docx
claim,pisabhand,v.,/pīsabhānd/,పీసభాంఢ్,पीसभान्ड,Banjara_english.docx
clan,pada,n.,/pādā/,పాదా,पादा,Banjara_english.docx
class,taragat,n.,/taragat/,తరగత్,तरगत,Banjara_english.docx
classifications,talnaker,n.,/tālnākēr/,తాల్నాకేర్,ताल्नाकेर,Banjara_english.docx
clay,malerdhud,n.,/mālērdhūd/,మాలేర్ధూద్,मालेर्धूद,Banjara_english.docx
clean,saphkarer,v.,/sāphkarer/,సాఫ్కరేర్,साफकरेर,Banjara_english.docx
cleanliness,catrayi,n.,/catrāyi/,చత్రాయి,चत्रायि,Banjara_english.docx
clearly,kubac,adv.,/kubāc/,కుబాచ్,कुबाच,Banjara_english.docx
clerk,gumasta,n.,/gumasta/,గుమస్త,गुमस्त,Banjara_english.docx
clever,calaki,adj.,/calāki/,చలాకి,चलाकि,Banjara_english.docx
climate,vatavaranam,n.,/vātāvaranam/,వాతావరణమ్,वातावरणम,Banjara_english.docx
climb,camd / cand,v.,/camd/ /cand/,చంద్ / చంద్,चन्द / चन्द,Banjara_english.docx
close,dhamyi,adj.,/dhamyi/,ధమ్యి,धम्यि,Banjara_english.docx
cloth worn around waist,dhoti,n.,/dhoti/,ధోతీ,धोती,Banjara_english.docx
cloths,latokda,n.,/latokdā/,లతోక్దా,लतोक्दा,Banjara_english.docx
cloud,vajal,n.,/vājal/,వాజల్,वाजल,Banjara_english.docx
cloud of dust,angolo,n.,/angolo/,అంగోలో,अंगोलो,Banjara_english.docx
clout,kocoti,n.,/kocōti/,కోచోతి,कोचोति,Banjara_english.docx
cloves,lung,n.,/lung/,లుంగ్,लुंग,Banjara_english.docx
coarse brown sugar,gol,n.,/gōl/,గోల్,गोल,Banjara_english.docx
cock,kukdo,n.,/kukdo/,కుక్దో,कुक्दो,Banjara_english.docx
cockroach,kosari,n.,/kośari/,కోశరి,कोशरि,Banjara_english.docx
cock's crow,bangro,n.,/bangro/,బంగ్రో,बंग्रो,Banjara_english.docx
coconut,naral,n.,/nāral/,నారల్,नारल,Banjara_english.docx
cold,si / silo,n.,/si/ /silo/,సి / సిలో,सि / सिलो,Banjara_english.docx
collapsed,kulgo,adj.,/kūlgō/,కూల్గో,कूल्गो,Banjara_english.docx
collect,vasul karer,v.,/vasul karer/,వసుల్ కరేర్,वसुल करेर,Banjara_english.docx
collection,bhelibhelayo,n.,/bhelībhēlāyo/,భేలీభేలాయో,भेलीभेलायो,Banjara_english.docx
comb,kangsi / va,n. / v.,/kāngsi/ /vā/,కాంగ్సి / వా,कांग्सि / वा,Banjara_english.docx
combine,golavo / dhan,v.,/goļāvo/ /dhān/,గోళావో / ధాన్,गोळावो / धान,Banjara_english.docx
combing,vayero,n.,/vāyērō/,వాయేరో,वायेरो,Banjara_english.docx
come,arocum / avo,v.,/ārōcum/ /āvō/,ఆరోచుమ్ / ఆవో,आरोचुम / आवो,Banjara_english.docx
come and get,layojako,v.,/lāyōjako/,లాయోజకో,लायोजको,Banjara_english.docx
coming,ari / arocum,n.,/ari/ /ārōcum/,అరి / ఆరోచుమ్,अरि / आरोचुम,Banjara_english.docx
command,kero / hukum,n.,/kērō/ /hukum/,కేరో / హుకుమ్,केरो / हुकुम,Banjara_english.docx
common; general,sadasida,adv.,/sādasida/,సాదసిద,सादसिदा,Banjara_english.docx
community,jan,n.,/jan/,జ్నన్,जन,Banjara_english.docx
companion,pyaro,n.,/pyaro/,ప్యారో,प्यारो,Banjara_english.docx
compare,pharak,v.,/pharak/,ఫరక్,फरक,Banjara_english.docx
compensation,phitge,n.,/phitge/,ఫిత్గే,फितगे,Banjara_english.docx
competition,hapte / hod,n.,/hapte/ /hōd/,హప్తే / హోద్,हप्ते / होद,Banjara_english.docx
complaint,pakarer,n.,/pakārēr/,పకారేర్,पकारेर,Banjara_english.docx
complete,khutad,adj.,/khutad/,ఖుతద్,खुतद,Banjara_english.docx
compliant,pakarer,adj.,/pakārēr/,పకారేర్,पकारेर,Banjara_english.docx
compose,jodero,v.,/jōdēro/,జోదేరో,जोदेरो,Banjara_english.docx
comprise,tarema bhellam,v.,/tārēmā bhellam/,తారేమా భెల్లమ్,तारेमा भेल्लम,Banjara_english.docx
compulsion,jorbar ti,n.,/jōrbar ti/,జోర్బర్ తి,जोरबर ति,Banjara_english.docx
compulsory,kumyiti / nam tapamju,adj.,/kūmyiti/ /nam tapamju/,కూమ్యితి / నమ్ తపమ్జు,कूम्यिति / नम तपमजु,Banjara_english.docx
conception,bangla,n.,/bangla/,బంగ్ల,बङ्गला,Banjara_english.docx
conciliate,kama,v.,/kama/,కమ,कम,Banjara_english.docx
condition,tarika,n.,/tarika/,తరిక,तरिका,Banjara_english.docx
conducts,thakul,n.,/thakul/,థకుల్,थकुल,Banjara_english.docx
confidence,bharosa,n.,/bharosa/,భరోస,भरोसा,Banjara_english.docx
confirm,katto kar,v.,/kāttō kar/,కాత్తో కర్,कात्तो कर,Banjara_english.docx
conglomerate,tariyayo,n.,/tariyāyō/,తరియాయో,तरियायो,Banjara_english.docx
connection,nato,n.,/nāto/,నాతో,नातो,Banjara_english.docx
connects,kalap / bhele,n.,/kalap/ /bhēlē/,కలప్ / భేలే,कलप / भेले,Banjara_english.docx
conscious,soy,adj.,/sōy/,సోయ్,सोय,Banjara_english.docx
consciousness,bhuli / malanvegi,n.,/bhuli/ /mālanvēgi/,భులి / మాలన్వేగి,भुलि / मालन्वेगि,Banjara_english.docx
console,samjam,v.,/samjam/,సమ్జామ్,समजाम,Banjara_english.docx
consolidate,ekkarer,v.,/ekkarer/,ఎక్కరేర్,एक्करेर,Banjara_english.docx
constituted,mandejako,adj.,/mandejakō/,మందేజకో,मन्देजको,Banjara_english.docx
consult,bhalge,v.,/bhalge/,భల్గే,भलगे,Banjara_english.docx
contact,bhalge,n.,/bhalge/,భల్గే,भलगे,Banjara_english.docx
contend,lad,v.,/lad/,లద్,लद,Banjara_english.docx
continent,khand,n.,/khand/,ఖండ్,खण्ड,Banjara_english.docx
continue,vamjako,v.,/vamjakō/,వమ్జకో,वमजको,Banjara_english.docx
control,thamad,v.,/thamād/,థమాద్,थमाद,Banjara_english.docx
convenient,vajako,adj.,/vajako/,వజకో,वजको,Banjara_english.docx
conversion,badalayer,n.,/badalāyēr/,బదలాయేర్,बदलायेर,Banjara_english.docx
converting,badalayer,n.,/badalāyer/,బదలాయేర్,बदलायेर,Banjara_english.docx
cooking oil,mitotel,n.,/mitotel/,మితోతేల్,मितोतेल,Banjara_english.docx
cool,ola,v.,/ola/,ఓల,ओला,Banjara_english.docx
cooling,salva,n.,/salvā/,సల్వా,सल्वा,Banjara_english.docx
coriander leaf,dhaniyar pan,n.,/dhanīyār pān/,ధనీయార్ పాన్,धनीयार पान,Banjara_english.docx
corner,konora,n.,/konorā/,కోనోరా,कोनोरा,Banjara_english.docx
corpse,pinga,n.,/pinga/,పింగ,पिंगा,Banjara_english.docx
correct,sayakar,v.,/sāyākar/,సాయాకర్,सायाकर,Banjara_english.docx
correcting,sadar,n.,/sadar/,సదర్,सदर,Banjara_english.docx
corrode,khalam,v.,/khālam/,ఖాలమ్,खालम,Banjara_english.docx
cot,palang,n.,/palang/,పలంగ్,पलंग,Banjara_english.docx
cotton,rum,n.,/rum/,రుమ్,रुम,Banjara_english.docx
cough,khamsi,n.,/khamsi/,ఖమ్సి,खम्सि,Banjara_english.docx
counsel,dhang,n.,/dhang/,ధంగ్,धंग,Banjara_english.docx
count,ganti / lekkokar,v.,/ganti/ /lekkokar/,గంతి / లెక్కోకర్,गन्ति / लेक्कोकर,Banjara_english.docx
course,cal,n.,/cal/,చల్,चल,Banjara_english.docx
court,nyayasthan,n.,/nyāyasthān/,న్యాయస్థాన్,न्यायस्थान,Banjara_english.docx
cover,dhankni / bhucno / bhujno,n.,/dhānkni/ /bhūcno/ /bhūjno/,ధాంక్ని / భూచ్నో / భూజ్నో,धान्क्नि / भूच्नो / भूज्नो,Banjara_english.docx
covered,buran cham jako,adj.,/būran cham jakō/,బూరన్ ఛమ్ జకో,बूरन छम जको,Banjara_english.docx
cow,gavdi,n.,/gāvdi/,గావ్ది,गाव्दि,Banjara_english.docx
crab,kyankdo,n.,/kyänkdo/,క్యాంక్దో,क्याङ्क्दो,Banjara_english.docx
crack,phut ja / phod / motoso,n. / v. / adj.,/phūt jā/ /phod/ /mōtōso/,ఫూట్ జా / ఫోడ్ / మోతోసో,फूट जा / फोड / मोतोसो,Banjara_english.docx
cracks,cirra,n.,/cirra/,చిర్ర,चिर्र,Banjara_english.docx
cradle,hindodo,n.,/hindodo/,హిన్దోదో,हिन्दोदो,Banjara_english.docx
crawl,godiyavu cal,v.,/godiyāvu cal/,గోదియావు చల్,गोदियावु चल,Banjara_english.docx
cream,thari,n.,/thari/,థరి,थरि,Banjara_english.docx
create,bana,v.,/bana/,బన,बना,Banjara_english.docx
creation,putka / pedakarer,n.,/putka/ /pedakarēr/,పుత్క / పెదకరేర్,पुत्का / पेदकरेर,Banjara_english.docx
creature which eats snakes,mungesa,n.,/mungesa/,ముంగేస,मुंगेसा,Banjara_english.docx
credit,nammman,n.,/nammman/,నమ్మన్,नम्मन,Banjara_english.docx
creeper,vel,n.,/vel/,వేల్,वेल,Banjara_english.docx
creeping,godiyam caler,n.,/godiyām cālēr/,గోదియామ్ చాలేర్,गोदियाम चालेर,Banjara_english.docx
creepy,sarker,adj.,/sarker/,సర్కేర్,सर्केर,Banjara_english.docx
crimson,lalocatak,n.,/lālocatak/,లాలోచతక్,लालोचतक,Banjara_english.docx
cripple,tunto,adj.,/tunto/,తుంతో,तुन्तो,Banjara_english.docx
crocodile,mangar,n.,/mangar/,మంగర్,मंगर,Banjara_english.docx
crore,karod,n.,/karod/,కరోడ్,करोड,Banjara_english.docx
cross roads,advat,n.,/advat/,అద్వాత్,अद्वात,Banjara_english.docx
crossing,lang,n.,/lang/,లాంగ్,लांग,Banjara_english.docx
crow,kakla,n.,/kākla/,కాక్ల,काक्ला,Banjara_english.docx
crowbar,gaddapara,n.,/gaddapāra/,గద్దపార,गद्दपारा,Banjara_english.docx
crowd,jhund / malav / san,n.,/jhund/ /malāv/ /san/,ఝుండ్ / మలావ్ / సన్,झुन्ड / मलाव / सन,Banjara_english.docx
cruel,papi,adj.,/papi/,పాపి,पापि,Banjara_english.docx
crush,curokar,v.,/curokar/,చురోకర్,चुरोकर,Banjara_english.docx
crutch,phankaval lakdi,n.,/phānkāvāļ lakdi/,ఫాంకావాళ్ లాక్ది,फाङ्कावाळ लाकदि,Banjara_english.docx
crying,ro,n.,/ro/,రో,रो,Banjara_english.docx
cuckoo,kobal,n.,/kōbal/,కోబల్,कोबल,Banjara_english.docx
cucumber,kakdi,n.,/kākdi/,కాక్ది,काक्दि,Banjara_english.docx
cue,nisani,n.,/niśāni/,నిశాని,निशानि,Banjara_english.docx
cuffs,golcu,n.,/golcu/,గోల్చు,गोल्चु,Banjara_english.docx
culprit,cor,n.,/cor/,చోర్,चोर,Banjara_english.docx
cultivated,pacayer,adj.,/pacayer/,పచాయేర్,पचायेर,Banjara_english.docx
culture,tij,n.,/tīj/,తీజ్,तीज,Banjara_english.docx
cumin,jiro,n.,/jirō/,జీరో,जीरो,Banjara_english.docx
cunning,kiladi / vatkarya,n.,/kilādi/ /vatkārya/,కిలాది / వత్కార్య,किलादि / वत्कार्या,Banjara_english.docx
cunning fox,thagevalo salya,n.,/thagevālo sālyā/,థగేవాలో సాల్యా,थगेवालो साल्या,Banjara_english.docx
curry,nongvan,n.,/nongvan/,నోంగ్వన్,नोङ्ग्वन,Banjara_english.docx
curse,sarap,v.,/sarāp/,సరాప్,सराप,Banjara_english.docx
custard apple,sitaphal,n.,/sītāphal/,సీతాఫల్,सीताफल,Banjara_english.docx
custom,idti,n.,/idti/,ఇద్తి,इदति,Banjara_english.docx
cut,kater / kotar,v.,/kātēr/ /kotar/,కాతేర్ / కోతర్,कातेर / कोतर,Banjara_english.docx
cut one,katago,n.,/kațāgo/,కతాగో,कतागो,Banjara_english.docx
cutter with base,kattu,n.,/kattu/,కత్తు,कत्तु,Banjara_english.docx
cycle,saikil,n.,/saikil/,సైకిల్,सैकिल,Banjara_english.docx
dab,kval,n.,/kvāl/,క్వాల్,क्वाल,Banjara_english.docx
dad's younger brother,kaka,n.,/kāka/,కాక,काका,Banjara_english.docx
damage,kula / bigadayer,v. / n.,/kulā/ /bigadāyēr/,కులా / బిగదాయేర్,कुला / बिगदायेर,Banjara_english.docx
damp soil,bhino rer,n.,/bhino rer/,భినో రేర్,भिनो रेर,Banjara_english.docx
dance,nacer / nac,n.,/nācēr/ /nāc/,నాచేర్ / నాచ్,नाचेर / नाच,Banjara_english.docx
dancing,nac,n.,/nac/,నాచ్,नाच,Banjara_english.docx
danger,apti / cot,n.,/apti/ /cot/,ఆప్తి / చోట్,आप्ति / चोट,Banjara_english.docx
danger; accident; casualty,khatra,n.,/khatra/,ఖత్రా,खत्रा,Banjara_english.docx
darkness,andaro,n.,/andāro/,అందారో,अन्दारो,Banjara_english.docx
darling,pyari,adj.,/pyāri/,ప్యారి,प्यारि,Banjara_english.docx
dart,tir,n.,/tir/,తీర్,तीर,Banjara_english.docx
dash,dharas,v.,/dharas/,ధరస్,धरस,Banjara_english.docx
dash; souse,danke,adv.,/danke/,దంకే,दंके,Banjara_english.docx
date,khajjura / tarik,n.,/khajjurā/ /tārik/,ఖజ్జురా / తారిక్,खज्जुरा / तारिक,Banjara_english.docx
daub,copad / limp,v.,/copad/ /limp/,చోపద్ / లింప్,चोपद / लिम्प,Banjara_english.docx
daughter,beti,n.,/bēti/,బేటి,बेटि,Banjara_english.docx
daughter who lost her husband,randagijako beti,n.,/randāgijako bēți/,రండాగిజకో బేటి,रन्डागिजको बेटि,Banjara_english.docx
dawn,parbati / savaro,n.,/parbāti/ /savāro/,పర్బాతి / సవారో,पर्बाति / सवारो,Banjara_english.docx
day,dadi / dado / dimyom,n.,/dadi/ /dado/ /dimyōm/,దది / దదో / దిమ్యోమ్,ददि / ददो / दिम्योम,Banjara_english.docx
daylight,diyom,n.,/diyōm/,దియోమ్,दियोम,Banjara_english.docx
daylight; sunlight,jot,n.,/jōt/,జోట్,जोट,Banjara_english.docx
deafness,byaro,n.,/byāro/,బ్యారో,ब्यारो,Banjara_english.docx
death,margo,n.,/margo/,మర్గో,मर्गो,Banjara_english.docx
debilitate,vangdero koni,v.,/vangdero kōni/,వంగ్దేరో కోని,वंग्देरो कोनि,Banjara_english.docx
decayed state,padavpadgi,n.,/padāvpadgi/,పదావ్పద్గి,पदाव्पद्गि,Banjara_english.docx
decent,ac / varuj,adj.,/āc/ /vāruj/,ఆచ్ / వారుజ్,आच / वारुज,Banjara_english.docx
decision,keler,n.,/keler/,కేలేర్,केलेर,Banjara_english.docx
declining,budtojaro,n.,/budtōjārō/,బుద్తోజారో,बुद्तोजारो,Banjara_english.docx
decoration,sodar,n.,/sodar/,సోదర్,सोदर,Banjara_english.docx
deep,undo,adj.,/undo/,ఉందో,उन्दो,Banjara_english.docx
deep sleep,gyari nind,n.,/gyari nind/,గ్యారి నింద్,ग्यारि निन्द,Banjara_english.docx
deer,citili,n.,/citili/,చితిలి,चितिलि,Banjara_english.docx
defeat,hargo,n.,/hārgo/,హార్గో,हारगो,Banjara_english.docx
defer,thamad,v.,/thamad/,థమాద్,थमाद,Banjara_english.docx
deficiency,khod / khot,n.,/khod/ /khot/,ఖోద్ / ఖోత్,खोद / खोत,Banjara_english.docx
deficiency; deficit,kalo,n.,/kālō/,కాలో,कालो,Banjara_english.docx
deficient,banabaro,adj.,/banābaro/,బనాబరో,बनाबरो,Banjara_english.docx
degenerate,banagatero,n.,/banāgatero/,బనాగతేరో,बनागतेरो,Banjara_english.docx
delay,dhilo,n.,/dhilo/,ధిలో,धिलो,Banjara_english.docx
deliver,janer / der,v.,/janer/ /der/,జనేర్ / దేర్,जनेर / देर,Banjara_english.docx
deluge,dubadnak,v.,/dubadnak/,దుబాద్నాక్,दुबादनाक,Banjara_english.docx
democratic party,prajasvamya parti,n.,/prajāsvāmya pārți/,ప్రజాస్వామ్య పార్టీ,प्रजास्वाम्या पार्टि,Banjara_english.docx
demolish,kula / patak dam,v.,/kulā/ /patak dam/,కులా / పతక్ దమ్,कुला / पतक दम,Banjara_english.docx
demonstrate,puropad,v.,/puropād/,పురోపాద్,पुरोपाद,Banjara_english.docx
dense,gyarogac,adj.,/gyārogac/,గ్యారోగచ్,ग्यारोगच,Banjara_english.docx
departure,calejayer,n.,/calejāyēr/,చలేజాయేర్,चलेजायेर,Banjara_english.docx
depending,abadirer,n.,/abadirer/,అబదిరేర్,अबदिरेर,Banjara_english.docx
derivation,huyer,n.,/hūyer/,హూయేర్,हूयेर,Banjara_english.docx
descend,hutar,v.,/hutar/,హుతార్,हुतार,Banjara_english.docx
descendant,vel,n.,/vel/,వేల్,वेल,Banjara_english.docx
describe,kholan kam,v.,/khōlan kam/,ఖోలన్ కమ్,खोलन कम,Banjara_english.docx
deteriorate,navasgo,v.,/navasgo/,నవస్గో,नवसगो,Banjara_english.docx
devastate,bigadayer,v.,/bigadāyer/,బిగదాయేర్,बिगदायेर,Banjara_english.docx
devilish,papi,adj.,/papi/,పాపి,पापि,Banjara_english.docx
dew,bharap,n.,/bharap/,భరప్,भरप,Banjara_english.docx
did not go,gokoni,v.,/gōkoni/,గోకోని,गोकोनि,Banjara_english.docx
died,muyo / samagojako,v.,/mūyō/ /samāgojako/,మూయో / సమాగోజకో,मूयो / समागोजको,Banjara_english.docx
difference,pharak / bhed,n.,/pharak/ /bhed/,ఫరక్ / భేద్,फरक / भेद,Banjara_english.docx
difficulty,kastati,n.,/kaśtāti/,కశ్తాతి,कश्ताति,Banjara_english.docx
dig,khod,v.,/khōd/,ఖోద్,खोद,Banjara_english.docx
digestion,galero,n.,/galērō/,గలేరో,गलेरो,Banjara_english.docx
dirty,myal,adj.,/myal/,మ్యాల్,म्याल,Banjara_english.docx
dirty hand,melalo hat,n.,/melālō hat/,మేలాలో హాత్,मेलालो हात,Banjara_english.docx
dirty water,gadlo pani,n.,/gadļo pāņi/,గద్ళో పాణి,गदळो पाणि,Banjara_english.docx
disability,tunto / vangdeni,n.,/tunto/ /vangdeni/,తుంతో / వంగ్దేని,तुन्तो / वंग्देनि,Banjara_english.docx
disarrange,bhelbhal,v.,/bhelbhāl/,భేల్భాల్,भेलभाल,Banjara_english.docx
discern,dhund,v.,/dhund/,ధుండ్,धुन्ड,Banjara_english.docx
disciple,cela,n.,/cela/,చేల,चेला,Banjara_english.docx
discipline,dhangeti / tarikati reno,n.,/dhangēti/ /tarikātirēnō/,ధంగేతి / తరికాతిరేనో,धंगेति / तरिकातिरेनो,Banjara_english.docx
disclose,kero / bar ker,v.,/kērō/ /bār kēr/,కేరో / బార్ కేర్,केरो / बार केर,Banjara_english.docx
discord,vatlo,v.,/vatlo/,వత్లో,वत्लो,Banjara_english.docx
disease,dok / bimari / rog,n.,/dok/ /bimāri/ /rōg/,దోక్ / బిమారి / రోగ్,दोक / बिमारि / रोग,Banjara_english.docx
diseased,dok,adj.,/dok/,దోక్,दोक,Banjara_english.docx
disgusting,balla dhangero,adj.,/ballā dhangēro/,బల్లా ధంగేరో,बल्ला धंगेरो,Banjara_english.docx
dish,rander,n.,/rander/,రందేర్,रन्देर,Banjara_english.docx
dishonesty,be imani,n.,/be imani/,బే ఇమాని,बे इमानि,Banjara_english.docx
dismantle,khulanak,v.,/khulānāk/,ఖులానాక్,खुलानाक,Banjara_english.docx
dispassionate,bagar kapater,adj.,/bagar kapatēr/,బగర్ కపతేర్,बगर कपतेर,Banjara_english.docx
dispel,kho go,v.,/khō gō/,ఖో గో,खो गो,Banjara_english.docx
disperse,bhadkayer,v.,/bhadkayer/,భద్కాయేర్,भदकायेर,Banjara_english.docx
dispose,baga,v.,/bagā/,బగా,बगा,Banjara_english.docx
disrespectful,bana maladero,adj.,/banā malādēro/,బనా మలాదేరో,बना मलादेरो,Banjara_english.docx
dissuade,pher,v.,/pher/,ఫేర్,फेर,Banjara_english.docx
distance,cheti / dur,n.,/cheti/ /dur/,ఛేతి / దూర్,छेति / दूर,Banjara_english.docx
distribute,vyant,v.,/vyänt/,వ్యాంత్,व्यान्त,Banjara_english.docx
distribution,demeler,n.,/demeler/,దేమేలేర్,देमेलेर,Banjara_english.docx
distrust,guman,n.,/gumān/,గుమాన్,गुमान,Banjara_english.docx
disturbance,chint chant,n.,/chint chant/,చింట్ ఛాంట్,चिन्ट छान्त,Banjara_english.docx
disunited,divadi karnakejako,adj.,/dīvadi karnākejakō/,దీవది కర్నాకేజకో,दीवदि कर्नाकेजको,Banjara_english.docx
divorce,mamlotodero,n.,/māmlotōdēro/,మామ్లోతోదేరో,माम्लोतोदेरो,Banjara_english.docx
divorced person,chodichado,n.,/chodichado/,ఛోదిచాదో,छोदिचादो,Banjara_english.docx
do,kar,v.,/kar/,కర్,कर,Banjara_english.docx
do jumble,attar pattar kar,v.,/attar pattar kar/,అత్తర్ పత్తర్ కర్,अत्तर पत्तर कर,Banjara_english.docx
do the damage,kharap,v.,/kharap/,ఖరాప్,खराप,Banjara_english.docx
doctrine,jat,n.,/jat/,జాత్,जात,Banjara_english.docx
dog,kotra,n.,/kotra/,కోట్ర,कोट्रा,Banjara_english.docx
donkey,gaddi,n.,/gaddi/,గద్ది,गद्दि,Banjara_english.docx
donor,devalo,pron.,/devālō/,దేవాలో,देवालो,Banjara_english.docx
don't end,purokarmat,v.,/purokarmat/,పురోకర్మత్,पुरोकरमत,Banjara_english.docx
door,kavadi,n.,/kavādi/,కవాది,कवादि,Banjara_english.docx
doorbell,kasapti,n.,/kasāpti/,కసాప్తి,कसाप्ति,Banjara_english.docx
doorway,kadpa,n.,/kadpa/,కడ్ప,कडपा,Banjara_english.docx
douse,ola,v.,/olā/,ఓల,ओला,Banjara_english.docx
downfall,budgo,n.,/būdgo/,బూద్గో,बूद्गो,Banjara_english.docx
drama,natak,n.,/nātak/,నాటక్,नाटक,Banjara_english.docx
draw,khana / gis,v.,/khānā/ /gis/,ఖానా / గిస్,खाना / गिस,Banjara_english.docx
dream,sapano,n.,/sapano/,సపనో,सपनो,Banjara_english.docx
dreary,randima cham,adj.,/randīmā cham/,రందీమా ఛమ్,रन्दीमा छम,Banjara_english.docx
drench,gal,v.,/gal/,గల్,गल,Banjara_english.docx
dried,pharkaro / suko / suk,adj.,/pharkaro/ /sūko/ /suk/,ఫర్కరో / సూకో / సుక్,फरकरो / सूको / सुक,Banjara_english.docx
dried big round tablets made of bull shit,chana,n.,/chana/,ఛన,छना,Banjara_english.docx
dried in sunlight,tadkema sukan,adj.,/tadkēmā sukān/,తద్కేమా సుకాన్,तदकेमा सुकान,Banjara_english.docx
drift,jorti,n.,/jorti/,జోర్తి,जोर्ति,Banjara_english.docx
drill,barma,n.,/barma/,బర్మ,बर्मा,Banjara_english.docx
drink,pi,v.,/pi/,పి,पि,Banjara_english.docx
drive,chaila / hankal,v.,/chaila/ /hankāl/,ఛైల / హంకాల్,छैला / हंकाल,Banjara_english.docx
drooping eyelids,mote bhammra,n.,/mōtē bhammrā/,మోతే భమ్మ్రా,मोते भम्म्रा,Banjara_english.docx
drop,chant / choddero / padedam,n. / v.,/chant/ /choddero/ /padēdam/,ఛాంట్ / ఛోద్దేరో / పదేదమ్,छान्त / छोद्देरो / पदेदम,Banjara_english.docx
droppings,gobar,n.,/gōbar/,గోబర్,गोबर,Banjara_english.docx
drowned,dubgi,adj.,/dubgi/,దుబ్గి,दुब्गि,Banjara_english.docx
drum,nangara,n.,/nangārā/,నంగారా,नंगारा,Banjara_english.docx
dry,tavdomarro,v.,/tāvdōmārro/,తావ్దోమార్రో,ताव्दोमार्रो,Banjara_english.docx
dry under sun,sukayer,v.,/sūkāyēr/,సూకాయేర్,सूकायेर,Banjara_english.docx
dual,jodi,adj.,/jodi/,జోది,जोदि,Banjara_english.docx
duck,batak,n.,/batak/,బతక్,बतक,Banjara_english.docx
dumb person,yando manikya,n.,/yāndo manikyā/,యాందో మనిఖ్యా,यान्दो मनिक्या,Banjara_english.docx
dump,unda / thala,v.,/unda/ /thala/,ఉండ / తల,उन्दा / थला,Banjara_english.docx
duration,gettu,n.,/gettu/,గెత్తు,गेत्तु,Banjara_english.docx
dust,angolo / dummu,n.,/angolo/ /dummu/,అంగోలో / దుమ్ము,अंगोलो / दुम्मु,Banjara_english.docx
dust heap,vokaldi,n.,/vokaldi/,వోకల్ది,वोकल्दि,Banjara_english.docx
dusting,jhad kar,n.,/jhad kar/,ఝాడ్ కర్,झाड कर,Banjara_english.docx
dwarf,podga,n.,/podgā/,పోద్గా,पोद्गा,Banjara_english.docx
dye,chopdero,n.,/chopdero/,ఛోప్దేరో,छोप्देरो,Banjara_english.docx
dying,margo,v.,/margo/,మర్గో,मर्गो,Banjara_english.docx
dysentery,percaler,n.,/percaler/,పేర్చలేర్,पेर्चलेर,Banjara_english.docx
each,ekek,pron.,/ēkēk/,ఏకేక్,एकेक,Banjara_english.docx
eagle,sakra / sameli,n.,/sakra/ /samēli/,సక్ర / సమేలి,सक्र / समेलि,Banjara_english.docx
ear,kan,n.,/kān/,కాన్,कान,Banjara_english.docx
ear hole,kaner vej,n.,/kānēr vēj/,కానేర్ వేజ్,कानेर वेज,Banjara_english.docx
eardrum,gubli,n.,/gubli/,గుబ్లి,गुब्लि,Banjara_english.docx
early in the morning,pampoli phatrijana,adv.,/pampoli phātrijana/,పమ్పొలి ఫాత్రిజన,पम्पोलि फात्रिजना,Banjara_english.docx
earn; earns,kama,v.,/kamā/,కమా,कमा,Banjara_english.docx
earring,kaner kammal,n.,/kaner kammal/,కనేర్ కమ్మల్,कनेर कम्मल,Banjara_english.docx
earth,jammi / jag / dharti,n.,/jammi/ /jāg/ /dharti/,జమ్మి / జాగ్ / ధర్తి,जम्मि / जाग / धर्ति,Banjara_english.docx
earwax,malayi,n.,/malāyi/,మలాయి,मलायि,Banjara_english.docx
east,lanka,n.,/lankā/,లంకా,लंका,Banjara_english.docx
eastward,hetal sam,adv.,/hetal sam/,హేతల్ సామ్,हेतल साम,Banjara_english.docx
easy,holiyant,adj.,/holiyānt/,హోలియాంత్,होलियान्त,Banjara_english.docx
eat meal,khayer,v.,/khayer/,ఖాయేర్,खायेर,Banjara_english.docx
eating,khayer,n.,/khāyēr/,ఖాయేర్,खायेर,Banjara_english.docx
edge,konora / kosa,n.,/konorā/ /kōsa/,కోనోరా / కోస,कोनोरा / कोसा,Banjara_english.docx
edible,khayer,adj.,/khāyēr/,ఖాయేర్,खायेर,Banjara_english.docx
education,padayi,n.,/padāyi/,పదాయి,पदायि,Banjara_english.docx
effort,kosis,n.,/kōśiś/,కోశిశ్,कोशिश,Banjara_english.docx
egg,inda,n.,/inda/,ఇండ,इन्डा,Banjara_english.docx
eight,at,num.,/at/,ఆట్,आट,Banjara_english.docx
eighteen,atharam,num.,/athāram/,అథారమ్,अथारम,Banjara_english.docx
eighty,assi,num.,/assi/,అస్సి,अस्सि,Banjara_english.docx
elaborate,cvado,adj.,/cvādo/,చ్వాదో,च्वादो,Banjara_english.docx
elbow,khuni,n.,/khūni/,ఖూని,खूनि,Banjara_english.docx
elder brother,bhiya,n.,/bhiya/,భియ,भिया,Banjara_english.docx
elder brother's wife,bhojayi,n.,/bhojāyi/,భోజాయి,भोजायि,Banjara_english.docx
elder maternal aunt,motyadi,n.,/motyādi/,మోత్యాది,मोत्यादि,Banjara_english.docx
electricity,karant,n.,/karant/,కరంట్,करन्ट,Banjara_english.docx
elegant,majati,adj.,/majāti/,మజాతి,मजाति,Banjara_english.docx
elementary,dharagadiya,adj.,/dharagadiya/,ధరగదియ,धरगदिया,Banjara_english.docx
elephant,hatti,n.,/hatti/,హత్తి,हत्ति,Banjara_english.docx
eleven,gyaram,num.,/gyāram/,గ్యారమ్,ग्यारम,Banjara_english.docx
elf,potiya,n.,/põțiyā/,పోతియా,पोतिया,Banjara_english.docx
eliminate,nikal,v.,/nikal/,నికల్,निकल,Banjara_english.docx
embers from a fire,bhobar,n.,/bhōbar/,భోబర్,भोबर,Banjara_english.docx
emergency,apti,n.,/apti/,ఆప్తి,आप्ति,Banjara_english.docx
emigrate,lad jo,v.,/lād jō/,లాద్ జో,लाद जो,Banjara_english.docx
employer,bamman,n.,/bāmman/,బామ్మన్,बाम्मन्,Banjara_english.docx
empty,sun,adj.,/sūn/,సూన్,सून,Banjara_english.docx
enamel,ves pyar,v.,/vës pyar/,వేస్ ప్యార్,वेस प्यार,Banjara_english.docx
encounters,khev,v.,/khev/,ఖేవ్,खेव,Banjara_english.docx
end,akhar / khutad / laram,n.,/akhar/ /khutad/ /lāram/,అఖర్ / ఖుతద్ / లారమ్,अखर / खुतद / लारम,Banjara_english.docx
end of the road,pilla vat,n.,/pilla vat/,పిల్ల వాట్,पिल्ला वाट,Banjara_english.docx
endless,katrayiko,adj.,/katrāyikō/,కత్రాయికో,कत्रायिको,Banjara_english.docx
endure,kham lam,v.,/kham lam/,ఖమ్ లమ్,खम लम,Banjara_english.docx
enemy,dusman,n.,/dusman/,దుస్మన్,दुस्मन,Banjara_english.docx
energy,jorbar ti / takat,n.,/jōrbār ti/ /tākat/,జోర్బార్ తి / తాకత్,जोरबार ति / ताकत,Banjara_english.docx
enervation,kamjor,n.,/kamjor/,కమ్జోర్,कमजोर,Banjara_english.docx
engine,injan,n.,/injan/,ఇంజన్,इंजन,Banjara_english.docx
england,ingland,n. prop.,/ingland/,ఇంగ్లండ్,इंग्लंड,Banjara_english.docx
english,inglis,n. prop.,/inglis/,ఇంగ్లిస్,इंग्लिस,Banjara_english.docx
enrol,sarik,v.,/śarik/,శరిక్,शरिक,Banjara_english.docx
enter,jo,v.,/jō/,జో,जो,Banjara_english.docx
entertainment,khusal,n.,/khuśāl/,ఖుశాల్,खुशाल,Banjara_english.docx
entrance,galma,n.,/galmā/,గల్మా,गल्मा,Banjara_english.docx
enumeration,lekko,n.,/lekko/,లెక్కో,लेक्को,Banjara_english.docx
environment,aspasema / aspas / cutpat / paryavaran,n.,/āspāsemā/ /āspās/ /cutpāt/ /paryavaran/,ఆస్పాసేమా / ఆస్పాస్ / చుత్పాత్ / పర్యావరన్,आस्पासेमा / आसपास / चुत्पात / पर्यावरण,Banjara_english.docx
erase,luyer,v.,/lüyer/,లూయేర్,लूयेर,Banjara_english.docx
eruption,phuter / phutan pade,n.,/phuter/ /phutan padë/,ఫుతేర్ / ఫుతన్ పదే,फुतेर / फुतन पदे,Banjara_english.docx
escape,tapa,v.,/tapa/,తప,तपा,Banjara_english.docx
established,sthapit,adj.,/sthāpit/,స్థాపిత్,स्थापित,Banjara_english.docx
estate,jagir,n.,/jāgīr/,జాగీర్,जागीर,Banjara_english.docx
eunuch,bayala,n.,/bāyala/,బాయల,बायला,Banjara_english.docx
even,vatoyi,adv.,/vatoyi/,వతోయి,वतोयि,Banjara_english.docx
even though,toyi / ratoy,adv.,/tōyi/ /ratōy/,తోయి / రతోయ్,तोयि / रतोय,Banjara_english.docx
evening,sanj,n.,/sāñj/,సాంజ్,सांज,Banjara_english.docx
eventually,kosan,adv.,/kosan/,కోసన్,कोसन,Banjara_english.docx
every day,dadi,adv.,/dādi/,దాది,दादि,Banjara_english.docx
everyone,se / harek,pron.,/se/ /harek/,సే / హరేక్,से / हरेक,Banjara_english.docx
everything,se,pron.,/se/,సే,से,Banjara_english.docx
evident,chango / phatpado,adj.,/chango/ /phatpado/,ఛంగో / ఫత్పదో,छंगो / फत्पदो,Banjara_english.docx
evil,dana,n.,/dānā/,దానా,दाना,Banjara_english.docx
ewes,gorli,n.,/gōrli/,గోర్లి,गोर्लि,Banjara_english.docx
exact,asli,adj.,/asli/,అస్లి,अस्लि,Banjara_english.docx
exactly,khara khandi / barobar,adv.,/khara khandi/ /barōbar/,ఖర ఖండి / బరోబర్,खरा खण्डि / बरोबर,Banjara_english.docx
example,udaharar,n.,/udāhārār/,ఉదాహరార్,उदाहारार,Banjara_english.docx
exceed,badgo,v.,/badgo/,బద్గో,बदगो,Banjara_english.docx
except,regojako,prep.,/rēgojakō/,రేగోజకో,रेगोजको,Banjara_english.docx
exchange,pher,v.,/pher/,ఫేర్,फेर,Banjara_english.docx
excuse,maphikar / samallam,v.,/maphikar/ /samallam/,మాఫికార్ / సమల్లమ్,माफिकार / समल्लम,Banjara_english.docx
exercise,kasrat,n.,/kasrat/,కస్రత్,कसरत,Banjara_english.docx
existing,chum,adj.,/chūm/,ఛూమ్,छूम,Banjara_english.docx
expand,jadaphyaler,v.,/jādāphyāler/,జాదాఫ్యాలేర్,जादाफ्यालेर,Banjara_english.docx
expatriate,nikalder,v.,/nikālder/,నికాల్దేర్,निकालदेर,Banjara_english.docx
expenditure,kharac,n.,/kharac/,ఖరచ్,खरच,Banjara_english.docx
experience,dhund,n.,/dhund/,ధుండ్,धुन्ड,Banjara_english.docx
experienced,anubhav chamjako,adj.,/anubhav chamjakō/,అనుభవ్ ఛమ్జకో,अनुभव छमजको,Banjara_english.docx
explode,phuter,v.,/phuter/,ఫుతేర్,फुतेर,Banjara_english.docx
extend,bada / mand,v.,/bada/ /mand/,బద / మండ్,बदा / मन्ड,Banjara_english.docx
extinct,pharagat,adj.,/pharāgat/,ఫరాగత్,फरागत,Banjara_english.docx
extortion,nakam,n.,/nakām/,నకామ్,नकाम,Banjara_english.docx
extra,jappa,adj.,/jappa/,జప్ప,जप्पा,Banjara_english.docx
extravagant,nakam,adj.,/nakām/,నకామ్,नकाम,Banjara_english.docx
extreme,asman,adj.,/asmān/,అస్మాన్,अस्मान,Banjara_english.docx
extricate,chodalejo,v.,/chōdālējo/,ఛోదాలేజో,छोदालेजो,Banjara_english.docx
exude,cuvam,v.,/cuvam/,చువమ్,चुवम,Banjara_english.docx
ex-husband,agdir gharevalo / tander,n.,/agdir gharēvālō/ /tander/,ఆగ్దిర్ ఘరేవాలో / తందేర్,आग्दिर घरेवालो / तन्देर,Banjara_english.docx
ex-wife,agdir tandri,n.,/agdir tandri/,ఆగ్దిర్ తండ్రి,आग्दिर तन्द्रि,Banjara_english.docx
eye,anki,n.,/āńki/,ఆంకి,आंकि,Banjara_english.docx
eyelash,bhamra,n.,/bhamra/,భమ్ర,भम्रा,Banjara_english.docx
face,munang ayer,v.,/munang ayer/,మునంగ్ అయేర్,मुनंग अयेर,Banjara_english.docx
factor,saval puncer,n.,/savāl pūncer/,సవాల్ పూంచేర్,सवाल पून्चेर,Banjara_english.docx
factory,karkhana,n.,/karkhānā/,కర్ఖానా,कर्खाना,Banjara_english.docx
fairly,nayameti / sudo,adv.,/nāyameti/ /sūdō/,నాయమేతి / సూదో,नायमेति / सूदो,Banjara_english.docx
falling,jhadhe,n.,/jhadhe/,ఝధే,झधे,Banjara_english.docx
falling again,undopader,n.,/undopader/,ఉందాపదేర్,उन्दोपदेर,Banjara_english.docx
false belief,asa,n.,/āśa/,ఆశ,आशा,Banjara_english.docx
false talk,thalivate,n.,/thalivate/,థలివాతే,थलिवाते,Banjara_english.docx
fame,badonam,n.,/badonām/,బదోనామ్,बदोनाम,Banjara_english.docx
family,ali / katmalo / gharbar / tando,n.,/ali/ /katmālo/ /gharbar/ /tando/,అలి / కత్మలో / ఘర్బార్ / తందో,अलि / कत्मालो / घरबार / तन्दो,Banjara_english.docx
famine,kalo,n.,/kālō/,కాలో,कालो,Banjara_english.docx
fare,bhav,n.,/bhāv/,భావ్,भाव,Banjara_english.docx
farina,kanki,n.,/kanki/,కంకి,कंकि,Banjara_english.docx
farm,gutta / vadi,n.,/gutta/ /vādi/,గుత్త / వాది,गुत्त / वादि,Banjara_english.docx
farmer,jammedar,n.,/jammēdār/,జమ్మేదార్,जम्मेदार,Banjara_english.docx
fast,jaldi / sapake,adj.,/jaldi/ /sapake/,జల్ది / సపకే,जल्दि / सपके,Banjara_english.docx
faster,sapke,adv.,/sapkē/,సప్కే,सप्के,Banjara_english.docx
fasting,bhuko ram / bhuko,n.,/bhuko ram/ /bhūko/,భుకో రమ్ / భూకో,भुको रम / भूको,Banjara_english.docx
fat,jor / masti,n.,/jor/ /masti/,జోర్ / మస్తి,जोर / मस्ति,Banjara_english.docx
fate,ghadi / nasib,n.,/ghadi/ /nasib/,ఘది / నసిబ్,घदि / नसिब,Banjara_english.docx
father,bap,n.,/bāp/,బాప్,बाप,Banjara_english.docx
favour,asaro,n.,/āsaro/,ఆసరో,आसरो,Banjara_english.docx
fear,camak,n.,/camak/,చమక్,चमक,Banjara_english.docx
fearless,himmat,adj.,/himmat/,హిమ్మత్,हिम्मत,Banjara_english.docx
fear; terror,camak,n.,/camak/,చమక్,चमक,Banjara_english.docx
feather,pankodar latta,n.,/pankōdar lattā/,పంకోదర్ లత్తా,पन्कोदर लत्ता,Banjara_english.docx
feathers,ponkodar latta / ponkoda,n.,/ponkodar latta/ /ponkōdä/,పొంకోదర్ లత్త / పొంకోద,पोन्कोदर लत्ता / पोन्कोद,Banjara_english.docx
feature,dhang,n.,/dhang/,ధంగ్,धंग,Banjara_english.docx
feces,gu,n.,/gu/,గు,गु,Banjara_english.docx
feed,khora,v.,/khora/,ఖోర,खोर,Banjara_english.docx
feel,keler / mvaje,n.,/keler/ /mvāje/,కేలేర్ / మ్వాజే,केलेर / म्वाजे,Banjara_english.docx
feeling,daleti,n.,/dalēti/,దలేతి,दलेति,Banjara_english.docx
feeling giddy,gheri pharer,n.,/gheri pharer/,ఘేరి ఫరేర్,घेरि फरेर,Banjara_english.docx
fellow,sopti,n.,/sõpti/,సోప్తి,सोप्ति,Banjara_english.docx
female calf,keldi,n.,/keldi/,కేల్ది,केल्दि,Banjara_english.docx
female cheetah,citto,n.,/citto/,చిత్తో,चित्तो,Banjara_english.docx
female fox,sali,n.,/sāļi/,సాళి,साळि,Banjara_english.docx
female frog,mitki,n.,/mitki/,మిత్కి,मित्कि,Banjara_english.docx
female goat,cheli,n.,/chēlī/,ఛేలీ,छेली,Banjara_english.docx
female horse / mare,ghodi,n.,/ghodi/,ఘోది,घोदि,Banjara_english.docx
female pig / sow,suri,n.,/suri/,సురి,सुरि,Banjara_english.docx
female slave,dasi,n.,/dāsi/,దాసి,दासि,Banjara_english.docx
female tiger / tigress,janavar,n.,/janāvar/,జనావర్,जनावर,Banjara_english.docx
fence,dadi,n.,/dadi/,దది,ददि,Banjara_english.docx
fencing,vad,n.,/vād/,వాద్,वाद,Banjara_english.docx
fenugreek,metti,n.,/metti/,మెత్తి,मेत्ति,Banjara_english.docx
fertilizer,dava,n.,/dava/,దవ,दवा,Banjara_english.docx
fever,tav / tavdeker,n.,/tāv/ /tävdeker/,తావ్ / తావ్దేకేర్,ताव / तावदेकेर,Banjara_english.docx
few; a good few,dassek,n.,/dassēk/,దస్సేక్,दस्सेक,Banjara_english.docx
fibre,nara,n.,/nara/,నర,नर,Banjara_english.docx
fiction,janan,n.,/janan/,జనన్,जनन,Banjara_english.docx
field,kyara / khet,n.,/kyārā/ /khet/,క్యారా / ఖేత్,क्यारा / खेत,Banjara_english.docx
fifteen,pandram,num.,/pandram/,పంద్రమ్,पन्द्रम,Banjara_english.docx
fifty,pacas,num.,/pacās/,పచాస్,पचास,Banjara_english.docx
figure,thakul,v.,/thakul/,థకుల్,थकुल,Banjara_english.docx
fill,bhar,v.,/bhar/,భర్,भर,Banjara_english.docx
filled,bhari,adj.,/bhari/,భరి,भरि,Banjara_english.docx
film,silma,n.,/silma/,సిల్మా,सिल्मा,Banjara_english.docx
filtered,chan,adj.,/chan/,ఛన్,छन,Banjara_english.docx
final,akhar,adj.,/akhar/,అఖర్,अखर,Banjara_english.docx
finance,pisa,n.,/pisa/,పిస,पिस,Banjara_english.docx
finding,laber,n.,/lābēr/,లాబేర్,लाबेर,Banjara_english.docx
fingers,angli,n.,/angli/,అంగ్లి,अंग्लि,Banjara_english.docx
finish,pur vego,v.,/pur vēgo/,పుర్ వేగో,पुर वेगो,Banjara_english.docx
finishing,akhar,adj.,/akhar/,అఖర్,अखर,Banjara_english.docx
fire,angar,n.,/angar/,అంగార్,अंगार,Banjara_english.docx
fire with a gun,banduketi bhaler,v.,/bandukēti bhāļēr/,బందుకేతి భాళేర్,बन्दुकेति भाळेर,Banjara_english.docx
firebrand,bhobrer jhara,n.,/bhobrer jhārā/,భోబ్రేర్ ఝారా,भोब्रेर झारा,Banjara_english.docx
fires have risen,holi,v.,/holi/,హోలి,होलि,Banjara_english.docx
firewood,culer lakdi,n.,/cüler lakdi/,చూలేర్ లక్ది,चूलेर लक्दि,Banjara_english.docx
first,dharagadiya / dharagidiya,adj.,/dharagadiya/ /dharagidiya/,ధరగదియ / ధరగిదియ,धरगदिया / धरगिदिया,Banjara_english.docx
first half,munganer ado,n.,/mūnganer ado/,మూంగనేర్ అదో,मूंगनेर अदो,Banjara_english.docx
first husband,agdir tander,n.,/agdir tander/,ఆగ్దిర్ తందేర్,आग्दिर तन्देर,Banjara_english.docx
first name,agdiyar nam,n.,/āgdiyār nām/,ఆగ్దియార్ నామ్,आग्दियार नाम,Banjara_english.docx
first one,agdiro,n.,/agdirō/,ఆగ్దిరో,आग्दिरो,Banjara_english.docx
fish hook,gal,n.,/gal/,గల్,गल,Banjara_english.docx
fist,mutti,n.,/mutti/,ముత్తి,मुत्ति,Banjara_english.docx
fit,bhela,v.,/bhela/,భేల,भेला,Banjara_english.docx
five,panc,num.,/pāñc/,పాంచ్,पांच,Banjara_english.docx
fix,galdam / bana / mand lam,v.,/galdam/ /bana/ /mand lam/,గల్దమ్ / బన / మండ్ లమ్,गल्दम / बना / मन्ड लम,Banjara_english.docx
flabby,polo vegojako,adj.,/polo vēgojako/,పోలో వేగోజకో,पोलो वेगोजको,Banjara_english.docx
flag,jhanda,n.,/jhanda/,ఝండ,झन्डा,Banjara_english.docx
flat,kub ac / sabet / sapkar,adj.,/kub ac/ /sabet/ /sapkar/,కుబ్ ఆచ్ / సబేత్ / సప్కర్,कुब आच / सबेत / सपकर,Banjara_english.docx
flat nose,mukidi,n.,/mukidi/,ముకిది,मुकिदि,Banjara_english.docx
fleck,talli,n.,/talli/,తల్లి,तल्लि,Banjara_english.docx
flesh,lvala,n.,/lvālā/,ల్వాలా,ल्वाला,Banjara_english.docx
flexible,navamjako,adj.,/navamjako/,నవమ్జకో,नवमजको,Banjara_english.docx
flitting,vadgo,n.,/vadgo/,వద్గో,वद्गो,Banjara_english.docx
floating,tarro,v.,/tarrō/,తర్రో,तर्रो,Banjara_english.docx
flogging,marer,n.,/marer/,మరేర్,मरेर,Banjara_english.docx
flood,khalya / rungli / rel,n.,/khālyā/ /rungli/ /rel/,ఖాల్యా / రుంగ్లి / రేల్,खाल्या / रुंग्लि / रेल,Banjara_english.docx
flooded,kutlego,adj.,/kütlēgo/,కూత్లేగో,कूतलेगो,Banjara_english.docx
floor,jammi / jag,n.,/jammi/ /jāg/,జమ్మి / జాగ్,जम्मि / जाग,Banjara_english.docx
flour,ato,n.,/ātō/,ఆటో,आटो,Banjara_english.docx
flower,phul,n.,/phūl/,ఫూల్,फूल,Banjara_english.docx
flowering,lage,n.,/lāgē/,లాగే,लागे,Banjara_english.docx
flowing,parrohjako,v.,/pārrojakō/,పార్రోజకో,पार्रोजको,Banjara_english.docx
fluttering,hala,v.,/hala/,హల,हला,Banjara_english.docx
fly,makki,n.,/mākki/,మాక్కి,माक्कि,Banjara_english.docx
flying,bamro,v.,/bamro/,బమ్రో,बम्रो,Banjara_english.docx
fog,dhuyer vas / bharap / vos,n.,/dhūyer vas/ /bharap/ /vōs/,ధూయేర్ వస్ / భరప్ / వోస్,धूयेर वस / भरप / वोस,Banjara_english.docx
fold,dhadi,n.,/dhadi/,ధది,धदि,Banjara_english.docx
folk song,janapadan,adj.,/jānapadan/,జానపదన్,जानपदन,Banjara_english.docx
fondle,cumajako,v.,/cumajako/,చుమజకో,चुमजको,Banjara_english.docx
food,khayer / khoraki / dhan,n.,/khāyēr/ /khoraki/ /dhān/,ఖాయేర్ / ఖొరకి / ధాన్,खायेर / खोरकि / धान,Banjara_english.docx
foot,tang / dhap,n.,/tang/ /dhap/,తంగ్ / ధాప్,तंग / धाप,Banjara_english.docx
foot print,khoj,n.,/khōj/,ఖోజ్,खोज,Banjara_english.docx
footprint,dhap,n.,/dhap/,ధాప్,धाप,Banjara_english.docx
for,vasu,adv.,/vāsu/,వాసు,वासु,Banjara_english.docx
for him,vasu,pron.,/vāsu/,వాసు,वासु,Banjara_english.docx
forceps,cimta,n.,/cimtā/,చిమ్తా,चिमता,Banjara_english.docx
foreboding,samman,n.,/samman/,సమ్మన్,सम्मन,Banjara_english.docx
forefinger,tagarayer angli,n.,/tagarayer angli/,తగరాయేర్ అంగ్లి,तगरायेर अंग्लि,Banjara_english.docx
forehead,tapalo,n.,/tapālō/,తపాలో,तपालो,Banjara_english.docx
foreign,dusro,adj.,/dusro/,దుస్రో,दुस्रो,Banjara_english.docx
forever,thetetanu,adv.,/thetetānu/,థేతేతాను,थेतेतानु,Banjara_english.docx
forfeiture,kholdo,n.,/khōldo/,ఖోల్దో,खोल्दो,Banjara_english.docx
forgetfulness,bhuler,n.,/bhūler/,భూలేర్,भूलेर,Banjara_english.docx
forgive,maphikar,v.,/maphikar/,మాఫికార్,माफिकार,Banjara_english.docx
form,ver,v.,/ver/,వేర్,वेर,Banjara_english.docx
forthcoming,avamjako,adj.,/āvamjakō/,ఆవమ్జకో,आवमजको,Banjara_english.docx
forthright,sudo,adv.,/sūdō/,సూదో,सूदो,Banjara_english.docx
forty,calis,num.,/cāļis/,చాలిస్,चालिस,Banjara_english.docx
forward,angam,adv.,/angam/,అంగమ్,अंगम,Banjara_english.docx
fossil,bhatar murat,n.,/bhātār murat/,భాతార్ మురత్,भातार मुरत,Banjara_english.docx
founder,bhandayajako,n.,/bhandāyājakō/,భందాయాజకో,भन्दायाजको,Banjara_english.docx
fountain,uta,n.,/ūta/,ఊత,ऊता,Banjara_english.docx
foursome,cari,n.,/cari/,చరి,चरि,Banjara_english.docx
fourteen,caudam,num.,/caudam/,చౌదమ్,चौदम,Banjara_english.docx
fourth part,car,n.,/car/,చర్,चर,Banjara_english.docx
fox,salya,n.,/sālyā/,సాల్యా,साल्या,Banjara_english.docx
fragile,pedsu,adj.,/pedsu/,పేద్సు,पेदसु,Banjara_english.docx
frame,girra,n.,/girra/,గిర్ర,गिर्र,Banjara_english.docx
free,phokat,adj.,/phokat/,ఫోకత్,फोकत,Banjara_english.docx
free from bondage,svatantram,n.,/svatantram/,స్వతంత్రమ్,स्वतन्त्रम,Banjara_english.docx
free of cost,thalo / nakam,adv.,/thālo/ /nakām/,థాలో / నకామ్,थालो / नकाम,Banjara_english.docx
freely,ajadi / pharagat,adv.,/ājādi/ /pharagat/,ఆజాది / ఫరగత్,आजादि / फरागत,Banjara_english.docx
fresh,tadter,adj.,/tadter/,తద్తేర్,तदतेर,Banjara_english.docx
friction,ghasari,n.,/ghasari/,ఘసరి,घसरि,Banjara_english.docx
from,atteti / ti / mati,adv.,/attēti/ /ti/ /māti/,అత్తేతి / తి / మాతి,अत्तेति / ति / माति,Banjara_english.docx
from now,abbeti,adv.,/abbēti/,అబ్బేతి,अब्बेति,Banjara_english.docx
from that,omati,adv.,/omāti/,ఒమాతి,ओमाति,Banjara_english.docx
from the front,angeti,adv.,/āngēti/,ఆంగేతి,आंगेति,Banjara_english.docx
from there,otti / otteti,adv.,/otti/ /öttēti/,ఒత్తి / ఓత్తేతి,ओत्ति / ओत्तेति,Banjara_english.docx
frost,baramper,n.,/baramper/,బరమ్పేర్,बरम्पेर,Banjara_english.docx
fruit,phal,n.,/phal/,ఫల్,फल,Banjara_english.docx
fuel,tel,n.,/tel/,తేల్,तेल,Banjara_english.docx
full,puro / sari,adj.,/puro/ /sāri/,పురో / సారి,पुरो / सारि,Banjara_english.docx
fullness,sari,n.,/sari/,సరి,सरि,Banjara_english.docx
fully,bharpur / se,adv.,/bharpur/ /se/,భర్పూర్ / సే,भरपुर / से,Banjara_english.docx
fur,un,n.,/un/,ఉన్,उन,Banjara_english.docx
gaffer,dokra,n.,/dökrä/,దోక్రా,दोक्रा,Banjara_english.docx
gain,phayedo,n.,/phāyēdo/,ఫాయేదో,फायेदो,Banjara_english.docx
gambling with cock fighting,kukkad battu,n.,/kukkad battu/,కుక్కద్ బత్తు,कुक्कद बत्तु,Banjara_english.docx
gang,jatti,n.,/jatti/,జత్తి,जत्ति,Banjara_english.docx
ganges river,ganga nandi,n. prop.,/ganga nandi/,గంగ నంది,गंग नन्दि,Banjara_english.docx
gap,mayi,n.,/mayi/,మయి,मयि,Banjara_english.docx
gargle,kaldonak,v.,/kaldōnāk/,కల్దోనాక్,कल्दोनाक,Banjara_english.docx
garlic,nassan / lassan,n.,/nassan/ /lassan/,నస్సన్ / లస్సన్,नस्सन / लस्सन,Banjara_english.docx
gas,val,n.,/vāl/,వాల్,वाल,Banjara_english.docx
gash,gis,v.,/gis/,గిస్,गिस,Banjara_english.docx
gate,galama / phatak,n.,/galamā/ /phātak/,గలమా / ఫాతక్,गलमा / फातक,Banjara_english.docx
gateway,motvat,n.,/mōtvāt/,మోత్వాత్,मोत्वात,Banjara_english.docx
gather,dhund la,v.,/dhund la/,ధుండ్ ల,धुन्ड ला,Banjara_english.docx
gathering,malav,n.,/malāv/,మలావ్,मलाव,Banjara_english.docx
genealogy,pidi / valad / vel,n.,/pidi/ /valad/ /vel/,పిది / వలద్ / వేల్,पिदि / वलद / वेल,Banjara_english.docx
generate,janavam,v.,/janāvam/,జనావమ్,जनावम,Banjara_english.docx
genetic,pidi,adj.,/pidi/,పిది,पिदि,Banjara_english.docx
get,la / liya,v.,/la/ /liya/,ల / లియ,ला / लिया,Banjara_english.docx
get near,dhamyikar,v.,/dhamyikar/,ధమ్యికర్,धम्यिकर,Banjara_english.docx
get up,ut,v.,/üt/,ఉట్,उट,Banjara_english.docx
getting,la,n.,/la/,ల,ला,Banjara_english.docx
getting finished,pur vego,v.,/pur vēgo/,పుర్ వేగో,पुर वेगो,Banjara_english.docx
getting for oneself,lelen a,n.,/lelen a/,లేలేన్ అ,लेलेन अ,Banjara_english.docx
getting irritated,cidra karer,v.,/cidra karer/,చిద్ర కరేర్,चिद्र करेर,Banjara_english.docx
getting relieved,chut go,v.,/chūt go/,ఛూట్ గో,छूट गो,Banjara_english.docx
getting removed,daggi,v.,/daggi/,దగ్గి,दग्गि,Banjara_english.docx
getting up one,uter,n.,/üter/,ఉతేర్,उतेर,Banjara_english.docx
getting worried,hinjargo,v.,/hinjargo/,హింజర్గో,हिन्जर्गो,Banjara_english.docx
gift,inam / kankya,n.,/inām/ /kankya/,ఇనామ్ / కంక్య,इनाम / कंख्या,Banjara_english.docx
gill,jabdo,n.,/jābdo/,జాబ్డో,जाब्डो,Banjara_english.docx
ginger,adarak,n.,/adarak/,అదరక్,अदारक,Banjara_english.docx
girlfriend,soptan,n.,/soptan/,సోప్తన్,सोप्तान,Banjara_english.docx
girlish,naramo / pindya,adj.,/naramo/ /pindya/,నరమో / పింద్య,नरमो / पिन्द्या,Banjara_english.docx
give,dam / denak,v.,/dam/ /dēnāk/,దమ్ / దేనాక్,दम / देनाक,Banjara_english.docx
give away,denak,v.,/dēnāk/,దేనాక్,देनाक,Banjara_english.docx
giver,devalo,n.,/devalo/,దేవాలో,देवालो,Banjara_english.docx
giving,der,n.,/der/,దేర్,देर,Banjara_english.docx
giving birth,janer,v.,/janer/,జనేర్,जनेर,Banjara_english.docx
giving injection,suyi mar,v.,/sūyi mār/,సూయి మార్,सूयि मार,Banjara_english.docx
glass,gilas / sisi,n.,/gilās/ /sisi/,గిలాస్ / సిసి,गिलास / सिसि,Banjara_english.docx
glass piece,arsi,n.,/ārsi/,ఆర్సి,आरसि,Banjara_english.docx
glisten,jhankro,v.,/jhänkrō/,ఝాంక్రో,झांक्रो,Banjara_english.docx
glistening,jhanker,n.,/jhānker/,ఝాంకేర్,झांकेर,Banjara_english.docx
glitter,jhanker / dhagdhag,n.,/jhānker/ /dhagdhag/,ఝాంకేర్ / ధగ్ధగ్,झांकेर / धगधग,Banjara_english.docx
glittering,cam cam / talak talak,n.,/cam cam/ /talak talak/,చమ్ చమ్ / తలక్ తలక్,चम चम / तलक तलक,Banjara_english.docx
"""glittering",adj.,"flashing""",chanki,/chanki/,ఛంకి,Banjara_english.docx
gloom,vicar,n.,/vicar/,విచార్,विचार,Banjara_english.docx
glow,vajalo,n.,/vajāļō/,వజాళో,वजालो,Banjara_english.docx
go,jo / dagar jo,v.,/jo/ /dagar jō/,జో / దగర్ జో,जो / दगर जो,Banjara_english.docx
go to toilet,hang,v.,/hāng/,హాంగ్,हांग,Banjara_english.docx
godavari,godavari nandi,n. prop.,/godavari nandi/,గోదావరి నంది,गोदावरि नन्दि,Banjara_english.docx
"""god's place; temple/church/mosque; heaven""",deval,n.,/deval/,దేవెల్,देवल,Banjara_english.docx
goggling,khonkler,v.,/khōnkler/,ఖోంక్లేర్,खोंक्लेर,Banjara_english.docx
going on a fast run,dhams,v.,/dhāms/,ధామ్స్,धाम्स,Banjara_english.docx
gold,sono,n.,/sono/,సోనో,सोनो,Banjara_english.docx
good,acco,adj.,/acco/,అచ్చో,अच्चो,Banjara_english.docx
good one,sorer,n.,/sorer/,సోరేర్,सोरेर,Banjara_english.docx
good words,accivate / sikhvadi,n.,/accivāte/ /sikhvādi/,అచ్చివాతే / సిఖ్వాది,अच्चिवाते / सिख्वादि,Banjara_english.docx
goody,ac,adv.,/ac/,ఆచ్,आच,Banjara_english.docx
"""gore",v.,"pierce""",tancero,/tancero/,తన్చేరో,Banjara_english.docx
got a divorse,tutgijako,v.,/tūtgijako/,తూత్గిజకో,तूत्गिजको,Banjara_english.docx
got absorbed,suntago,v.,/suntago/,సుంతగో,सुन्तागो,Banjara_english.docx
got bulged,apriyayo,v.,/apriyāyo/,అప్రియాయో,अप्रियायो,Banjara_english.docx
got cooked,sijgo,v.,/sījgo/,సీజ్గో,सीज्गो,Banjara_english.docx
got sprouted,hugo,v.,/hugo/,హుగో,हुगो,Banjara_english.docx
got swelling,sujgo,v.,/süjgō/,సూజ్గో,सूज्गो,Banjara_english.docx
gourd,tummdi,n.,/tummdi/,తుమ్మ్ది,तुम्म्दि,Banjara_english.docx
governance,nayaki / palan,n.,/nāyaki/ /palan/,నాయకి / పలన్,नायकि / पलन,Banjara_english.docx
government,sarkar,n.,/sarkar/,సర్కార్,सरकार,Banjara_english.docx
grab,khoslam,v.,/khōslam/,ఖోస్లమ్,खोस्लम,Banjara_english.docx
grain,dana,n.,/dānā/,దానా,दाना,Banjara_english.docx
grand daughter,poti,n.,/poti/,పోతి,पोति,Banjara_english.docx
grandfather,dada / nana,n.,/dādā/ /nana/,దాదా / నన,दादा / नाना,Banjara_english.docx
grandfather's grandfather,pad dada,n.,/pad dada/,పద్ దాదా,पद दादा,Banjara_english.docx
grandmother,nani,n.,/nani/,నాని,नानि,Banjara_english.docx
grandparent,dada,n.,/dādā/,దాదా,दादा,Banjara_english.docx
grant,dharam,n.,/dharam/,ధరమ్,धरम,Banjara_english.docx
grape,angur,n.,/angūr/,అంగూర్,अंगूर,Banjara_english.docx
grass,khad,n.,/khad/,ఖాద్,खाद,Banjara_english.docx
grasshopper,tidka,n.,/tidka/,తిద్క,तिदका,Banjara_english.docx
grate,curo curo,adv.,/curo curo/,చురో చురో,चुरो चुरो,Banjara_english.docx
gravel,kankara,n.,/kańkara/,కంకర,कंकरा,Banjara_english.docx
gravy,rabdi,n.,/rabdi/,రబ్ది,रब्दि,Banjara_english.docx
graze,cara,v.,/carā/,చరా,चरा,Banjara_english.docx
grazing,carer,v.,/carer/,చరేర్,चरेर,Banjara_english.docx
grease,cikno / tel,n.,/cikno/ /tel/,చిక్నో / తేల్,चिक्नो / तेल,Banjara_english.docx
great,badi acco / bado,adj.,/badi acco/ /bado/,బది అచ్చో / బదో,बदि अच्चो / बदो,Banjara_english.docx
greedy,khavumit,adj.,/khāvumit/,ఖావుమిత్,खावुमित,Banjara_english.docx
green vegetable,gol,n.,/gōl/,గోల్,गोल,Banjara_english.docx
greet,namaskar / pacar / bol,v.,/namaskār/ /pacar/ /bōl/,నమస్కార్ / పచర్ / బోల్,नमस्कार / पचर / बोल,Banjara_english.docx
grind,rup / vant,v.,/rup/ /vānt/,రుప్ / వాంత్,रुप / वान्त,Banjara_english.docx
ground pepper,kali marce,n.,/kāli marce/,కాలి మర్చే,कालि मर्चे,Banjara_english.docx
"""ground; land""",jag,n.,/jāg/,జాగ్,जाग,Banjara_english.docx
group,jhunt / jhund / mandar manda / malav,n.,/jhūnt/ /jhund/ /mandar manda/ /malāv/,ఝూంట్ / ఝుండ్ / మందార్ మంద / మలావ్,झूट / झुन्ड / मन्दार मन्दा / मलाव,Banjara_english.docx
group of animals,khadu,n.,/khādu/,ఖాదు,खादु,Banjara_english.docx
grouse,gunasro,n.,/gunasro/,గునస్రో,गुनस्त्रो,Banjara_english.docx
grow,dhamyi / vadgo,v.,/dhamyi/ /vadgo/,ధమ్యి / వద్గో,धम्यि / वद्गो,Banjara_english.docx
growth,vadro,n.,/vadro/,వద్రో,वद्रो,Banjara_english.docx
guard,kavli,n.,/kavli/,కావలి,कावलि,Banjara_english.docx
guava tree,naragir jhad,n.,/nāragir jhad/,నారగిర్ ఝాడ్,नारगिर झाड,Banjara_english.docx
gum,gund,n.,/günd/,గూండ్,गून्ड,Banjara_english.docx
hair,latta,n.,/latta/,లత్త,लत्ता,Banjara_english.docx
half way,ad vat,n.,/ad vāt/,అద్ వాట్,अद वाट,Banjara_english.docx
halt,thakano,n.,/thakano/,థకనో,थकनो,Banjara_english.docx
halve,ado,n.,/ādo/,ఆదో,आदो,Banjara_english.docx
hammer,hatod,n.,/hatod/,హతోద్,हतोद,Banjara_english.docx
hand,hat,n.,/hat/,హాత్,हात,Banjara_english.docx
hand over,puncad,v.,/puñcād/,పుంచాద్,पुन्चाद,Banjara_english.docx
hand printing,chopaddam,n.,/chopaddam/,ఛోపద్దమ్,छोपद्दम,Banjara_english.docx
handcuffs,hatkadi,n.,/hātkadi/,హాత్కది,हात्कदि,Banjara_english.docx
handkerchief,dasti / pakdi,n.,/dasti/ /pākdi/,దస్తి / పాక్ది,दस्ति / पाक्दि,Banjara_english.docx
handle,pidi,n.,/pidi/,పిది,पिदि,Banjara_english.docx
hang,phansi / latak,v.,/phānsi/ /latak/,ఫాంసి / లతక్,फांसि / लतक,Banjara_english.docx
hangover for drinking alcohol,nisar,n.,/nisar/,నిసర్,निसर,Banjara_english.docx
haphazardly,kumvajum,adv.,/kumvajum/,కుమ్వజుమ్,कुम्वजुम,Banjara_english.docx
happen,tutpader,adv.,/tūtpader/,తూత్పదేర్,तूत्पदेर,Banjara_english.docx
happening,vero,n.,/vero/,వేరో,वेरो,Banjara_english.docx
hardly,kaldothant,adv.,/kaldothant/,కల్దోథాంత్,कल्दोथान्त,Banjara_english.docx
harmonize,sanjayer,v.,/sañjāyer/,సంజాయేర్,सन्जायेर,Banjara_english.docx
harness,umparer,adj.,/umparer/,ఉంపరేర్,उम्परेर,Banjara_english.docx
harrow,guntka,n.,/guntka/,గుంట్క,गुन्ट्का,Banjara_english.docx
hart,citala,n.,/citala/,చితల,चितला,Banjara_english.docx
harvest,kater / panta,n.,/kāter/ /panta/,కాతేర్ / పంట,कातेर / पन्टा,Banjara_english.docx
hatch,sevricham,v.,/sevricham/,సేవ్రిఛమ్,सेव्रिछम,Banjara_english.docx
hatred,ris,n.,/ris/,రిస్,रिस,Banjara_english.docx
haunt,cintani,n.,/cintāni/,చింతాని,चिन्तानि,Banjara_english.docx
having a yellowish colour,pilojarat,adv.,/pilōjarat/,పిలోజరత్,पिलोजरत,Banjara_english.docx
having character,acco gon,n.,/acco gon/,అచ్చో గోన్,अच्चो गोन,Banjara_english.docx
having illegal relations,halgi,adj.,/halgi/,హల్గి,हल्गि,Banjara_english.docx
having muscles,mams bharo,adj.,/māms bharo/,మామ్స్ భరో,माम्स भरो,Banjara_english.docx
having no way out,vat labeni,adj.,/vāt lābēni/,వాట్ లాబేని,वाट लाबेनि,Banjara_english.docx
having responsibility,jimmedari,adj.,/jimmedari/,జిమ్మెదారి,जिम्मेदारि,Banjara_english.docx
hazard,khatra / camak / dar,n.,/khatra/ /camak/ /dar/,ఖత్రా / చమక్ / దర్,खत्रा / चमक / दर,Banjara_english.docx
haze,andaro / vajal,adj.,/andāro/ /vāja!/,అందారో / వాజల్,अन्दारो / वाजल,Banjara_english.docx
he,i,pron.,/i/,ఇ,इ,Banjara_english.docx
he has come,anpadi,v.,/anpadi/,అన్పది,अन्पदि,Banjara_english.docx
he has given,dino,v.,/dino/,దినో,दिनो,Banjara_english.docx
he is telling,kero,v.,/kero/,కేరో,केरो,Banjara_english.docx
he lost,kholdo,v.,/kholdo/,ఖోల్దో,खोल्दो,Banjara_english.docx
head,badjayer / mate / matter / mundi,n.,/badjāyēr/ /māte/ /matter/ /mundi/,బడ్జాయేర్ / మాతే / మత్తేర్ / ముంది,बड्जायेर / माते / मत्तेर / मुन्दि,Banjara_english.docx
head of the family,malik,n.,/mālik/,మాలిక్,मालिक,Banjara_english.docx
healthily,jiveti,adv.,/jīvēti/,జీవేతి,जीवेति,Banjara_english.docx
heap,dhamyikar / rasulu,n.,/dhamyikar/ /rāsulu/,ధమ్యికర్ / రాసులు,धम्यिकर / रासुलु,Banjara_english.docx
hear,samal,v.,/sāmal/,సామల్,सामल,Banjara_english.docx
heart,dil,n.,/dil/,దిల్,दिल,Banjara_english.docx
heat,tato,adv.,/tāto/,తాతో,तातो,Banjara_english.docx
heavy rain,pakkopani,n.,/pakkopāni/,పక్కోపాని,पक्कोपानि,Banjara_english.docx
heavy storm,panirvonglo,n.,/pāņirvonglo/,పాణిర్వోంగ్లో,पाणिर्वोङ्ग्लो,Banjara_english.docx
hedge cutter,koradi / datla / datli,n.,/koradi/ /datlā/ /datli/,కోరది / దత్లా / దత్లి,कोरदि / दत्ला / दत्लि,Banjara_english.docx
height,uncam,n.,/uficam/,ఉంచమ్,उंचम,Banjara_english.docx
hell,narakam,n.,/narakam/,నరకమ్,नरकम,Banjara_english.docx
hemming,ancun ganter,n.,/ancun gānter/,అంచున్ గాంతేర్,अन्चुन गान्तेर,Banjara_english.docx
hen,kukdi,n.,/kukdi/,కుక్ది,कुक्दि,Banjara_english.docx
herd,malav,v.,/malāv/,మలావ్,मलाव,Banjara_english.docx
hereinafter,attam,n.,/attam/,అత్తమ్,अत्तम,Banjara_english.docx
hermit,muni / dvado,n.,/muni/ /dvādo/,ముని / ద్వాదో,मुनि / द्वादो,Banjara_english.docx
hero,veralu,n.,/vērāļu/,వేరాలు,वेराळु,Banjara_english.docx
hidden,jatan,adj.,/jatan/,జతన్,जतन,Banjara_english.docx
hide,ghus / jatan,v.,/ghus/ /jatan/,ఘుస్ / జతన్,घुस / जतन,Banjara_english.docx
hiding place,ghum serjag,n.,/ghūm serjāg/,ఘూమ్ సేర్జాగ్,घूम सेर्जाग,Banjara_english.docx
higher caste,motjat,n.,/motjat/,మోత్జాత్,मोत्जात,Banjara_english.docx
highest,vuncer,adj.,/vuñcer/,వుంచేర్,वुन्चेर,Banjara_english.docx
hip,guler hadaka,n.,/güler hadaka/,గూలేర్ హడక,गूलेर हडका,Banjara_english.docx
his only,or,adj.,/or/,ఓర్,ओर,Banjara_english.docx
history,carita,n.,/carita/,చరిత,चरिता,Banjara_english.docx
history of nature,prakrti caritra,n.,/prakrti caritra/,ప్రకృతి చరిత్ర,प्रकृति चरित्र,Banjara_english.docx
hit,laga,v.,/laga/,లగ,लगा,Banjara_english.docx
hit this,yen mar,v.,/yen mar/,యేన్ మార్,येन मार,Banjara_english.docx
hold,chip / jhalan,v.,/chip/ /jhalan/,ఛిప్ / ఝలన్,छिप / झलन,Banjara_english.docx
hole,vej,n.,/vēj/,వేజ్,वेज,Banjara_english.docx
hole making instrument,barma,n.,/barma/,బర్మ,बर्मा,Banjara_english.docx
holi festival,holi,n.,/holi/,హోలి,होलि,Banjara_english.docx
holiday,chutti,n.,/chutti/,ఛుత్తి,छुत्ति,Banjara_english.docx
hollow,bholga,n.,/bholgā/,భోల్గా,भोल्गा,Banjara_english.docx
holster,pistoler canci,n.,/pistoler cañci/,పిస్తోలేర్ చంచి,पिस्तोलेर चन्चि,Banjara_english.docx
honey,mangalo,n.,/mangalo/,మంగలో,मंगलो,Banjara_english.docx
hood,topi,n.,/topi/,తోపి,तोपि,Banjara_english.docx
hook,lagad,v.,/lagad/,లగద్,लगद,Banjara_english.docx
horde,tando,n.,/tando/,తందో,तन्दो,Banjara_english.docx
horn,sing,n.,/sing/,సింగ్,सिंग,Banjara_english.docx
hornet,tatiya,n.,/tatiya/,తతియ,ततिया,Banjara_english.docx
hospital,davakhana,n.,/davākhānā/,దవాఖానా,दवाखाना,Banjara_english.docx
hostile,hato,adj.,/hāto/,హాతో,हातो,Banjara_english.docx
hot blisters from burns,hotphalero,n.,/hotphalēro/,హోత్ఫలేరో,होत्फलेरो,Banjara_english.docx
hotly,tato,adv.,/tato/,తాతో,तातो,Banjara_english.docx
house,ghar,n.,/ghar/,ఘర్,घर,Banjara_english.docx
household,gharbar,n.,/gharbār/,ఘర్బార్,घरबार,Banjara_english.docx
housewife,gharvali,n.,/gharvāli/,ఘర్వాలి,घर्वालि,Banjara_english.docx
how,kuikan / kum,pron.,/kuikan/ /kūm/,కుఇకన్ / కూమ్,कुइकन / कूम,Banjara_english.docx
how much,katri,pron.,/katri/,కత్రి,कत्रि,Banjara_english.docx
however,pakka,pron.,/pakka/,పక్క,पक्क,Banjara_english.docx
howl,kikati / bhasero,n.,/kikāti/ /bhasēro/,కికాతి / భసేరో,किकाति / भसेरो,Banjara_english.docx
hug,bakdi,n.,/bakdi/,బాక్ది,बाक्दि,Banjara_english.docx
humanity,manavat,n.,/manavat/,మనవత్,मनवत,Banjara_english.docx
humpback,kubdo,n.,/kūbdo/,కూబ్డో,कूबडो,Banjara_english.docx
hunch,kubdo,n.,/kūbdo/,కూబ్డో,कूबडो,Banjara_english.docx
hundred,so,num.,/so/,సో,सो,Banjara_english.docx
hundred times,so hapta,n.,/sō hapta/,సో హప్త,सो हप्ता,Banjara_english.docx
hunt,sikar,n.,/şikār/,షికార్,शिकार,Banjara_english.docx
hurdle,ado / adpadero,adv.,/ādo/ /adpadero/,ఆదో / అద్పదేరో,आदो / अदपदेरो,Banjara_english.docx
husband,gharevalo / dhani,n.,/gharēvālō/ /dhani/,ఘరేవాలో / ధని,घरेवालो / धनि,Banjara_english.docx
husband's younger brother,devar,n.,/devar/,దేవర్,देवर,Banjara_english.docx
husk,pora,n.,/pora/,పోర,पोरा,Banjara_english.docx
hut,jhumpdi,n.,/jhumpdi/,ఝుంప్ది,झुम्पदि,Banjara_english.docx
hysterical,avar,adj.,/avār/,అవార్,अवार,Banjara_english.docx
i,mam,pron.,/mam/,మమ్,मम,Banjara_english.docx
i am here,chum,v.,/chum/,ఛుమ్,छुम,Banjara_english.docx
i cannot tolerate it,samallam,v.,/samāllam/,సమాల్లమ్,समाल्लम,Banjara_english.docx
i found out,malankarlido,v.,/mālańkarlido/,మాలంకర్లిదో,मालंकर्लिदो,Banjara_english.docx
i gave,dino,v.,/dīno/,దీనో,दीनो,Banjara_english.docx
i will come,arocum,v.,/ārōcum/,ఆరోచుమ్,आरोचुम,Banjara_english.docx
i will give,dumcu,v.,/dūmcu/,దూమ్చు,दूम्चु,Banjara_english.docx
i will go and come back,jamn avumcum,v.,/jāmn avumcum/,జామ్న్ అవుమ్చుమ్,जाम्न अवुम्चुम,Banjara_english.docx
ice pieces falling with rain / hailing,hola,n.,/hōlā/,హోలా,होला,Banjara_english.docx
idea,odpu,n.,/ōdpu/,ఓద్పు,ओदपु,Banjara_english.docx
if not this,i namto,adv.,/i namto/,ఇ నమ్తో,इ नम्तो,Banjara_english.docx
if so,to,adv.,/to/,తో,तो,Banjara_english.docx
ignite,uclayer / lagjo,v.,/uclāyēr/ /lāgjo/,ఉచలాయేర్ / లాగ్జో,उचलायेर / लाग्जो,Banjara_english.docx
ignition; flame; inflammation,holi,n.,/holi/,హోలి,होलि,Banjara_english.docx
iguana,goyi,n.,/gōyi/,గోయి,गोयि,Banjara_english.docx
ill,vangdeni,n.,/vangdeni/,వంగ్దేని,वंग्देनि,Banjara_english.docx
illness,doketi / rog,n.,/dōkēti/ /rög/,దోకేతి / రోగ్,दोकेति / रोग,Banjara_english.docx
illustration,kala,n.,/kaļā/,కళా,कळा,Banjara_english.docx
image,chandi / bomma,n.,/chāndi/ /bomma/,ఛాంది / బొమ్మ,छान्दि / बोम्मा,Banjara_english.docx
imagination,sapano,n.,/sapano/,సపనో,सपनो,Banjara_english.docx
immediately,jannaj / jaldi,adv.,/jannāj/ /jaldi/,జన్నాజ్ / జల్ది,जन्नाज / जल्दि,Banjara_english.docx
immensely,jappa,adv.,/jappa/,జప్ప,जप्पा,Banjara_english.docx
immersion,dabol,n.,/dabōl/,దబోల్,दबोल,Banjara_english.docx
imminent,avajako / vajako,adj.,/āvajakō/ /vajako/,ఆవజకో / వజకో,आवजको / वजको,Banjara_english.docx
immortal,mvat chenijako,adj.,/mvāt chēnijako/,మ్వాత్ ఛేనిజకో,म्वात छेनिजको,Banjara_english.docx
immovable,hamla,adj.,/hamlā/,హమ్లా,हम्ला,Banjara_english.docx
impartial,imaneti,adj.,/imānēti/,ఇమానేతి,इमानेति,Banjara_english.docx
implement,amal kar,v.,/amal kar/,అమల్ కర్,अमल कर,Banjara_english.docx
impossible,venijako,adj.,/vēnijako/,వేనిజకో,वेनिजको,Banjara_english.docx
impotence,bayala,n.,/bāyalā/,బాయలా,बायला,Banjara_english.docx
impregnate,dhas,v.,/dhas/,ధస్,धस,Banjara_english.docx
improbable,venijako,adj.,/vēnijako/,వేనిజకో,वेनिजको,Banjara_english.docx
improvement,bader,n.,/bader/,బదేర్,बदेर,Banjara_english.docx
impurity,kalti,n.,/kalti/,కల్తి,कल्ति,Banjara_english.docx
in,mayi,prep.,/mayi/,మయి,मयि,Banjara_english.docx
in detail,kalan,adv.,/kaļān/,కళాన్,कळान,Banjara_english.docx
in the dark,andarema,adv.,/andärēmā/,అందారేమా,अन्दारेमा,Banjara_english.docx
in the sleep,nindema,adv.,/nindēmā/,నిందేమా,निन्देमा,Banjara_english.docx
in them,unduma,pron.,/unduma/,ఉండుమ,उण्डुमा,Banjara_english.docx
inaccurate,janan,adj.,/jānan/,జానన్,जानन,Banjara_english.docx
inadvertently,bhulcuk,adv.,/bhulcuk/,భుల్చుక్,भुलचुक,Banjara_english.docx
inane,sunobhat,adj.,/sūnōbhat/,సూనోభత్,सूनोभत,Banjara_english.docx
inanimate,vangayeni,adj.,/vangāyēni/,వంగాయేని,वंगायेनि,Banjara_english.docx
inaudible,atayeni,adj.,/atāyēni/,అతాయేని,अतायेनि,Banjara_english.docx
inch,inc / peri,n.,/inc/ /peri/,ఇంచ్ / పేరి,इञ्च / पेरि,Banjara_english.docx
incident,sanghatan,n.,/sanghatan/,సంఘటన్,संघटन,Banjara_english.docx
incompatible,jhammeni,adj.,/jhammeni/,ఝమ్మెని,झम्मेनि,Banjara_english.docx
incomplete,huyikoni,adj.,/huyikoni/,హుయికోని,हुयिकोनि,Banjara_english.docx
independent,ajadi,adj.,/ājādi/,ఆజాది,आजादि,Banjara_english.docx
indigestion,ajirti,n.,/ajirti/,అజిర్తి,अजिरति,Banjara_english.docx
indirectly,parput,adv.,/parput/,పర్పుత్,परपुत,Banjara_english.docx
indispensability,jarur,n.,/jarur/,జరుర్,जरुर,Banjara_english.docx
indisposed,naraj,adj.,/nārāj/,నారాజ్,नाराज,Banjara_english.docx
infecting,laggi,n.,/laggi/,లగ్గి,लग्गि,Banjara_english.docx
infinite,dhogla,adj.,/dhōgla/,ధోగ్ల,धोग्ला,Banjara_english.docx
inflate,umpan,v.,/umpan/,ఉంపన్,उम्पान,Banjara_english.docx
infuse,janavam,v.,/janāvam/,జనావమ్,जनावम,Banjara_english.docx
inhabitant,gharevalo / nivasi,n.,/gharēvālō/ /nivāsi/,ఘరేవాలో / నివాసి,घरेवालो / निवासि,Banjara_english.docx
inhalation,khyancer,n.,/khyancer/,ఖ్యాన్చేర్,ख्यान्चेर,Banjara_english.docx
inherit,avajako,v.,/āvajakō/,ఆవజకో,आवजको,Banjara_english.docx
injury,gumdi / cot,n.,/gumdi/ /cot/,గుమ్ది / చోట్,गुम्दि / चोट,Banjara_english.docx
injustice,anyayi / nakam,n.,/anyāyi/ /nakām/,అన్యాయి / నకామ్,अन्यायि / नकाम,Banjara_english.docx
inner organs,jivemar ang,n.,/jivemar āng/,జివేమర్ ఆంగ్,जिवेमर आंग,Banjara_english.docx
insatiable,apacna,adj.,/apacna/,అపచ్న,अपचना,Banjara_english.docx
insect,kida / kosari,n.,/kīdā/ /kośāri/,కీడా / కోశారి,कीडा / कोशारि,Banjara_english.docx
insert,dharas / dharsedam,v.,/dharas/ /dharsēdam/,ధరస్ / ధర్సేదమ్,धरस / धर्सेदम,Banjara_english.docx
inside,mayi,adv.,/mayi/,మయి,मयि,Banjara_english.docx
insolence,garab,n.,/garab/,గరబ్,गरब,Banjara_english.docx
inspection,khvale,n.,/khvālē/,ఖ్వాలే,ख्वाले,Banjara_english.docx
instruct,sikh,v.,/sīkh/,సీఖ్,सीख,Banjara_english.docx
insure,bhimakar,v.,/bhīmākar/,భీమాకర్,भीमाकर,Banjara_english.docx
insusceptible,vangdeni,adj.,/vangdeni/,వంగ్దేని,वंग्देनि,Banjara_english.docx
intelligent person,nanevalo,n.,/nnānēvālō/,జ్ఞానేవాలో,ज्ञानेवालो,Banjara_english.docx
intentionally,cavanukan / cavnokan,adv.,/cavanukan/ /cāvnōkan/,చవనుకన్ / చావోకన్,चवनुकन / चाव्नोकन,Banjara_english.docx
interest,khatar / dhyan,n.,/khātar/ /dhyān/,ఖాతర్ / ధ్యాన్,खातर / ध्यान,Banjara_english.docx
interest in the job,naukaripar valo,n.,/naukaripar vālo/,నౌకరిపర్ వాలో,नौकरिपर वालो,Banjara_english.docx
interior,chedar / mayi / hetalema,n.,/chedar/ /mayi/ /hețālēmā/,ఛేదర్ / మయి / హేతాలేమా,छेदर / मयि / हेतालेमा,Banjara_english.docx
interrupt,adoayer / bigadayer,v.,/ādoāyēr/ /bigadāyēr/,ఆదోఅయేర్ / బిగదాయేర్,आदोअयेर / बिगदायेर,Banjara_english.docx
intestine,antar,n.,/antar/,అంతర్,अन्तर,Banjara_english.docx
into the sea,sandarema,adv.,/sandarēmā/,సన్దరేమా,सन्दरेमा,Banjara_english.docx
introduce,parico / paicanokarero,v.,/parico/ /paicānokarēro/,పరిచో / పైచానోకరేరో,परिचो / पैचानोकरेरो,Banjara_english.docx
introduction,malam / valkani,n.,/mālam/ /valkāni/,మాలమ్ / వల్కాని,मालम / वल्कानि,Banjara_english.docx
introductory,malam chamjako,adj.,/mālam chamjakō/,మాలమ్ ఛమ్జకో,मालम छमजको,Banjara_english.docx
invent,dhund / malankarlido,v.,/dhund/ /malankarlido/,ధుండ్ / మలంకర్లిదో,धुन्ड / मलंकर्लिदो,Banjara_english.docx
inverted,vatlo,adj.,/vatlo/,వత్లో,वत्लो,Banjara_english.docx
invite; call,hankar,v.,/hankar/,హంకార్,हंकार,Banjara_english.docx
involve,dubgo,v.,/dūbgo/,దూబ్గో,दूब्गो,Banjara_english.docx
iron,loyo,n.,/lōyō/,లోయో,लोयो,Banjara_english.docx
iron chain to shut the door,khadka,n.,/khadka/,ఖడ్క,खड्का,Banjara_english.docx
irritate,hadkar,v.,/hadkar/,హద్కర్,हदकर,Banjara_english.docx
is that you?,tukam?,pron.,/tukam?/,తుకమ్?,तुकम?,Banjara_english.docx
it goes,jari,v.,/jari/,జరి,जरि,Banjara_english.docx
it happened,pur vego,v.,/pur vego/,పుర్ వేగో,पुर वेगो,Banjara_english.docx
it used to be there,jannaveti / rero,v.,/jannāvēti/ /rero/,జన్నావేతి / రేరో,जन्नावेति / रेरो,Banjara_english.docx
itch,khaj,n.,/khāj/,ఖాజ్,खाज,Banjara_english.docx
it's,or,pron.,/or/,ఓర్,ओर,Banjara_english.docx
jaundice,piliya,n.,/piliya/,పిలియ,पिलिया,Banjara_english.docx
jaw,jabdo,n.,/jābdo/,జాబ్డో,जाब्डो,Banjara_english.docx
jelly,cikno,adj.,/cikno/,చిక్నో,चिक्नो,Banjara_english.docx
july,satme mina,n.,/sātme minā/,సాత్మే మినా,सात्मे मिना,Banjara_english.docx
jump,kudero / kud,v.,/kudēro/ /kūd/,కుదేరో / కూద్,कुदेरो / कूद,Banjara_english.docx
junction,caurasta,n.,/caurasta/,చౌరస్తా,चौरस्ता,Banjara_english.docx
jungle,jangal,n.,/jangal/,జంగల్,जंगल,Banjara_english.docx
just,abhhal / jaldi / nayameti,adv.,/abhhāl/ /jaldi/ /nāyamēti/,అభ్హాల్ / జల్ది / నాయమేతి,अब्हाल / जल्दि / नायमेति,Banjara_english.docx
just escape,jarrama dagargi,v.,/jarrama dagargi/,జర్రమ దగర్గి,जर्रमा दगर्गी,Banjara_english.docx
judgement,tapsa / nasab,n.,/tapsa/ /nasāb/,తప్స / నసాబ్,तप्सा / नसाब,Banjara_english.docx
juice,phalcu / ras,n.,/phalcu/ /ras/,ఫల్చు / రస్,फल्चु / रस,Banjara_english.docx
kerosene,gastel,n.,/gāstel/,గాస్తేల్,गास्तेल,Banjara_english.docx
key,mukhya,n.,/mukhya/,ముఖ్య,मुख्या,Banjara_english.docx
kick,marlo,v.,/marlo/,మర్లో,मर्लो,Banjara_english.docx
killer,khunikhor,n.,/khūnikhör/,ఖూనిఖోర్,खूनिखोर,Banjara_english.docx
killing,marnaker,n.,/mārnāker/,మార్నాకేర్,मार्नाकेर,Banjara_english.docx
kind of deer,jangaler gorli,n.,/jangaler görli/,జంగలేర్ గోర్లి,जंगलेर गोर्लि,Banjara_english.docx
kind of fruit,bor,n.,/bōr/,బోర్,बोर,Banjara_english.docx
kingdom,rajyam,n.,/rājyam/,రాజ్యమ్,राज्यम,Banjara_english.docx
king's palace,ghad,n.,/ghad/,ఘాద్,घाद,Banjara_english.docx
kite,ghud / phatangi,n.,/ghūd/ /phatangi/,ఘూద్ / ఫతంగి,घूद / फतंगि,Banjara_english.docx
knee,godo,n.,/gōdo/,గోదో,गोदो,Banjara_english.docx
kneel,pagupader,v.,/pagupader/,పగుపదేర్,पगुपदेर,Banjara_english.docx
knife,chamri / pasna,n.,/chamri/ /pāsnā/,ఛమ్రి / పాస్నా,छम्रि / पास्ना,Banjara_english.docx
knitting,gunt / guntnaker,n.,/günt/ /güntnākēr/,గూంత్ / గూంత్నాకేర్,गून्त / गून्तनाकेर,Banjara_english.docx
knot,gant,n.,/gant/,గంట్,गन्ट,Banjara_english.docx
know,malancamjako,v.,/mālañcamjako/,మాలంచమ్జకో,मालंचमजको,Banjara_english.docx
known,adodcajako / malancamjako,adj.,/adōdcajako/ /mālañcamjakō/,అదోద్చజకో / మాలంచమ్జకో,अदोदचजको / मालंचमजको,Banjara_english.docx
known man,malam chamjako,n.,/mālam chamjakō/,మాలమ్ ఛమ్జకో,मालम छमजको,Banjara_english.docx
krishna river,krsna nandi,n. prop.,/krsnā nandi/,కృష్ణా నంది,कृष्णा नन्दि,Banjara_english.docx
label,kandar pan,n.,/kandar pan/,కందర్ పాన్,कन्दर पान,Banjara_english.docx
labour,kuli,n.,/kūli/,కూలి,कूलि,Banjara_english.docx
lack,kalo,n.,/kālō/,కాలో,कालो,Banjara_english.docx
ladle,kodci / korco,n.,/kodci/ /korco/,కోద్చి / కోర్చో,कोदचि / कोर्चो,Banjara_english.docx
lady leader,nayakan,n.,/nāyakan/,నాయకన్,नायकन,Banjara_english.docx
lake,kund / mototalavo,n.,/kūnd/ /mōtotaļāvo/,కూండ్ / మోతోతళావో,कून्ड / मोतोतळावो,Banjara_english.docx
lakh,lak,n.,/lāk/,లాక్,लाक,Banjara_english.docx
lamp,diyo,n.,/diyō/,దియో,दियो,Banjara_english.docx
land,des / palepar hutar / hotar,n.,/dēś/ /pālēpar hutar/ /hotār/,దేశ్ / పాలేపర్ హుతార్ / హోతార్,देश / पालेपर हुतार / होतार,Banjara_english.docx
landowner,jammedar,n.,/jammēdār/,జమ్మేదార్,जम्मेदार,Banjara_english.docx
lantern,diyo,n.,/diyō/,దియో,दियो,Banjara_english.docx
lap,godema,n.,/gōdemä/,గోదేమ,गोदेमा,Banjara_english.docx
large,pakko,adj.,/pakko/,పక్కో,पक्को,Banjara_english.docx
larger one,mot,adj.,/mot/,మోత్,मोत,Banjara_english.docx
larva,purpuncya,n.,/purpūncyā/,పుర్పూన్చ్యా,पुरपून्च्या,Banjara_english.docx
lass,navjavani,n.,/navjavāni/,నవ్జవాని,नव्जवानि,Banjara_english.docx
last,kosa,adj.,/kosa/,కోస,कोसा,Banjara_english.docx
latest,navvonakkor,adj.,/navvōnakkör/,నవ్వోనక్కోర్,नव्ओनक्कोर,Banjara_english.docx
laugh,hams,v.,/hams/,హమ్స్,हम्स,Banjara_english.docx
law,dharam,n.,/dharam/,ధరమ్,धरम,Banjara_english.docx
lawyer,vakil,n.,/vakil/,వకిల్,वकिल,Banjara_english.docx
lazy,tala kharo,adj.,/tālā khāro/,తాలా ఖారో,ताला खारो,Banjara_english.docx
lead,cal / nayaki,v.,/cal/ /nāyaki/,చల్ / నాయకి,चल / नायकि,Banjara_english.docx
leafy green,haro,adj.,/haro/,హరో,हरो,Banjara_english.docx
leafy vegetable,bhajji / mater bhaji,n.,/bhājji/ /mātēr bhāji/,భాజ్జి / మాతేర్ భాజి,भाज्जि / मातेर भाजि,Banjara_english.docx
leafy vegetables,bhajji,n.,/bhājji/,భాజ్జి,भाज्जि,Banjara_english.docx
leak,gandi,n.,/gandi/,గండి,गन्डि,Banjara_english.docx
leakage,curo,n.,/curo/,చురో,चुरो,Banjara_english.docx
lean,navgo / bhamero,adj.,/navgo/ /bhamēro/,నవ్గో / భమేరో,नवगो / भमेरो,Banjara_english.docx
learn,sikh,v.,/sīkh/,సీఖ్,सीख,Banjara_english.docx
leave,chod / phokat,v.,/chōd/ /phokat/,ఛోద్ / ఫోకత్,छोद / फोकत,Banjara_english.docx
leave it out,chod / chonak,v.,/chod/ /chōnāk/,ఛోద్ / ఛోనాక్,छोद / छोनाक,Banjara_english.docx
leaven,galer,n.,/gāler/,గాలేర్,गालेर,Banjara_english.docx
leaves,pan,n.,/pan/,పాన్,पान,Banjara_english.docx
lecture,pacar / bhasano,v.,/pacar/ /bhāsano/,పచర్ / భాసనో,पचर / भासनो,Banjara_english.docx
ledger,ganer vai,n.,/gaņēr vai/,గణేర్ వై,गणेर वै,Banjara_english.docx
left,dav,adj.,/dāv/,దావ్,दाव,Banjara_english.docx
leg,tang,n.,/tang/,తంగ్,तंग,Banjara_english.docx
legion,patalam,n.,/patālam/,పతాలమ్,पतालम,Banjara_english.docx
leisure,chutvela,n.,/chūtvēlā/,ఛూత్వేలా,छूत्वेला,Banjara_english.docx
lengthen; prolong,bada,v.,/bada/,బద,बदा,Banjara_english.docx
lens,arsi,n.,/arsi/,అర్సి,अर्सि,Banjara_english.docx
leprosy,kusti,n.,/kuști/,కుష్టి,कुष्टि,Banjara_english.docx
less,kam,adv.,/kam/,కమ్,कम,Banjara_english.docx
lesser,dassek,adj.,/dassēk/,దస్సేక్,दस्सेक,Banjara_english.docx
let's go,jamvam / javam,v.,/jamvam/ /jāvām/,జమ్వమ్ / జావామ్,जमवम / जावाम,Banjara_english.docx
let's jump with happy,kudam,v.,/kūdām/,కూదామ్,कूदाम,Banjara_english.docx
letter,karat / ciluku,n.,/karat/ /ciluku/,కరత్ / చిలుకు,करत / चिलुकु,Banjara_english.docx
letting it go,jayedam,n.,/jayedam/,జయేదమ్,जयेदम,Banjara_english.docx
liberty,mukti,n.,/mukti/,ముక్తి,मुक्ति,Banjara_english.docx
lick,cat,v.,/cat/,చాట్,चाट,Banjara_english.docx
lid,bhucno,n.,/bhūcno/,భూచ్నో,भूच्नो,Banjara_english.docx
lie back on to a support,adker,v.,/adker/,అద్కేర్,अदकेर,Banjara_english.docx
life,umar / dam,n.,/umar/ /dam/,ఉమర్ / దమ్,उमर / दम,Banjara_english.docx
life long,umar bharo,adj.,/umar bharo/,ఉమర్ భరో,उमर भरो,Banjara_english.docx
lift it and show,padan dikal,v.,/pādan dikāl/,పాదాన్ దికాల్,पादान दिकाल,Banjara_english.docx
lift to carry,paldam,v.,/paldam/,పల్దమ్,पल्दम,Banjara_english.docx
lifting,vatad,n.,/vatād/,వతాద్,वताद,Banjara_english.docx
light,jot / vajalo / solga,n.,/jōt/ /vajālō/ /solgā/,జోట్ / వజాలో / సోల్గా,जोट / वजालो / सोल्गा,Banjara_english.docx
light brown colour,bhinorang,n.,/bhinorang/,భినోరంగ్,भिनोरंग,Banjara_english.docx
light in weight,holiphul,adj.,/holiphül/,హోలిఫూల్,होलिफूल,Banjara_english.docx
like,sammat / sarik,prep.,/sammat/ /sarik/,సమ్మత్ / సరిక్,सम्मत / सरिक,Banjara_english.docx
like that,hanu,adv.,/hanu/,హను,हनु,Banjara_english.docx
like that only,hanuj,adv.,/hanuj/,హనుజ్,हनुज,Banjara_english.docx
like the one which is there,cham,adj.,/cham/,ఛమ్,छम,Banjara_english.docx
likely,veval,adj.,/vēvāl/,వేవాల్,वेवाल,Banjara_english.docx
limit,gettu,n.,/gettu/,గెత్తు,गेत्तु,Banjara_english.docx
limp,khoda,v.,/khoda/,ఖోద,खोदा,Banjara_english.docx
line,kir / hari,n.,/kir/ /hari/,కిర్ / హరి,किर / हरि,Banjara_english.docx
line of ploughing,sal,n.,/sal/,సల్,सल,Banjara_english.docx
link,bhele,adj.,/bhēlē/,భేలే,भेले,Banjara_english.docx
lion,janavar / sinkos,n.,/janāvar/ /sinkōs/,జనావర్ / సింకోస్,जनावर / सिन्कोस,Banjara_english.docx
lip,hot,n.,/hot/,హోట్,होट,Banjara_english.docx
liquid,pani,n.,/pāņi/,పాణి,पाणि,Banjara_english.docx
list,jabita,n.,/jābitā/,జాబితా,जाबिता,Banjara_english.docx
listless,bana jorer,adj.,/banā jörer/,బనా జోరేర్,बना जोरेर,Banjara_english.docx
lit the fire,angar ghal,v.,/angār ghal/,అంగార్ ఘల్,अंगार घल,Banjara_english.docx
litter,gadi,n.,/gādi/,గాది,गादि,Banjara_english.docx
little,dassek,adj.,/dassēk/,దస్సేక్,दस्सेक,Banjara_english.docx
live,jivani,v.,/jivani/,జివాని,जिवानि,Banjara_english.docx
lively,jiveti,adv.,/jīvēti/,జీవేతి,जीवेति,Banjara_english.docx
liver,koljo,n.,/koljō/,కోల్జో,कोल्जो,Banjara_english.docx
living,rero,n.,/rero/,రేరో,रेरो,Banjara_english.docx
lizard,kirkindo / chapni,n.,/kirkindo/ /chapni/,కిర్కిండో / ఛప్ని,किर्किन्डो / छपनि,Banjara_english.docx
loan,baki,n.,/bāki/,బాకి,बाकि,Banjara_english.docx
lock,kunji / burra,n.,/kuñji/ /burra/,కుంజి / బుర్ర,कुन्जि / बुर्रा,Banjara_english.docx
lodge,thakano,n.,/thakano/,థకనో,थकनो,Banjara_english.docx
loft,atku,n.,/atku/,అత్కు,अत्कु,Banjara_english.docx
log,lakad,n.,/lākad/,లాకడ్,लाकड,Banjara_english.docx
log of wood,lakad,n.,/lākad/,లాకడ్,लाकड,Banjara_english.docx
loneliness,chyant,n.,/chyant/,ఛ్యాంత్,छ्यान्त,Banjara_english.docx
long ago,dharagidiya / pena,adv.,/dharagidiyā/ /pēnā/,ధరగిదియా / పేనా,धरगिदिया / पेना,Banjara_english.docx
long horns,motsingeval,n.,/motsingeval/,మోత్సింగేవాల్,मोत्सिङ्गेवाल,Banjara_english.docx
long pole to propel a boat,padavar cattu / cattu,n.,/padavar cattu/ /cattu/,పదవర్ చత్తు / చత్తు,पदवर चत्तु / चत्तु,Banjara_english.docx
longing to see the opposite related person,jhurer,v.,/jhūrēr/,ఝూరేర్,झूरेर,Banjara_english.docx
longings,vat jo,n.,/vāt jō/,వాట్ జో,वाट जो,Banjara_english.docx
look,darsan / vata,n.,/darśan/ /vata/,దర్శన్ / వత,दर्शन / वता,Banjara_english.docx
looking seriously,kato deker,v.,/kātō deker/,కాతో దేకేర్,कातो देकेर,Banjara_english.docx
look; vision; optic,nanjar,n.,/nanjar/,నంజర్,नन्जर,Banjara_english.docx
loose,polo,adj.,/polo/,పోలో,पोलो,Banjara_english.docx
lose,hargo,v.,/hārgo/,హార్గో,हारगो,Banjara_english.docx
losing,khodino,n.,/khōdīnō/,ఖోదీనో,खोदीनो,Banjara_english.docx
losing colour,phatgo,v.,/phatgo/,ఫత్గో,फतगो,Banjara_english.docx
loss,budgo,n.,/būdgo/,బూద్గో,बूद्गो,Banjara_english.docx
lotion,tel,n.,/tel/,తేల్,तेल,Banjara_english.docx
loud,jorti,adv.,/jōrti/,జోర్తి,जोर्ति,Banjara_english.docx
louse,jum,n.,/jūm/,జూమ్,जूम,Banjara_english.docx
love,pyar,v.,/pyār/,ప్యార్,प्यार,Banjara_english.docx
lover (f.),pyari,n.,/pyari/,ప్యారి,प्यारि,Banjara_english.docx
lover (m.),pyaro,n.,/pyāro/,ప్యారో,प्यारो,Banjara_english.docx
lovers,pyar,n.,/pyar/,ప్యార్,प्यार,Banjara_english.docx
low air pressure,jhadi marri,n.,/jhadi mārri/,ఝది మర్రి,झदि मर्त्रि,Banjara_english.docx
luck,nasib,n.,/nasīb/,నసీబ్,नसीब,Banjara_english.docx
lunch,siravan,n.,/siravan/,సిరవన్,सिरवन,Banjara_english.docx
lungs,phyampro,n.,/phyāmpro/,ఫ్యామ్ప్రో,फ्याम्प्रो,Banjara_english.docx
lust,masti,n.,/masti/,మస్తి,मस्ति,Banjara_english.docx
lustre,vijekhaver,n.,/vījēkhaver/,వీజేఖవేర్,वीजेखवेर,Banjara_english.docx
mad,yandi / vyandi,n.,/yandi/ /vyāndi/,యంది / వ్యాంది,यन्दि / व्यान्दि,Banjara_english.docx
madam,nayakan,n.,/nāyakan/,నాయకన్,नायकन,Banjara_english.docx
made as right,samor kide / hadko,v.,/samor kidē/ /hadko/,సమోర్ కిదే / హద్కో,समोर किदे / हदको,Banjara_english.docx
madness,hadko,n.,/hadko/,హద్కో,हदको,Banjara_english.docx
magic,garadi / nanjar band,n.,/gāradi/ /nanjar band/,గారది / నంజర్ బండ్,गारदि / नन्जर बन्ड,Banjara_english.docx
main leader,motonayak,n.,/motonāyak/,మోతోనాయక్,मोतोनायक,Banjara_english.docx
main topic,khas matlab,n.,/khās matlab/,ఖాస్ మత్లబ్,खास मतलब,Banjara_english.docx
maintain,cal,v.,/cal/,చల్,चल,Banjara_english.docx
maintenance,pal,n.,/pal/,పాల్,पाल,Banjara_english.docx
maize,jyar / makka,n.,/jyār/ /makkā/,జ్యార్ / మక్కా,ज्यार / मक्का,Banjara_english.docx
maize plant,jarer rada,n.,/jārer rādā/,జారేర్ రాదా,जारेर रादा,Banjara_english.docx
make as bulge,apramju kar,v.,/āpramju kar/,ఆప్రమ్జు కర్,आप्रमजु कर,Banjara_english.docx
make cold,valadam,v.,/valādam/,వలాదమ్,वलादम,Banjara_english.docx
make dirty,bigadayer,v.,/bigadāyēr/,బిగదాయేర్,बिगदायेर,Banjara_english.docx
make fast,chapke / sampad,v.,/chapke/ /sampad/,ఛప్కే / సమ్పద్,छप्के / सम्पद,Banjara_english.docx
make flour,ato karer,v.,/ātō karer/,ఆటో కరేర్,आटो करेर,Banjara_english.docx
make fun of,maskari / ramader,v.,/maskari/ /ramādēr/,మస్కరి / రమాదేర్,मस्करि / रमादेर,Banjara_english.docx
make into a soft ball,muddakar,v.,/muddakar/,ముద్దకర్,मुद्दाकर,Banjara_english.docx
make loose,khulanak,v.,/khulānāk/,ఖులానాక్,खुलानाक,Banjara_english.docx
make mistakes,ballakar,v.,/ballākar/,బల్లాకర్,बल्लाकर,Banjara_english.docx
make smoke,dhumkar,v.,/dhūmkar/,ధూమ్కర్,धूमकर,Banjara_english.docx
make to happen,sarka,v.,/sarka/,సర్క,सर्का,Banjara_english.docx
making a move,hala,n.,/hala/,హల,हला,Banjara_english.docx
making a target,takero,n.,/tākēro/,తాకేరో,ताकेरो,Banjara_english.docx
making a tomb or grave,gatbhant,n.,/gatbhānt/,గత్భాంత్,गतभान्त,Banjara_english.docx
making curry,longvan karer,n.,/longvan karer/,లోంగ్వన్ కరేర్,लोङ्गवन करेर,Banjara_english.docx
making excuses,badan,n.,/badan/,బదన్,बदन,Banjara_english.docx
"""making impure",n.,"defiling""",ballakar / bigadayer,/ballākar/ /bigadāyer/,బల్లాకర్ / బిగదాయేర్,Banjara_english.docx
making level,matrangi,n.,/matrangi/,మత్రంగి,मत्रंगि,Banjara_english.docx
making small movement,hal,n.,/hal/,హల్,हल,Banjara_english.docx
making someone laugh,hamssad,v.,/hamssād/,హమ్స్సాద్,हमस्साद,Banjara_english.docx
making someone tell,kera / vata,v.,/kera/ /vatā/,కేర / వతా,केरा / वता,Banjara_english.docx
making to hatch,seven besarer,v.,/seven besärer/,సేవేన్ బేసారేర్,सेवेन बेसारेर,Banjara_english.docx
making to stuck,hapkadino,v.,/hapkādino/,హప్కాదినో,हप्कादिनो,Banjara_english.docx
"""male cat",n.,"tomcat""",bissa,/bissa/,బిస్స,Banjara_english.docx
male goat,bakra,n.,/bakrā/,బక్రా,बक्रा,Banjara_english.docx
"""male pig",n.,"boar""",sur,/sür/,సూర్,Banjara_english.docx
male slave,bhakti karevalo,n.,/bhakti karevālō/,భక్తి కరేవాలో,भक्ति करेवालो,Banjara_english.docx
man,admi / manikya / manas,n.,/admi/ /manikya/ /manas/,ఆద్మి / మనిఖ్య / మనస్,आद्मि / मनिक्या / मनस,Banjara_english.docx
mandate,ajna,n.,/ājna/,ఆజ్ఞ,आज्ञा,Banjara_english.docx
manger,golam / toti,n.,/golam/ /tōti/,గోలమ్ / తోతి,गोलम / तोति,Banjara_english.docx
manner,dhang,n.,/dhang/,ధంగ్,धंग,Banjara_english.docx
manufactured,kidojako,adj.,/kidojako/,కిదోజకో,किदोजको,Banjara_english.docx
manure heap,okoldi,n.,/okoldi/,ఓకోల్ది,ओकोल्दि,Banjara_english.docx
"""many; too many; very""",asman,adj.,/asmān/,అస్మాన్,अस्मान,Banjara_english.docx
map,patal,n.,/patāl/,పతాల్,पताल,Banjara_english.docx
march,dharam,n.,/dharam/,ధరమ్,धरम,Banjara_english.docx
mark,khyal / nisani / valak,n.,/khyāl/ /nisāni/ /valak/,ఖ్యాల్ / నిసాని / వలక్,ख्याल / निसानि / वलक,Banjara_english.docx
market,angadi,n.,/angadi/,అంగడి,अंगडि,Banjara_english.docx
maroon,joyivam,v.,/jōyivam/,జోయివమ్,जोयिवम,Banjara_english.docx
marriage,vaya,n.,/vāyā/,వాయా,वाया,Banjara_english.docx
marriage ceremony for a couple,vaya,n.,/vāyā/,వాయా,वाया,Banjara_english.docx
married woman,naset,n.,/naset/,నసేట్,नसेट,Banjara_english.docx
marrow,minji,n.,/minji/,మింజి,मिन्जि,Banjara_english.docx
marsh,kicaldi jag,n.,/kicaldi jāg/,కిచల్ది జాగ్,किचल्दि जाग,Banjara_english.docx
martin,maderlat,n.,/mādērlat/,మాదేర్లత్,मादेर्लत,Banjara_english.docx
masculine,marad,adj.,/marad/,మరద్,मरद,Banjara_english.docx
mash,curo,n.,/curo/,చురో,चुरो,Banjara_english.docx
mask,ghungto / jatan / burka,n.,/ghungto/ /jatan/ /burkā/,ఘుంగ్తో / జతన్ / బుర్కా,घुंग्तो / जतन / बुर्का,Banjara_english.docx
mason,sutari,n.,/sutari/,సుతరి,सुतारि,Banjara_english.docx
master,pujari,n.,/pūjāri/,పూజారి,पूजारि,Banjara_english.docx
mat,malav / sadri,n.,/malāv/ /sādri/,మలావ్ / సాద్రి,मलाव / साद्रि,Banjara_english.docx
mate,sati,adv.,/sati/,సతి,सति,Banjara_english.docx
material,cij,n.,/cīj/,చీజ్,चीज,Banjara_english.docx
maths,ganiti sasrtam,n.,/ganiti śāsrtam/,గణితి శాస్రతమ్,गणिति शास्रतम,Banjara_english.docx
matrimony,vaya,n.,/vāyā/,వాయా,वाया,Banjara_english.docx
matter,khabar / matalab,n.,/khabar/ /matalab/,ఖబర్ / మతలబ్,खबर / मतलब,Banjara_english.docx
maw,pet,n.,/pet/,పేట్,पेट,Banjara_english.docx
maybe,vacakayiko / vevasu,adv.,/vacakāyiko/ /vēvāsu/,వచకాయికో / వేవాసు,वचकायिको / वेवासु,Banjara_english.docx
meal,khoraki,n.,/khoraki/,ఖొరకి,खोरकि,Banjara_english.docx
meaning,adod,n.,/adōd/,అదోద్,अदोद,Banjara_english.docx
meaningful,samajvaju,adj.,/samajvajū/,సమజ్వజూ,समज्वजू,Banjara_english.docx
meaningless,adod chenijako / be matlab,adj.,/adod chēnijako/ /bē matlab/,అదోద్ ఛేనిజకో / బే మత్లబ్,अदोद छेनिजको / बे मतलब,Banjara_english.docx
meaningless talk,thalivate,n.,/thalivātē/,థలివాతే,थलिवाते,Banjara_english.docx
meanly,kharap,adv.,/kharāp/,ఖరాప్,खराप,Banjara_english.docx
measure,naper / pyano / mojer / lekko,v.,/nāpēr/ /pyānō/ /mōjēr/ /lekko/,నాపేర్ / ప్యానో / మోజేర్ / లెక్కో,नापेर / प्यानो / मोजेर / लेक्को,Banjara_english.docx
mechanism,misni,n.,/misni/,మిస్ని,मिस्नि,Banjara_english.docx
medical treatment,ilaj,n.,/ilaj/,ఇలాజ్,इलाज,Banjara_english.docx
medicine,jhad / daktar padayi / dava,n.,/jhād/ /dāktar padāyi/ /dava/,ఝాడ్ / డాక్టర్ పదాయి / దవ,झाड / डाक्टर पदायि / दवा,Banjara_english.docx
medicines,davayi,n.,/davāyi/,దవాయి,दवायि,Banjara_english.docx
meet,bhalge,v.,/bhalge/,భల్గే,भलगे,Banjara_english.docx
men,tander,n.,/tander/,తందేర్,तन्देर,Banjara_english.docx
mental state,mangati,n.,/mangati/,మంగతి,मंगति,Banjara_english.docx
mere,ekkaj,adj.,/ekkaj/,ఎక్కజ్,एक्कज,Banjara_english.docx
merge,dobal,v.,/dobal/,దోబల్,दोबल,Banjara_english.docx
messy at work,chint chant,adj.,/chint chant/,చింట్ ఛాంట్,चिन्ट छान्त,Banjara_english.docx
midday,khas dopper,n.,/khas dopper/,ఖాస్ దొప్పేర్,खास दोप्पेर,Banjara_english.docx
middle,vaccero,adj.,/vaccēro/,వచ్చేరో,वच्चेरो,Banjara_english.docx
middle finger,vaccer angli,n.,/vaccer angli/,వచ్చేర్ అంగ్లి,वच्चेर अंग्लि,Banjara_english.docx
middle son,vaccet beta,n.,/vaccet bētā/,వచ్చేట్ బేటా,वच्चेट बेटा,Banjara_english.docx
middleman,vaccela,n.,/vaccēla/,వచ్చేల,वच्चेला,Banjara_english.docx
midnight,ajrat,n.,/ājrāt/,ఆజ్రాత్,आज्रात,Banjara_english.docx
might be there,revasu,v.,/rēvāsu/,రేవాసు,रेवासु,Banjara_english.docx
mighty,jado,adj.,/jado/,జాదో,जादो,Banjara_english.docx
migrating,ladani,n.,/ladani/,లదని,लदनि,Banjara_english.docx
mild,dassek,adj.,/dassēk/,దస్సేక్,दस्सेक,Banjara_english.docx
milk,dud,n.,/dud/,దూద్,दूद,Banjara_english.docx
mill,girni,n.,/girni/,గిర్ని,गिर्नि,Banjara_english.docx
mind,akal / kanni,n.,/akal/ /kanni/,అకల్ / కన్ని,अकल / कन्नि,Banjara_english.docx
mindful,jagan,adj.,/jāgan/,జాగన్,जागन,Banjara_english.docx
mineral,khanijam,n.,/khanijam/,ఖనిజమ్,खनिजम,Banjara_english.docx
mint,pudina,n.,/pudina/,పుదిన,पुदिना,Banjara_english.docx
minute,ghadi,n.,/ghadi/,ఘది,घदि,Banjara_english.docx
miracle,tvalimarer,adj.,/tvāļimārer/,త్వాళిమారేర్,त्वाळिमारेर,Banjara_english.docx
mirror,arsi,n.,/arsi/,అర్సి,अर्सि,Banjara_english.docx
miscellaneous,chirla,adj.,/chirlā/,ఛిర్లా,छिर्ला,Banjara_english.docx
mischief,gadbad,n.,/gadbad/,గడ్బడ్,गडबड,Banjara_english.docx
mischievous sounds,sinti,n.,/sinti/,సింతి,सिन्ति,Banjara_english.docx
misfortune,be kismat,n.,/be kismat/,బే కిస్మత్,बे किस्मत,Banjara_english.docx
mishap,takkar,n.,/takkar/,తక్కర్,थक्कर,Banjara_english.docx
mixed with copper colour,bhur ranger,adj.,/bhür ranger/,భూర్ రంగేర్,भूर रंगेर,Banjara_english.docx
mixing,ekkarer,n.,/ēkkarer/,ఎక్కరేర్,एक्करेर,Banjara_english.docx
mobilize,dhamyikar,v.,/dhamyikar/,ధమ్యికర్,धम्यिकर,Banjara_english.docx
moment,ghadiya,n.,/ghadiya/,ఘదియ,घदिया,Banjara_english.docx
monetary assets of a country,rapiya,n.,/rapiya/,రపియ,रपिया,Banjara_english.docx
money,pisa,n.,/pisa/,పిస,पिस,Banjara_english.docx
money box,tijori,n.,/tijōri/,తిజోరి,तिजोरि,Banjara_english.docx
money under the table,lanc,n.,/lāñc/,లాంచ్,लान्च,Banjara_english.docx
monk,sanyasi,n.,/sanyāsi/,సన్యాసి,सन्यासि,Banjara_english.docx
monkey,vandri,n.,/vandri/,వండ్రి,वन्द्रि,Banjara_english.docx
mono,ekkaj,adj.,/ekkaj/,ఎక్కజ్,एक्कज,Banjara_english.docx
monster,dana,n.,/dānā/,దానా,दाना,Banjara_english.docx
month,mina,n.,/minā/,మినా,मिना,Banjara_english.docx
monthly,minama,adj.,/mināmā/,మినామా,मिनामा,Banjara_english.docx
mood,sor,n.,/sor/,సోర్,सोर,Banjara_english.docx
moon,cand,n.,/cand/,చాంద్,चान्द,Banjara_english.docx
moor,maidan,n.,/maidan/,మైదాన్,मैदान,Banjara_english.docx
moral,niyat,n.,/niyat/,నియత్,नियत,Banjara_english.docx
morass,kinc,n.,/kinc/,కించ్,किन्च,Banjara_english.docx
more,ajji / ajjiatra / asman / jappa / jyada / ras,adj.,/ajji/ /ajjiatrā/ /asmān/ /jappa/ /jyādā/ /rās/,అజ్జి / అజ్జియత్రా / అస్మాన్ / జప్ప / జ్యాదా / రాస్,अज्जि / अज्जियत्रा / अस्मान / जप्पा / ज्यादा / रास,Banjara_english.docx
more than,jadam,adj.,/jādām/,జాదామ్,जादाम,Banjara_english.docx
morning,parbati / savaro,n.,/parbāti/ /savārō/,పర్బాతి / సవారో,पर्बाति / सवारो,Banjara_english.docx
mosque,miyar deval,n.,/miyar dēval/,మియర్ దేవెల్,मियर देवल,Banjara_english.docx
mosquito,machchar,n.,/machchar/,మచ్చర్,मच्छर,Banjara_english.docx
moss,kanji,n.,/kāñji/,కాంజి,कान्जि,Banjara_english.docx
mother's younger sister,masi,n.,/māsi/,మాసి,मासि,Banjara_english.docx
motion,sarkero,n.,/sarkērō/,సర్కేరో,सर्केरो,Banjara_english.docx
motions,petcaler,n.,/petcaler/,పేట్చలేర్,पेटचलेर,Banjara_english.docx
motor,gadi,n.,/gādi/,గాది,गादि,Banjara_english.docx
mountain,pahad,n.,/pahad/,పహాడ్,पहाड,Banjara_english.docx
moustache,muce,n.,/müce/,మూచే,मूचे,Banjara_english.docx
mouthful,mundobaran,adj.,/mündōbaran/,మూందోబరన్,मून्दोबरन,Banjara_english.docx
move,sarka,v.,/sarka/,సర్క,सर्का,Banjara_english.docx
move carefully,atakamleti sarak,v.,/ațakamļēti sarak/,అతకమ్ళేతి సరక్,अतकमळेति सरक,Banjara_english.docx
"""movement; gait; pace""",jayero,n.,/jāyēro/,జాయేరో,जायेरो,Banjara_english.docx
much,katrayiko / ras,adj.,/katrāyikō/ /rās/,కత్రాయికో / రాస్,कत्रायिको / रास,Banjara_english.docx
mud,kicaldo,n.,/kicaldo/,కిచల్దో,किचल्दो,Banjara_english.docx
muddy soil,kinceval jammi,n.,/kincēvāl jammi/,కించేవాల్ జమ్మి,किन्चेवाल जम्मि,Banjara_english.docx
muffle,dhank,v.,/dhānk/,ధాంక్,धान्क,Banjara_english.docx
mug,lota,n.,/lota/,లోత,लोता,Banjara_english.docx
murder,marnaker,n.,/mārnāker/,మార్నాకేర్,मार्नाकेर,Banjara_english.docx
murderer,khunikhor,n.,/khunikhor/,ఖునిఖోర్,खुनिखोर,Banjara_english.docx
murmur,gun gun karer,v.,/gun gun karer/,గున్ గున్ కరేర్,गुन गुन करेर,Banjara_english.docx
muscles,mas,n.,/mas/,మస్,मस,Banjara_english.docx
mushroom,gaje,n.,/gājē/,గాజే,गाजे,Banjara_english.docx
music,gid,n.,/gid/,గిద్,गिद,Banjara_english.docx
musical instrument,sangitamer visra,n.,/sangitamēr visrā/,సంగీతమేర్ విస్రా,संगीतामेर विस्रा,Banjara_english.docx
muslim,miya,n. prop.,/miya/,మియ,मिया,Banjara_english.docx
mustard,ramyi,n.,/ramyi/,రమ్యి,रम्यि,Banjara_english.docx
mute,gungo,adj.,/gungo/,గుంగో,गुंगो,Banjara_english.docx
mutton piece,dali,n.,/dali/,దలి,दलि,Banjara_english.docx
myna,garkoli,n.,/garköli/,గర్కోలి,गर्कोलि,Banjara_english.docx
name,nam,n.,/nām/,నామ్,नाम,Banjara_english.docx
name of a person,admir nam,n.,/admir nām/,ఆద్మిర్ నామ్,आदमिर नाम,Banjara_english.docx
namesake,mani mani,n.,/mani mani/,మని మని,मनि मनि,Banjara_english.docx
narrow,dhamyi / patlo / sankdo,adj.,/dhamyi/ /patlō/ /sankdo/,ధమ్యి / పత్లో / సంక్దో,धम्यि / पत्लो / संक्दो,Banjara_english.docx
nature,gon,n.,/gon/,గోన్,गोन,Banjara_english.docx
"""nature",n.,"behaviour""",prakrti,/prakrti/,ప్రకృతి,Banjara_english.docx
navel,sunti,n.,/sunti/,సుంతి,सुन्ति,Banjara_english.docx
near,dhamyi,adv.,/dhamyi/,ధమ్యి,धम्यि,Banjara_english.docx
nearness,dhamyi,n.,/dhamyi/,ధమ్యి,धम्यि,Banjara_english.docx
neck,kanda / gardan / naldi,n.,/kanda/ /gardan/ /naldi/,కంద / గర్దన్ / నల్ది,कन्दा / गर्दन / नल्दि,Banjara_english.docx
necklace,har,n.,/har/,హార్,हार,Banjara_english.docx
needle,suyi,n.,/suyi/,సుయి,सुयि,Banjara_english.docx
negative,vatlo,adj.,/vatlo/,వత్లో,वत्लो,Banjara_english.docx
neighbours,sam,n.,/sām/,సామ్,साम,Banjara_english.docx
nephew,bhan jo,n.,/bhān jō/,భాన్ జో,भान जो,Banjara_english.docx
nest,khodo / mangalo / malo,n.,/khodo/ /mangālō/ /mālō/,ఖోదో / మంగాలో / మాలో,खोदो / मंगालो / मालो,Banjara_english.docx
net,jhal,n.,/jhāl/,ఝాల్,झाल,Banjara_english.docx
new,navvo,adj.,/navvo/,నవ్వో,नव्ओ,Banjara_english.docx
newly,navvo,adv.,/navvo/,నవ్వో,नव्ओ,Banjara_english.docx
news,khabar / khoj,n.,/khabar/ /khōj/,ఖబర్ / ఖోజ్,खबर / खोज,Banjara_english.docx
newspaper,kagad,n.,/kāgad/,కాగద్,कागद,Banjara_english.docx
next,paccer,adj.,/paccer/,పచ్చేర్,पच्चेर,Banjara_english.docx
nice,kub ac,adj.,/kūb ac/,కూబ్ ఆచ్,कूब आच,Banjara_english.docx
nicely,asman,adv.,/asmān/,అస్మాన్,अस्मान,Banjara_english.docx
nick,jel,n.,/jel/,జేల్,जेल,Banjara_english.docx
night,rat,n.,/rat/,రాత్,रात,Banjara_english.docx
nine,nav,num.,/nav/,నవ్,नव,Banjara_english.docx
nineteen,vagnis,num.,/vagnis/,వగ్నిస్,वग्निस,Banjara_english.docx
ninety,navad,num.,/navad/,నవద్,नवाद,Banjara_english.docx
no,mat,adv.,/mat/,మత్,मत,Banjara_english.docx
no shelter,banagatero,adj.,/banāgatero/,బనాగతేరో,बनागतेरो,Banjara_english.docx
noble,ac,adj.,/ac/,ఆచ్,आच,Banjara_english.docx
northward,dhamyi,adv.,/dhamyi/,ధమ్యి,धम्यि,Banjara_english.docx
nose,nak,n.,/nāk/,నాక్,नाक,Banjara_english.docx
nose ring,phula / bhuriya,n.,/phulā/ /bhūriya/,ఫులా / భూరియ,फुला / भूरिया,Banjara_english.docx
not,koni / veni,adv.,/kōni/ /vēni/,కోని / వేని,कोनि / वेनि,Banjara_english.docx
not being tired,harcheni,adj.,/härcheni/,హార్ఛేని,हारछेनि,Banjara_english.docx
not matching,purveni,adj.,/purveni/,పుర్వేని,पुर्वेनि,Banjara_english.docx
not stretchable,badeni,adj.,/badeni/,బదేని,बदेनि,Banjara_english.docx
not that much,atrakoni,adv.,/atrākoni/,అత్రాకోని,अत्राकोनि,Banjara_english.docx
not understandable,kalenijako,adj.,/kaļēnijako/,కళేనిజకో,कळेनिजको,Banjara_english.docx
note,ciluku / pan,n.,/ciluku/ /pan/,చిలుకు / పాన్,चिलुकु / पान,Banjara_english.docx
noun,namen vatayer,n.,/nāmēn vatāyer/,నామేన్ వతాయేర్,नामेन वतायेर,Banjara_english.docx
nourishment,dhapan,n.,/dhāpan/,ధాపన్,धापन,Banjara_english.docx
now,abbam,adv.,/abbam/,అబ్బమ్,अब्बम,Banjara_english.docx
now and then,jannar janna,adv.,/jannār janna/,జన్నార్ జన్న,जन्नार जन्ना,Banjara_english.docx
numb,battar,adj.,/battar/,బత్తర్,बत्तर,Banjara_english.docx
number,ank,n.,/ānk/,ఆంక్,आंक,Banjara_english.docx
nurse,seva,n.,/sēvā/,సేవా,सेवा,Banjara_english.docx
oat,bhaldu,n.,/bhaldu/,భల్దు,भल्दु,Banjara_english.docx
oath; vow,svagan,n.,/svāgan/,స్వాగన్,स्वागन,Banjara_english.docx
obedient,manimi,adj.,/manimi/,మనిమి,मनिमि,Banjara_english.docx
observe,deku kar / parakpakad,v.,/dēkū kar/ /parakpakad/,దేకూ కర్ / పరక్పకడ్,देकू कर / परकपकड,Banjara_english.docx
obstruct,adam ayer / thamad,v.,/ādam āyēr/ /thamad/,ఆదమ్ అయేర్ / థమాద్,आदम अयेर / थमाद,Banjara_english.docx
obvious,vatekarevalo,adj.,/vātēkarēvālō/,వాతేకరేవాలో,वातेकरेवालो,Banjara_english.docx
occupy,khabja / dhamyikar,v.,/khabjā/ /dhamyikar/,ఖబ్జా / ధమ్యికర్,खब्जा / धम्यिकर,Banjara_english.docx
ocean,motosamdar,n.,/motosamdar/,మోతోసమ్దార్,मोतोसमदार,Banjara_english.docx
of,or,prep.,/or/,ఓర్,ओर,Banjara_english.docx
of a chilli,marca,n.,/marca/,మర్చ,मर्चा,Banjara_english.docx
of all,ser,adj.,/ser/,సేర్,सेर,Banjara_english.docx
offence,jurmana / dand,n.,/jurmāna/ /dand/,జుర్మాన / దండ్,जुर्माना / दन्ड,Banjara_english.docx
offer sacrifice,polimar,v.,/polimar/,పోలిమార్,पोलिमार,Banjara_english.docx
offering,choder / denaker,n.,/chōder/ /denāker/,ఛోదేర్ / దేనాకేర్,छोदेर / देनाकेर,Banjara_english.docx
office,daphtar,n.,/daphtar/,దఫ్తార్,दफतार,Banjara_english.docx
oil,tel,n.,/tel/,తేల్,तेल,Banjara_english.docx
okra,bhinda,n.,/bhinda/,భింద,भिन्दा,Banjara_english.docx
old,juno / budo,adj.,/jūnō/ /budo/,జూనో / బుదో,जूनो / बुदो,Banjara_english.docx
old man,budo,n.,/budo/,బుదో,बुदो,Banjara_english.docx
old person,juno / bhalaadmi,n.,/jūnō/ /bhalāādmi/,జూనో / భలాఆద్మి,जूनो / भलाआद्मि,Banjara_english.docx
omlette,bhunjo,n.,/bhūnjo/,భూంజో,भून्जो,Banjara_english.docx
on it,opra,adv.,/õpra/,ఓప్ర,ओप्रा,Banjara_english.docx
on our own,apneti apan,pron.,/apnēti apan/,అప్నేతి అపన్,अप्नेति अपन,Banjara_english.docx
once,ektvayi,adv.,/ektvāyi/,ఎక్త్వాయి,एक्त्वायि,Banjara_english.docx
one,ek / eklo,num.,/ēk/ /ēklo/,ఏక్ / ఏక్లో,एक / एकलो,Banjara_english.docx
one among us,apanema ek,pron.,/āpaņēma ēk/,ఆపణేమ ఏక్,आपणेमा एक,Banjara_english.docx
one person,ekkaj,pron.,/ekkaj/,ఎక్కజ్,एक्कज,Banjara_english.docx
one thing,ekkinam,n.,/ekkinam/,ఎక్కినమ్,एक्किनम,Banjara_english.docx
one to one,ekin ek,adv.,/ekin ek/,ఏకిన్ ఏక్,एकिस एक,Banjara_english.docx
one type of rope,palugu,n.,/palugu/,పలుగు,पलुगु,Banjara_english.docx
one which being told,kajako,n.,/kajako/,కజకో,कजको,Banjara_english.docx
one who poses for a painting,navero,n.,/navero/,నవేరో,नवेरो,Banjara_english.docx
ones,ekkir,pron.,/ekkir/,ఎక్కిర్,एक्किर,Banjara_english.docx
one's back,pute,n.,/pute/,పుతే,पुते,Banjara_english.docx
ones which is coming,avamjako,adj.,/āvamjako/,ఆవమ్జకో,आवमजको,Banjara_english.docx
onion,kanda,n.,/kandā/,కందా,कन्दा,Banjara_english.docx
only,ekkaj,adj.,/ekkaj/,ఎక్కజ్,एक्कज,Banjara_english.docx
only a little,dhassekaj,adv.,/dhassekaj/,ధస్సేకజ్,धस्सेकज,Banjara_english.docx
only one,ekkaj,adv.,/ekkaj/,ఎక్కజ్,एक्कज,Banjara_english.docx
only one person,eklenam,pron.,/ēklēnam/,ఏక్లేనమ్,एक्लेनम,Banjara_english.docx
ooze,cuyo / curo,v.,/cuyo/ /curo/,చుయో / చురో,चुयो / चुरो,Banjara_english.docx
oozing,sangler,n.,/sangler/,సాంగ్లేర్,सान्ग्लेर,Banjara_english.docx
open,khvallam / choddine / bonikir,v.,/khvallam/ /chōddine/ /bonikir/,ఖ్వల్లమ్ / ఛోద్దిని / బోనికిర్,ख्वल्लम / छोद्दिने / बोनिकिर,Banjara_english.docx
open it,vadod,v.,/vadod/,వదోద్,वादोद,Banjara_english.docx
opening,kholer / khvalero,n.,/kholer/ /khvālēro/,ఖోలేర్ / ఖ్వాలేరో,खोलेर / ख्वालेरो,Banjara_english.docx
opening a cabinet,arranam khol,v.,/arrānaṁ khōl/,అర్రానం ఖోల్,अर्रानं खोल,Banjara_english.docx
openly,khullankhulla,adv.,/khullankhulla/,ఖుల్లంఖుల్ల,खुल्लंखुल्ला,Banjara_english.docx
operation,apresan,n.,/aprēśan/,అప్రేషన్,अप्रेशान,Banjara_english.docx
opportunity,dado,n.,/dādo/,దాదో,दादो,Banjara_english.docx
oppose,hata / hato,v.,/hata/ /hato/,హత / హతో,हता / हतो,Banjara_english.docx
or,nato / nikan,conj.,/nato/ /nikan/,నతో / నికన్,नतो / निकन,Banjara_english.docx
orange,santral,n.,/santrāl/,సంత్రాల్,सन्त्राल,Banjara_english.docx
orbit,gheran,n.,/gheran/,ఘేరన్,घेरन,Banjara_english.docx
organic,loyo,adj.,/lōyō/,లోయో,लोयो,Banjara_english.docx
organization,malav / sanghari,n.,/malāv/ /sanghari/,మలావ్ / సంఘరి,मलाव / संघरि,Banjara_english.docx
origin,saru,n.,/saru/,సరు,सरु,Banjara_english.docx
orphan,gaticheni,n.,/gatichēni/,గతిఛేని,गतिछेनि,Banjara_english.docx
other,dusre,adj.,/dūsre/,దూస్రే,दूस्रे,Banjara_english.docx
otherwise,nikan,adv.,/nikān/,నికన్,निकान,Banjara_english.docx
ours,apno / apan,pron.,/apno/ /āpan/,అప్నో / ఆపన్,अप्नो / आपन,Banjara_english.docx
outburst,phuter,n.,/phuter/,ఫుతేర్,फुतेर,Banjara_english.docx
outcry,ramri,n.,/ramri/,రమ్రి,रम్రి,Banjara_english.docx
outer layer,umpram,n.,/umpram/,ఉమ్రమ్,उम्राम,Banjara_english.docx
outline,rup / vanya,n.,/rup/ /vanya/,రుప్ / వన్య,रुप / वन्या,Banjara_english.docx
outmoded,juno,adj.,/jūnō/,జూనో,जूनो,Banjara_english.docx
oven,thikri / tavva,n.,/thikri/ /tavva/,థిక్రి / తవ్వ,थिक्रि / तव्वा,Banjara_english.docx
over,pur vego / vegi / vegojako,adj.,/pur vēgo/ /vēgi/ /vēgojako/,పుర్ వేగో / వేగి / వేగోజకో,पुर वेगो / वेगि / वेगोजको,Banjara_english.docx
overthrow,phank dam,v.,/phānk dam/,ఫాంక్ దమ్,फांक दम,Banjara_english.docx
owl,cibri,n.,/cibri/,చిబ్రి,चिब्रि,Banjara_english.docx
own,or,adj.,/or/,ఓర్,ओर,Banjara_english.docx
owner,gharevalo / jammedar / tanero / malik,n.,/gharēvālō/ /jammēdār/ /tanērō/ /mālik/,ఘరేవాలో / జమ్మేదార్ / తనేరో / మాలిక్,घरेवालो / जम्मेदार / तनेरो / मालिक,Banjara_english.docx
packet,puli,n.,/pūļi/,పుళి,पूळि,Banjara_english.docx
pain,duk,n.,/duk/,దుక్,दुक,Banjara_english.docx
pair,jodi,n.,/jodi/,జోది,जोदि,Banjara_english.docx
paisa,pisa,n. prop.,/pisa/,పిస,पिस,Banjara_english.docx
palace / castle,raj mandir,n.,/rāj mandir/,రాజ్ మందిర్,राज मन्दिर,Banjara_english.docx
palm,hatli,n.,/hatli/,హత్లి,हत्लि,Banjara_english.docx
palm fruit,khajuri,n.,/khajuri/,ఖజురి,खजुरि,Banjara_english.docx
palm tree,tader jhad,n.,/tader jhād/,తదేర్ ఝాడ్,तदेर झाड,Banjara_english.docx
palmistry,jatakam,n.,/jātakam/,జాతకమ్,जातकम,Banjara_english.docx
pan,sari / se,n.,/sāri/ /se/,సారి / సే,सारि / से,Banjara_english.docx
pancreas,pitto,n.,/pitto/,పిత్తో,पित्तो,Banjara_english.docx
papaya,papad kaya,n.,/papad kāya/,పపడ్ కాయ,पपड काया,Banjara_english.docx
paper,ciluku,n.,/ciluku/,చిలుకు,चिलुकु,Banjara_english.docx
paralysis,paiscavatam,n.,/paiścavātam/,పైశ్చవాతమ్,पैश्चवातम,Banjara_english.docx
pare,chol / pottu kad,v.,/chōl/ /pottu kād/,ఛోల్ / పొత్తు కాద్,छोल / पोत्तु काद,Banjara_english.docx
parliament,parlament,n.,/parlament/,పర్లమెంట్,पार्लमेन्ट,Banjara_english.docx
parrot,cilka / ram cilaka,n.,/cilka/ /rām cilaka/,చిల్క / రామ్ చిలక,चिल्का / राम चिलका,Banjara_english.docx
part,chut jo / chetikar / hamso,v. / n.,/chūt jō/ /chētikar/ /hamso/,ఛూట్ జో / ఛేతికర్ / హమ్సో,छूट जो / छेतिकर / हम्सो,Banjara_english.docx
partiality,valpacanam,n.,/valpacanam/,వల్పచనమ్,वल्पचनम,Banjara_english.docx
participant (m.),bhalgojako,pron.,/bhalgojako/,భల్గోజకో,भल्गोजको,Banjara_english.docx
particular,ac,adj.,/ac/,ఆచ్,आच,Banjara_english.docx
partner,hissadar,n.,/hissādār/,హిస్సాదార్,हिस्सादार,Banjara_english.docx
parts,bhage,n.,/bhāgē/,భాగే,भागे,Banjara_english.docx
party,khoraki,n.,/khoraki/,ఖొరకి,खोरकि,Banjara_english.docx
pass,pas vego,n.,/pās vēgo/,పాస్ వేగో,पास वेगो,Banjara_english.docx
paste,cuntad,v.,/cuntad/,చుంతాద్,चुन्ताद,Banjara_english.docx
pasture,meta,n.,/meta/,మేట,मेटा,Banjara_english.docx
paternal aunt,phupir,n.,/phupir/,ఫుపిర్,फुपिर,Banjara_english.docx
patience,opkyi,n.,/opkyi/,ఓప్యి,ओप्यि,Banjara_english.docx
patio,mandva,n.,/mandvā/,మండ్వా,मन्ड्वा,Banjara_english.docx
pattern,ornayi,n.,/ornayi/,ఓర్నయి,ओर्नयि,Banjara_english.docx
pay,denak / der,v.,/dēnāk/ /der/,దేనాక్ / దేర్,देनाक / देर,Banjara_english.docx
payment,der,n.,/der/,దేర్,देर,Banjara_english.docx
peep,nayan dek,v.,/nayan dēk/,నయన్ దేక్,नयन देक,Banjara_english.docx
pen,ponti,n.,/ponti/,పొంతి,पोन्ति,Banjara_english.docx
penalty,dand,n.,/dand/,దండ్,दन्ड,Banjara_english.docx
penance,tapas,n.,/tapas/,తపస్,तपस,Banjara_english.docx
people,jan,n.,/jan/,జ్నన్,जन,Banjara_english.docx
perform prayer,puja,v.,/pūja/,పూజ,पूजा,Banjara_english.docx
peripheral; superficial,umparumpar,adj.,/umparumpar/,ఉంపరుంపర్,उम्परुम्पर,Banjara_english.docx
perm,karlelatta,n.,/kärlelattä/,కార్లేలత్తా,कार्लेलत्ता,Banjara_english.docx
permission,saval puncer,n.,/savāl püñcer/,సవాల్ పూన్చేర్,सवाल पून्चेर,Banjara_english.docx
permit,ijajat,v.,/ijājat/,ఇజాజత్,इजाजत,Banjara_english.docx
person,admi,n.,/admi/,ఆద్మి,आद्मि,Banjara_english.docx
person who knows everything,jnani,n.,/jnani/,జ్ఞాని,ज्ञानि,Banjara_english.docx
persuade,pura / manayer,v.,/purā/ /manāyēr/,పురా / మనాయేర్,पुरा / मनायेर,Banjara_english.docx
pertinent,purvajatra,adj.,/pūrvajatrā/,పూర్వజత్రా,पूर्वजत्रा,Banjara_english.docx
pestle,ukli / sota,n.,/ukli/ /sōtā/,ఉక్లి / సోతా,उक्लि / सोता,Banjara_english.docx
petrol,pitrol,n.,/pitrol/,పిట్రోల్,पिट्रोल,Banjara_english.docx
petty,dassek,adj.,/dassēk/,దస్సేక్,दस्सेक,Banjara_english.docx
physically,jivero,adv.,/jīvērō/,జీవేరో,जीवेरो,Banjara_english.docx
physician,vaidgudu,n.,/vaidgudu/,వైద్యగుడు,वैद्यगुडु,Banjara_english.docx
pick,khubac,n.,/khūbāc/,ఖూబాచ్,खूबाच,Banjara_english.docx
pickle,khvadi,n.,/khvādi/,ఖ్వాది,ख्वादि,Banjara_english.docx
picture,bomma,n.,/bomma/,బొమ్మ,बोम्मा,Banjara_english.docx
pigeon,kabutar,n.,/kabutar/,కబూతర్,कबूतर,Banjara_english.docx
pigment,rang,n.,/rang/,రంగ్,रंग,Banjara_english.docx
pile,masan,n.,/masan/,మసాన్,मसान,Banjara_english.docx
pillar,thamba,n.,/thamba/,థంబ,थम्बा,Banjara_english.docx
pillow,sarano,n.,/sarānō/,సరానో,सरानो,Banjara_english.docx
pimple,khil / phoda,n.,/khil/ /phodā/,ఖిల్ / ఫోదా,खिल / फोदा,Banjara_english.docx
pin,gundu suyi,n.,/gundu suyi/,గుండు సుయి,गुन्डु सुयि,Banjara_english.docx
pinch,kocar,n.,/kocar/,కోచర్,कोचर,Banjara_english.docx
pink,golal rang,n.,/golal rang/,గోలాల్ రంగ్,गोलाल रंग,Banjara_english.docx
pipe,bunga / burra,n.,/bunga/ /burra/,బుంగ / బుర్ర,बुंगा / बुर्रा,Banjara_english.docx
pit,bommoyi,n.,/bommōyi/,బొమ్మోయి,बोम्मोयि,Banjara_english.docx
place,jammi / jag,n.,/jammi/ /jāg/,జమ్మి / జాగ్,जम्मि / जाग,Banjara_english.docx
plan,meler,v.,/meler/,మేలేర్,मेलेर,Banjara_english.docx
plant,odupu,n.,/odupu/,ఓడుపు,ओडुपु,Banjara_english.docx
planting,molka,n.,/molkā/,మోల్కా,मोल्का,Banjara_english.docx
plants,molka gader,n.,/mölkā gāder/,మోల్కా గాదేర్,मोल्का गादेर,Banjara_english.docx
plate,rek,n.,/rēk/,రేక్,रेक,Banjara_english.docx
play,ramti,n.,/ramti/,రమ్తి,रम्ति,Banjara_english.docx
player,khiladi,n.,/khilādi/,ఖిలాది,खिलादि,Banjara_english.docx
playing card,pattal,n.,/pattāl/,పత్తాల్,पत्ताल,Banjara_english.docx
please go,javo,v.,/javō/,జావో,जावो,Banjara_english.docx
please walk,calo,v.,/calo/,చలో,चलो,Banjara_english.docx
plot / land / soil,jag,n.,/jāg/,జాగ్,जाग,Banjara_english.docx
plough,dun / nagar,v.,/dun/ /nāgar/,దున్ / నాగర్,दुन / नागर,Banjara_english.docx
plug,gulca,v.,/gulca/,గుల్చ,गुल्चा,Banjara_english.docx
pocket,kholi,n.,/khōli/,ఖోలి,खोलि,Banjara_english.docx
poem,gid,n.,/gid/,గిద్,गिद,Banjara_english.docx
poetry,padyabhagarm,n.,/padyabhāgarm/,పద్యభాగర్మ్,पद्यभागरम,Banjara_english.docx
point,tikko,n.,/tikko/,తిక్కో,तिक्को,Banjara_english.docx
pointless,buntlo,adj.,/būntlo/,బూంట్లో,बून्ट्लो,Banjara_english.docx
poise,vajan,n.,/vajan/,వజన్,वजन,Banjara_english.docx
poison,vas,n.,/vas/,వస్,वस,Banjara_english.docx
poisonous gas,vasbharan chamjako val,n.,/vasbharan chamjako vāl/,వస్భరాన్ ఛమ్జకో వాల్,वसभरान छमजको वाल,Banjara_english.docx
poisonous serpent with black stripes,bandevalo sap,n.,/bandevālō sāp/,బందేవాలో సాప్,बन्देवालो साप,Banjara_english.docx
police,polis,n.,/põlis/,పోలిస్,पोलिस,Banjara_english.docx
police station,kaceri,n.,/kaceri/,కచేరి,कचेरि,Banjara_english.docx
polish,sodar,v.,/sodar/,సోదర్,सोदर,Banjara_english.docx
politics,rajaniti,n.,/rājanīti/,రాజనీతి,राजनिति,Banjara_english.docx
pomegranate,anar,n.,/anār/,అనార్,अनार,Banjara_english.docx
pond,khad / talav / banta,n.,/khād/ /talāv/ /banta/,ఖాద్ / తలావ్ / బంట,खाद / तलाव / बन्टा,Banjara_english.docx
poor,garib,adj.,/garib/,గరీబ్,गरिब,Banjara_english.docx
poor people,garib,n.,/garib/,గరీబ్,गरिब,Banjara_english.docx
porridge,dalya / mand,n.,/dalyā/ /mand/,దల్యా / మండ్,दल्या / मन्ड,Banjara_english.docx
portion,hamso,n.,/hamso/,హమ్సో,हम्सो,Banjara_english.docx
portray,murat kad,v.,/mūrat kād/,మూరత్ కాద్,मूरत काद,Banjara_english.docx
possibly,kamyiko,adv.,/kamyikō/,కమ్యికో,कम्यिको,Banjara_english.docx
postpone the work for some time,vayido,n.,/vāyido/,వాయిదో,वायिदो,Banjara_english.docx
posture,dhang / tarika,n.,/dhang/ /tarika/,ధంగ్ / తరిక,धंग / तरिका,Banjara_english.docx
pot,tokano / matla / handi,n.,/tokano/ /matlā/ /handi/,తోకనో / మత్లా / హండి,तोकनो / मत्ला / हन्डि,Banjara_english.docx
potato,al gadda,n.,/al gadda/,ఆల్ గడ్డ,आल गड्डा,Banjara_english.docx
potherb,mater bhaji,n.,/māter bhaji/,మాతేర్ భాజి,मातेर भाजि,Banjara_english.docx
potter,kamar,n.,/kamār/,కమార్,कमार,Banjara_english.docx
pound,ato karer / kut / laga,v.,/ato karēr/ /kut/ /laga/,ఆటో కరేర్ / కుట్ / లగ,आटो करेर / कुट / लगा,Banjara_english.docx
pouring,redero,v.,/rēdēro/,రేదేరో,रेदेरो,Banjara_english.docx
poverty,garib,n.,/garib/,గరీబ్,गरिब,Banjara_english.docx
powder,bhukli,n.,/bhukļi/,భుక్లి,भुक्लि,Banjara_english.docx
power,karant / nayaki / ivala / satta,n.,/karant/ /nāyaki/ /ivālā/ /satta/,కరంట్ / నాయకి / ఇవాలా / సత్త,करन्ट / नायकि / इवाला / सत्ता,Banjara_english.docx
practice,thakul,n.,/thakul/,థకుల్,थकुल,Banjara_english.docx
praise,tariph,v.,/tāriph/,తారిఫ్,तारिफ,Banjara_english.docx
prawn,jhinga,n.,/jhinga/,ఝింగ,झिंगा,Banjara_english.docx
pray,vinti,v.,/vinti/,వింతి,विन्ति,Banjara_english.docx
preacher,garu,n.,/garu/,గరు,गरु,Banjara_english.docx
predictably,janan,adv.,/janan/,జనన్,जनन,Banjara_english.docx
pregnancy,pet,n.,/pet/,పేట్,पेट,Banjara_english.docx
prepare,bana / sodar,v.,/bana/ /sodar/,బన / సోదర్,बना / सोदर,Banjara_english.docx
present,abbam / abb,adv.,/abbam/ /abb/,అబ్బమ్ / అబ్బ్,अब्बम / अब्ब,Banjara_english.docx
preserve,jatan / dhamyikar,v.,/jatan/ /dhamyikar/,జతన్ / ధమ్యికర్,जतन / धम्यिकर,Banjara_english.docx
press,istri kar / jaldi / dab,v.,/istri kar/ /jaldi/ /dab/,ఇస్త్రి కర్ / జల్ది / దాబ్,इस्त्रि कर / जल्दि / दाब,Banjara_english.docx
prestige,ijjat,n.,/ijjat/,ఇజ్జత్,इज्जत,Banjara_english.docx
previous,dharagidiya,adj.,/dharagidiya/,ధరగిదియ,धरगिदिया,Banjara_english.docx
previously,abbesij / vaccesi,adv.,/abbesij/ /vaccesi/,అబ్బేసిజ్ / వచ్చేసి,अब्बेसिज / वच्चेसि,Banjara_english.docx
price,dam,n.,/dam/,దమ్,दम,Banjara_english.docx
pride,garab,n.,/garab/,గరబ్,गरब,Banjara_english.docx
priest,pujari,n.,/pujari/,పూజారి,पूजारि,Banjara_english.docx
primitive,anger / tolcur / purano / pyanar,adj.,/ānger/ /tōlcur/ /purano/ /pyānār/,ఆంగేర్ / తోల్చుర్ / పురానో / ప్యానార్,आंगेर / तोल्चुर / पुरानो / प्यानार,Banjara_english.docx
print,chapayer / mor,v.,/chapāyēr/ /mor/,ఛపాయేర్ / మోర్,छपायेर / मोर,Banjara_english.docx
private,jer jenam,adj.,/jer jēnam/,జేర్ జేనమ్,जेर जेनम,Banjara_english.docx
problem,khatlo / bhaveti / saval puncer,n.,/khatlo/ /bhāvēti/ /savāl püñcēr/,ఖత్లో / భావేతి / సవాల్ పూంచేర్,खत्लो / भावेति / सवाल पून्चेर,Banjara_english.docx
problematic phase,bhaveti,n.,/bhāvēti/,భావేతి,भावेति,Banjara_english.docx
procession,julus,n.,/julus/,జులుస్,जुलुस,Banjara_english.docx
proclaim by beating a drum,dapada,v.,/dapadā/,దపదా,दपदा,Banjara_english.docx
profit,phyayedo,n.,/phyāyēdo/,ఫ్యాయేదో,फ्यायेदो,Banjara_english.docx
programme,karyam,n.,/karyam/,కార్యమ్,कार्यम,Banjara_english.docx
promise,namcamak,n.,/namcamak/,నమ్చమక్,नमचमक,Banjara_english.docx
promote,pal,v.,/pal/,పాల్,पाल,Banjara_english.docx
prophecy,kalajnani,n.,/kālajñāni/,కాలజ్ఞాని,कालज्ञानि,Banjara_english.docx
propose,prastav,v.,/prastāv/,ప్రస్తావ్,प्रस्ताव,Banjara_english.docx
protract,alcankar,v.,/alcankar/,అల్చంకర్,अल्संकर,Banjara_english.docx
psychological,maner,adj.,/maner/,మనేర్,मनेर,Banjara_english.docx
psychology,man jnaner sastram,n.,/man jñāner śāstram/,మన్ జ్ఞానేర్ శాస్త్రమ్,मन ज्ञानेर शास्त्रम,Banjara_english.docx
puberty,pedu,n.,/pedu/,పేదు,पेदु,Banjara_english.docx
puff,bukka,n.,/bukka/,బుక్క,बुक्का,Banjara_english.docx
pugnacious,barkayeval,adj.,/barkāyēvāl/,బర్కాయేవాల్,बर्कायेवाल,Banjara_english.docx
pull,khiic,v.,/khiic/,ఖిఇచ్,खिइच,Banjara_english.docx
pulley,girra,n.,/girra/,గిర్ర,गिर्र,Banjara_english.docx
pulling out,khyanenak,v.,/khyānenak/,ఖ్యానేనక్,ख्यानेनक,Banjara_english.docx
pulse,dal,n.,/dāl/,దాల్,दाल,Banjara_english.docx
pump,boringi,n.,/boringi/,బోరింగి,बोरिंगि,Banjara_english.docx
pumpkin,kvala,n.,/kvālā/,క్వాలా,क्वाला,Banjara_english.docx
punishment,siksa,n.,/śikṣa/,శిక్ష,शिक्षा,Banjara_english.docx
punt,tada,n.,/tada/,తడ,तडा,Banjara_english.docx
pupil,vidyardhi,n.,/vidyārdhi/,విద్యార్ధి,विद्यार्थि,Banjara_english.docx
purchaser,levalo,n.,/levāļo/,లేవాళో,लेवाळो,Banjara_english.docx
purr,cherer,n.,/cherer/,ఛేరేర్,छेरेर,Banjara_english.docx
push,dhekal,v.,/dhekal/,ధేకల్,धेकल,Banjara_english.docx
push solidly,joreti dhakal,v.,/jorēti dhakal/,జోరేతి ధకల్,जोरेति धकल,Banjara_english.docx
put off,olayer,v.,/ōlāyēr/,ఓలాయేర్,ओलायेर,Banjara_english.docx
put out the fire,angar ola,v.,/angar ola/,అంగార్ ఓల,अंगार ओला,Banjara_english.docx
putting someone outside,vagado,v.,/vagādo/,వగాదో,वगादो,Banjara_english.docx
puzzle,anto bhander,n.,/antō bhānder/,అంతో భాందేర్,अन्तो भान्देर,Banjara_english.docx
python,pald,n.,/pald/,పాల్డ్,पाल्ड,Banjara_english.docx
quaint,junedader,adj.,/junēdāder/,జునేదాదేర్,जुनेदादेर,Banjara_english.docx
qualified,arhata,adj.,/arhata/,అర్హత,अर्हता,Banjara_english.docx
quality,gon,n.,/gon/,గోన్,गोन,Banjara_english.docx
quantity,parimanarm,n.,/parimānarm/,పరిమానర్మ్,परिमानरम,Banjara_english.docx
quarter,thakano,n.,/thakano/,థకనో,थकनो,Banjara_english.docx
queen,rani,n.,/rani/,రాణి,राणि,Banjara_english.docx
question,saval puncer,v.,/savāl püncer/,సవాల్ పూన్చేర్,सवाल पून्चेर,Banjara_english.docx
quick,jaldi / danke,adv.,/jaldi/ /danke/,జల్ది / దంకే,जल्दि / दंके,Banjara_english.docx
quickly,champkesi / danke,adv.,/champkēsi/ /danke/,ఛమ్ప్కేసి / దంకే,छम्पकेसि / दंके,Banjara_english.docx
quiet,cup,adj.,/cup/,చుప్,चुप,Banjara_english.docx
quite,nattam,adv.,/nattam/,నత్తమ్,नत्तम,Banjara_english.docx
quiver,dhujni / dhujer,v.,/dhujni/ /dhūjer/,ధుజ్ని / ధూజేర్,धुज्नि / धूजेर,Banjara_english.docx
quota; divi,hamso,n.,/hamso/,హమ్సో,हम्सो,Banjara_english.docx
rabbit,sasya,n.,/sasya/,సస్య,सस्या,Banjara_english.docx
race,jat,n.,/jāt/,జాత్,जात,Banjara_english.docx
radiant,vajalo,adj.,/vajālō/,వజాలో,वजालो,Banjara_english.docx
radish,mullangi,n.,/mullangi/,ముల్లంగి,मुल्लंगि,Banjara_english.docx
rafter,gharer vamsa,n.,/gharer vämsā/,ఘరేర్ వామ్సా,घरेर वाम्सा,Banjara_english.docx
rails,pattalu,n.,/pattālu/,పట్టాలు,पट्टालु,Banjara_english.docx
rain,pani,n.,/pani/,పాని,पानि,Banjara_english.docx
raining heavily,jhadir pani,n.,/jhadir pāņi/,ఝదిర్ పాణి,झदिर पाणि,Banjara_english.docx
rainy season,varsalo,n.,/varsālō/,వర్సాలో,वरसालो,Banjara_english.docx
raise,jadakar / jappakar / palo / pal,v.,/jādakar/ /jāppākar/ /pālō/ /pāl/,జాదకర్ / జప్పాకర్ / పాలో / పాల్,जादकर / जाप्पाकर / पालो / पाल,Banjara_english.docx
raising,vadro,v.,/vadrō/,వద్రో,वद्रो,Banjara_english.docx
ram,gorla,n.,/gōrlā/,గోర్లా,गोर्ला,Banjara_english.docx
ramble,phar,v.,/phar/,ఫర్,फर,Banjara_english.docx
range,gettu / pant / lagu tanu / sudo,n.,/gettu/ /pānt/ /lagu,tānu/ /sūdō/,గెత్తు / పాంత్ / లగు తాను / సూదో,Banjara_english.docx
rapids,jortivyaro,n.,/jōrtivyārō/,జోర్తివ్యారో,जोर्तिव्यारो,Banjara_english.docx
rat,undar,n.,/undar/,ఉండర్,उण्डर,Banjara_english.docx
rattle,bakvas,n.,/bakvās/,బక్వాస్,बकवास,Banjara_english.docx
reach,bhalge,v.,/bhalge/,భల్గే,भलगे,Banjara_english.docx
real,satter,adj.,/satter/,సత్తేర్,सत्तेर,Banjara_english.docx
realistic,malancamjako,adj.,/mālañcamjakō/,మాలంచమ్జకో,मालंचमजको,Banjara_english.docx
rebuke,galider,n.,/gālider/,గాలిదేర్,गालिदेर,Banjara_english.docx
receiver (m.),len jayevalo,n.,/len jāyēvāļō/,లేన్ జాయేవాళో,लेन जायेवाळो,Banjara_english.docx
recent,navvo,adj.,/navvo/,నవ్వో,नव्ओ,Banjara_english.docx
recognition,saval puncer,n.,/saval pūñcer/,సవాల్ పూంచేర్,सवाल पून्चेर,Banjara_english.docx
recognize,valak,v.,/valak/,వలక్,वलक,Banjara_english.docx
rectify,sarikar,v.,/sarikar/,సరికార్,सरिकार,Banjara_english.docx
red,ratdo,adj.,/rātdo/,రాత్దో,रात्दो,Banjara_english.docx
refreshment,phalaram,n.,/phalāram/,ఫలారమ్,फलारम,Banjara_english.docx
refrigerate,silokar,v.,/siļōkar/,సిళోకర్,सिळोकर,Banjara_english.docx
refusal,matkedino,n.,/matkedinō/,మత్కేదినో,मत्केदिनो,Banjara_english.docx
refuse,chod / nikalder,v.,/chod/ /nikālder/,ఛోద్ / నికాల్దేర్,छोद / निकालदेर,Banjara_english.docx
refuse to do something,hata,v.,/hata/,హత,हता,Banjara_english.docx
region,jag,n.,/jāg/,జాగ్,जाग,Banjara_english.docx
related,irada,adj.,/irāda/,ఇరాద,इरादा,Banjara_english.docx
related to you,tamar,pron.,/tamar/,తమర్,तमर,Banjara_english.docx
relation,nato,n.,/nātō/,నాతో,नातो,Banjara_english.docx
relationship,paman,n.,/pāman/,పామన్,पामन,Banjara_english.docx
relaxation,rikam,n.,/rikām/,రికామ్,रिकाम,Banjara_english.docx
relief from the danger of accident,tamlgo,n.,/tamlgo/,తమ్ల్గో,तमल्गो,Banjara_english.docx
religion,jat,n.,/jat/,జాత్,जात,Banjara_english.docx
remaining,badgo,n.,/badgo/,బద్గో,बदगो,Banjara_english.docx
remember,harde,v.,/harde/,హర్దే,हर्दे,Banjara_english.docx
remind,hardo,v.,/hardo/,హర్దో,हर्दो,Banjara_english.docx
remote place,konaro,n.,/konāro/,కోనారో,कोनारो,Banjara_english.docx
removal of insects,jhadmarer,n.,/jhādmärer/,ఝాద్మారేర్,झादमारेर,Banjara_english.docx
remove,kad / kanak,v.,/kād/ /kānāk/,కాద్ / కానాక్,काद / कानाक,Banjara_english.docx
remove the shell,pottu kad,v.,/pottu kād/,పొత్తు కాద్,पोत्तु काद,Banjara_english.docx
rent,bhado,n.,/bhādo/,భాదో,भादो,Banjara_english.docx
repair,jo,v.,/jō/,జో,जो,Banjara_english.docx
repairer,accokarevalo,n.,/accokarevālō/,అచ్చోకరేవాలో,अच्चोकरेवालो,Banjara_english.docx
reparation,dand,n.,/dand/,దండ్,दन्ड,Banjara_english.docx
report,phiryad,n.,/phiryad/,ఫిర్యాద్,फिर्याद,Banjara_english.docx
repository,gummi,n.,/gummi/,గుమ్మి,गुम्मि,Banjara_english.docx
reproach,boli bhander / bhando,n.,/boli bhānder/ /bhāndo/,బోలి భాందేర్ / భాందో,बोलि भान्देर / भान्दो,Banjara_english.docx
reptile,sarkero,n.,/sarkērō/,సర్కేరో,सर्केरो,Banjara_english.docx
request,nvara,v.,/nvārā/,నవారా,नवारा,Banjara_english.docx
requirement,cavamno,n.,/cāvamno/,చావమ్నో,चावम्नो,Banjara_english.docx
reserve,thamer,v.,/thāmer/,థామేర్,थामेर,Banjara_english.docx
reservoir,kund,n.,/kūnd/,కూండ్,कून्ड,Banjara_english.docx
resignation,chod,n.,/chod/,ఛోద్,छोद,Banjara_english.docx
resist,khamadlam,v.,/khamādlam/,ఖమాద్లమ్,खमादलम,Banjara_english.docx
response,hato,n.,/hato/,హతో,हतो,Banjara_english.docx
rest,rikam,n.,/rikam/,రికమ్,रिकम,Banjara_english.docx
restricted meal,patyarn,n.,/patyarn/,పత్యర్న్,पत्यर्न,Banjara_english.docx
return,ayer,v.,/ayer/,అయేర్,अयेर,Banjara_english.docx
reversal,pher / hato,n.,/pher/ /hato/,ఫేర్ / హతో,फेर / हतो,Banjara_english.docx
revolution,kranti,n.,/kranti/,క్రాంతి,क्रान्ति,Banjara_english.docx
reward,inam,n.,/inām/,ఇనామ్,इनाम,Banjara_english.docx
rice,caval / dhan / sal,n.,/cāval/ /dhān/ /sal/,చావల్ / ధాన్ / సల్,चावल / धान / सल,Banjara_english.docx
rich,savukar,adj.,/savukār/,సవుకార్,सवुकार,Banjara_english.docx
rich man,amir,n.,/amir/,అమీర్,अमीर,Banjara_english.docx
ride,savari,n.,/savāri/,సవారి,सवारि,Banjara_english.docx
ridged gourd,tori,n.,/tori/,తోరి,तोरि,Banjara_english.docx
rifle,banduk,n.,/bandūk/,బందూక్,बन्दूक,Banjara_english.docx
right,jamano / nayarm / niyat / hak,adj.,/jamano/ /nāyarm/ /niyat/ /hak/,జమనో / నాయర్మ్ / నియత్ / హక్,जमनो / नायरम / नियत / हक,Banjara_english.docx
right age to get married,motiyar,n.,/motiyār/,మోతియార్,मोतियार,Banjara_english.docx
right here,attaj,adv.,/attaj/,అత్తజ్,अत्तज,Banjara_english.docx
right side,jamnevadi cham,n.,/jamņēvadi cham/,జమ్ణేవది ఛమ్,जम्णेवदि छम,Banjara_english.docx
rigid,jado,adj.,/jado/,జాదో,जादो,Banjara_english.docx
ring,vinti,n.,/vinti/,వింతి,विन्ति,Banjara_english.docx
ringleader,tander,n.,/tänder/,తాందేర్,तान्देर,Banjara_english.docx
rings worn on toes,camtki,n.,/camtki/,చమ్త్కి,चम्त्कि,Banjara_english.docx
ripe,budoyego,adj.,/budoyēgo/,బుదోయేగో,बुदोयेगो,Banjara_english.docx
ripened dried kernel,naral,n.,/nāral/,నారల్,नारल,Banjara_english.docx
river,nandi,n.,/nandi/,నంది,नन्दि,Banjara_english.docx
road,var / sadak,n.,/var/ /sadak/,వార్ / సడక్,वार / सडक,Banjara_english.docx
roar,darkayero,v.,/darkāyēro/,దర్కాయేరో,दर्कायेरो,Banjara_english.docx
rob,lutlejo,v.,/lūtlejo/,లూట్లేజో,लूटलेजो,Banjara_english.docx
robber,cor,n.,/cor/,చోర్,चोर,Banjara_english.docx
rock pieces,kankra,n.,/kāńkra/,కాంక్ర,काङ्क्रा,Banjara_english.docx
rod,salak,n.,/salāk/,సలాక్,सलाक,Banjara_english.docx
roll,palti mar / pher / radayer / valatro / valoter,v.,/palți mar/ /pher/ /radāyēr/ /valatro/ /valotēr/,పల్టి మార్ / ఫేర్ / రదాయేర్ / వలత్రో / వలోటేర్,पल्टि मार / फेर / रदायेर / वलत्रो / वलोटेर,Banjara_english.docx
room,arra / kamara,n.,/arra/ /kamara/,అర్ర / కమర,अर्र / कमरा,Banjara_english.docx
root,jad,adj.,/jad/,జడ్,जड,Banjara_english.docx
rope,gala,n.,/gāļā/,గాళా,गाळा,Banjara_english.docx
ropes,gala,n.,/gala/,గల,गला,Banjara_english.docx
rotten,gargi,adj.,/gargi/,గర్గి,गर्गि,Banjara_english.docx
rotten one,gargi / sadjo,n.,/gargi/ /sadjo/,గర్గి / సద్జో,गर्गि / सदजो,Banjara_english.docx
round,gola,n.,/gōlā/,గోలా,गोला,Banjara_english.docx
round thing made of cloth to put on head and carry water vessel,gholosan / gala,n.,/gholosan/ /gālā/,ఘోలోసాన్ / గాలా,घोलोसान / गाला,Banjara_english.docx
rub,copad,v.,/copad/,చోపద్,चोपद,Banjara_english.docx
rubber,labbar / luyevalo,n.,/labbar/ /luyēvāļō/,లబ్బర్ / లుయేవాళో,लब्बर / लुयेवाळो,Banjara_english.docx
rubbing,masaler,n.,/masaler/,మసలేర్,मसलेर,Banjara_english.docx
rude,anadi / nasaldo,adj.,/anādi/ /nasaldo/,అనాది / నసల్దో,अनादि / नसलदो,Banjara_english.docx
ruin,cedgo,v.,/cēdgo/,ఛేద్గో,छेदगो,Banjara_english.docx
rumour,phunkar,n.,/phunkār/,ఫుంకార్,फुंकार,Banjara_english.docx
rust,cilam,n.,/cilam/,చిలమ్,चिलम,Banjara_english.docx
sache,dok,n.,/dōk/,దోక్,दोक,Banjara_english.docx
sacred,nistaro,adj.,/nistaro/,నిస్తరో,निस्तरो,Banjara_english.docx
sacred thread for waist,kanadori,n.,/kanadori/,కనదోరి,कनदोरि,Banjara_english.docx
sacrifice,balidan / bhandaro,n.,/balidān/ /bhandaro/,బలిదాన్ / భందరో,बलिदान / भन्दरो,Banjara_english.docx
salary,bamyi,n.,/bamyi/,బమ్యి,बम्यि,Banjara_english.docx
salt,nun,n.,/nun/,నున్,नुन,Banjara_english.docx
saltwater,kharopani,n.,/khāropāņi/,ఖారోపాణి,खारोपाणि,Banjara_english.docx
sample,saya,n.,/saya/,సయ,सया,Banjara_english.docx
sand,uska,n.,/uskā/,ఉస్కా,उस्का,Banjara_english.docx
saturday,thavar,n. prop.,/thāvar/,థావార్,थावार,Banjara_english.docx
savage,raniadmi,n.,/ranīādmi/,రనీఆద్మి,रनीआद्मि,Banjara_english.docx
scared,camkan,adj.,/camkān/,చమ్కాన్,चम्कान,Banjara_english.docx
scatter,chanak,v.,/chanak/,ఛనక్,छनक,Banjara_english.docx
scent,attar,n.,/attar/,అత్తర్,अत्तर,Banjara_english.docx
school,badi,n.,/badi/,బది,बदि,Banjara_english.docx
scissor,kotadni,n.,/kotadni/,కోతద్ని,कोतद्नि,Banjara_english.docx
scorpion,vincu,n.,/vincu/,వించు,विन्चु,Banjara_english.docx
scratch,khojha / khojavani,v.,/khojha/ /khōjāvani/,ఖోఝ / ఖోజావని,खॊझ / खोजावनि,Banjara_english.docx
screen,parda,n.,/pardā/,పర్దా,पर्दा,Banjara_english.docx
scrub,dho,v.,/dhō/,ధో,धो,Banjara_english.docx
seal,mor,n.,/mor/,మోర్,मोर,Banjara_english.docx
search,dhunder / dhund,v.,/dhunder/ /dhund/,ధుందేర్ / ధుండ్,धुन्डेर / धुन्ड,Banjara_english.docx
second,dimo,adj.,/dimo/,దిమో,दिमो,Banjara_english.docx
secret,khedo,adj.,/khēdo/,ఖేదో,खेदो,Banjara_english.docx
secretion,cuyo,n.,/cuyo/,చుయో,चुयो,Banjara_english.docx
secretly,khedo,adv.,/khēdo/,ఖేదో,खेदो,Banjara_english.docx
secure,jatan,adj.,/jatan/,జతన్,जतन,Banjara_english.docx
seductive look,adiankiti dekro,n.,/ādiāńkiti dēkrō/,ఆదిఆంకితి దేక్రో,आदिआंकिति देक्रो,Banjara_english.docx
"""see thoroughly without permission","peep""",spy,v.,navan dek,/navan dēk/,Banjara_english.docx
seed,dana / bijja,n.,/dānā/ /bijjā/,దానా / బిజ్జా,दाना / बिज्जा,Banjara_english.docx
seed of bishop's weed,ajmo,n.,/ajmo/,అజ్మో,अजमो,Banjara_english.docx
seeing,dekro,n.,/dekrő/,దేక్రో,देक्रो,Banjara_english.docx
select,kidejako,adj.,/kidejako/,కిదేజకో,किदेजको,Banjara_english.docx
sell,vec,v.,/vec/,వేచ్,वेच,Banjara_english.docx
send,mel / ravana,v.,/mel/ /ravāna/,మేల్ / రవాన,मेल / रवाना,Banjara_english.docx
send after telling,kemel,v.,/kēmel/,కేమేల్,केमेल,Banjara_english.docx
separate,nali,v.,/nāli/,నాలి,नालि,Banjara_english.docx
separating,amli,n.,/amli/,అమ్లి,अम्लि,Banjara_english.docx
serially,returetu,adv.,/rēturētu/,రేతురేతు,रेतुरेतु,Banjara_english.docx
sesamum,talli,n.,/talli/,తల్లి,तल्लि,Banjara_english.docx
set,dubgo / sanj padagi,v.,/dūbgo/ /sāñj padagi/,దూబ్గో / సాంజ్ పదగి,दूब्गो / सांज पदगि,Banjara_english.docx
set it right,sarikar,v.,/sarikar/,సరికార్,सरिकार,Banjara_english.docx
set right,sarikar,v.,/sarikar/,సరికార్,सरिकार,Banjara_english.docx
settle,phed,v.,/phēd/,ఫేద్,फेद,Banjara_english.docx
seventeen,satram,num.,/satram/,సత్రమ్,सत्रम,Banjara_english.docx
seventy,sattar,num.,/sattar/,సత్తర్,सत्तर,Banjara_english.docx
several,katrayiko,adj.,/katrāyikō/,కత్రాయికో,कत्रायिको,Banjara_english.docx
shadow,chandi,n.,/chandi/,ఛాంది,छान्दि,Banjara_english.docx
share,hamso / hanso,n.,/hamso/ /hanso/,హమ్సో / హన్సో,हम्सो / हन्सो,Banjara_english.docx
sharp,dhar,adj.,/dhār/,ధార్,धार,Banjara_english.docx
sharp point,phung,n.,/phung/,ఫుంగ్,फुंग,Banjara_english.docx
sharpening,ala,n.,/ala/,అల,अला,Banjara_english.docx
shaving cream,dvadiparer pyasad,n.,/dvādiparer pyāsad/,ద్వాదిపరేర్ ప్యాసద్,द्वादिपरेर प्यासद,Banjara_english.docx
sheep,gorli,n.,/gōrli/,గోర్లి,गोर्लि,Banjara_english.docx
shells used for decoarting the dress of lambada women,kvadi,n.,/kvādi/,క్వాది,क्वादि,Banjara_english.docx
shine,jhank,v.,/jhānk/,ఝాంక్,झांक,Banjara_english.docx
short,potiya / podga,adj.,/poțiya/ /pōdgā/,పోతియ / పోద్గా,पोतिया / पोद्गा,Banjara_english.docx
shortness,potya,n.,/potyā/,పోత్యా,पोत्या,Banjara_english.docx
should be there,reno,v.,/rēnō/,రేనో,रेनो,Banjara_english.docx
shoulder,kando / sander,n.,/kāndō/ /sander/,కాందో / సందేర్,कान्दो / सन्देर,Banjara_english.docx
shoulder bone,sander hadaka,n.,/sandër hadaka/,సందేర్ హడక,सन्देर हडका,Banjara_english.docx
shout,tukari,v.,/tukari/,తుకరి,तुकरि,Banjara_english.docx
shouting,ramri,n.,/ramri/,రమ్రి,रम్రి,Banjara_english.docx
show,telo / dakal,v.,/telo/ /dakāl/,తేలో / దకాల్,तेलो / दकाल,Banjara_english.docx
show affection on your own,cum,v.,/cum/,చుమ్,चुम,Banjara_english.docx
shred,tokda,n.,/tokdā/,తోక్దా,तोक्दा,Banjara_english.docx
shrew,cundeluka,n.,/cundeluka/,చుండెలుక,चुन्डेलुका,Banjara_english.docx
shut the door,gadi ghal,v.,/gadi ghal/,గది ఘల్,गदि घल,Banjara_english.docx
shy,laj,adj.,/lāj/,లాజ్,लाज,Banjara_english.docx
sicken,bimari,v.,/bimāri/,బిమారి,बिमारि,Banjara_english.docx
side,ti / pakti / vadi / sam,n.,/ti/ /pākti/ /vadi/ /sām/,తి / పాక్తి / వాది / సామ్,ति / पाक्ति / वादि / साम,Banjara_english.docx
sieve,channi,n.,/chānni/,ఛాన్ని,छान्नि,Banjara_english.docx
sight,nanjar,n.,/nañjar/,నంజర్,नन्जर,Banjara_english.docx
sign,masko,n.,/masko/,మస్కో,मस्को,Banjara_english.docx
silence,gaccap / mundobura,n.,/gaccap/ /mundobura/,గచ్చప్ / ముందోబుర,गच्चप / मुन्दोबुरा,Banjara_english.docx
silently,boleniju,adv.,/boleniju/,బోలేనిజు,बोलेनिजु,Banjara_english.docx
silver,rupo,n.,/rupo/,రుపో,रुपो,Banjara_english.docx
similar,ornayi / sabet,adj.,/õrnayi/ /sabēt/,ఓర్నయి / సబేత్,ओर्नयि / सबेत,Banjara_english.docx
simple,sadasida,adj.,/sādasida/,సాదసిద,सादसिदा,Banjara_english.docx
sing,bol,v.,/bōl/,బోల్,बोल,Banjara_english.docx
sink,dubad / dubro,v.,/dubad/ /dubro/,దుబాద్ / దుబ్రో,दुबाद / दुब्रो,Banjara_english.docx
sister,bayilog / bhyan,n.,/bāyilōg/ /bhyān/,బాయిలోగ్ / భ్యాన్,बायिलोग / भ्यान,Banjara_english.docx
sister in law,sali,n.,/sali/,సాలి,सालि,Banjara_english.docx
sit,byas,v.,/byās/,బ్యాస్,ब्यास,Banjara_english.docx
sitting,byas,n.,/byās/,బ్యాస్,ब्यास,Banjara_english.docx
six,cho,num.,/cho/,ఛో,छो,Banjara_english.docx
sixteen,solam,num.,/sōlam/,సోలమ్,सोलम,Banjara_english.docx
sixty,sat,num.,/sat/,సాట్,साट,Banjara_english.docx
skin,khaldi / khaldo,n.,/khaldi/ /khaldo/,ఖల్ది / ఖల్దో,खल्दि / खल्दो,Banjara_english.docx
slant,pallu,adj.,/pallu/,పల్లు,पल्लु,Banjara_english.docx
slap,galepar laga,n.,/gālēpar lagā/,గాలేపర్ లగా,गालेपर लगा,Banjara_english.docx
sleep,nind,n.,/nind/,నింద్,निन्द,Banjara_english.docx
sleeping,soge,n.,/sōgē/,సోగే,सोगे,Banjara_english.docx
slip,rapasan,v.,/rapasan/,రపసన్,रपसन,Banjara_english.docx
slit,phatero / phonak,n.,/phātēro/ /phōnāk/,ఫాతేరో / ఫోనాక్,फातेरो / फोनाक,Banjara_english.docx
slow,dhilo,adj.,/dhilo/,ధిలో,धिलो,Banjara_english.docx
slowly,dhilo,adv.,/dhilo/,ధిలో,धिलो,Banjara_english.docx
smack,danke / latkesi,adv.,/danke/ /latkēsi/,దంకే / లత్కేసి,दंके / लत्केसि,Banjara_english.docx
small,nanki / nanka,adj.,/nānki/ /nānkā/,నాన్కి / నాన్కా,नान्कि / नान्का,Banjara_english.docx
small boy,pika,n.,/pīkā/,పీకా,पीका,Banjara_english.docx
small finger,camtkiangli,n.,/camtkiāngli/,చమ్త్కిఆంగ్లి,चम्त्किआंग्लि,Banjara_english.docx
small girl,piki,n.,/pīki/,పీకి,पीकि,Banjara_english.docx
small tiny vessel used for oil,capti,n.,/capti/,చప్తి,चप्ति,Banjara_english.docx
small tuft of hair on the back of head,cotti,n.,/cotti/,చొత్తి,चोत्ति,Banjara_english.docx
small water vessel,sarva,n.,/sarva/,సర్వ,सर्वा,Banjara_english.docx
small well with oozing water,veri,n.,/veri/,వేరి,वेरि,Banjara_english.docx
smallpox,phyalgi,n.,/phyālgi/,ఫ్యాల్గి,फ्याल्गि,Banjara_english.docx
smart,humsyari,adj.,/humsyäri/,హుమ్స్యారి,हुम्स्यारि,Banjara_english.docx
smart man,khub surat,n.,/khub sürat/,ఖుబ్ సూరత్,खुब सूरत,Banjara_english.docx
smash,phod,v.,/phōd/,ఫోడ్,फोड,Banjara_english.docx
smell,sung,n. / v.,/sung/,సుంగ్,सुंग,Banjara_english.docx
smelling,gandaro,n.,/gandāro/,గందారో,गन्दारो,Banjara_english.docx
smelting,kolmi,n.,/kolmi/,కొల్మి,कोल्मि,Banjara_english.docx
smile,hams,v.,/hams/,హమ్స్,हम्स,Banjara_english.docx
snap,kater / tod / putuva,n.,/kāter/ /tod/ /putuva/,కాతేర్ / తోద్ / పుతువ,कातेर / तोद / पुतुवा,Banjara_english.docx
snappy,jaldi,adv.,/jaldi/,జల్ది,जल्दि,Banjara_english.docx
sneezing,sinkad,n.,/sinkad/,సింకడ్,सिन्कड,Banjara_english.docx
snoring,ghorro,n.,/ghorro/,ఘోర్రో,घोर्रो,Banjara_english.docx
snowstorm,vasevalo pani,n.,/vasevālo pāņi/,వసేవాలో పాణి,वसेवालो पाणि,Banjara_english.docx
so,kamyiko,adv.,/kāmyikō/,కామ్యికో,काम्यिको,Banjara_english.docx
sob,hupki,n.,/hupki/,హుప్కి,हुप्कि,Banjara_english.docx
sociable,maskari,adj.,/maskari/,మస్కరి,मस्करि,Banjara_english.docx
society,jagati,n.,/jagati/,జగతి,जगति,Banjara_english.docx
soda,soda,n.,/sōdā/,సోదా,सोडा,Banjara_english.docx
soft,gilo / naramo / suvamlo,adj.,/gilo/ /naramō/ /suvām!/,గిలో / నరమో / సువామ్లో,गिलो / नरमो / सुवामलो,Banjara_english.docx
soil,dud / dhud,n.,/dud/ /dhūd/,దుద్ / ధూద్,दुद / धूद,Banjara_english.docx
solace,manader,n.,/manādēr/,మనాదేర్,मनादेर,Banjara_english.docx
solely,chiyant,adv.,/chiyānt/,ఛియాంత్,छियान्त,Banjara_english.docx
solution,galgo / pani,n.,/galgo/ /pani/,గల్గో / పాని,गल्गो / पानि,Banjara_english.docx
solve,tapsa,v.,/tapśā/,తప్శా,तप्शा,Banjara_english.docx
some,dassek,adj.,/dassek/,దస్సేక్,दस्सेक,Banjara_english.docx
some more,ujji,conj.,/ujji/,ఉజ్జి,उज्जि,Banjara_english.docx
sometimes,ekek tayi,adv.,/ēkēk tāyi/,ఏకేక్ తాయి,एकेक तायि,Banjara_english.docx
song,gid,n.,/gid/,గిద్,गिद,Banjara_english.docx
son-in-law,jamayi,n.,/jamāyi/,జమాయి,जमायि,Banjara_english.docx
soon,chapko / jannaj,adv.,/chapko/ /jannāj/,ఛప్కో / జన్నాజ్,छप्को / जन्नाज,Banjara_english.docx
soup,phalcu,n.,/phalcu/,ఫల్చు,फल्चु,Banjara_english.docx
sour,khato,adj.,/khāto/,ఖాతో,खातो,Banjara_english.docx
south,lac man,n.,/lac man/,లచ్ మన్,लच मन,Banjara_english.docx
sovereign,raj,n.,/rāj/,రాజ్,राज,Banjara_english.docx
sow,gad / nak,v.,/gād/ /nāk/,గాద్ / నాక్,गाद / नाक,Banjara_english.docx
space,rame,n.,/rāmē/,రామే,रामे,Banjara_english.docx
spade,para,n.,/para/,పార,पारा,Banjara_english.docx
speak,pacar / bol,v.,/pacar/ /bōl/,పచర్ / బోల్,पचर / बोल,Banjara_english.docx
spear,barci / mita,n.,/barci/ /mita/,బర్చి / మిత,बर्ची / मिता,Banjara_english.docx
spear grass,katevalokhad,n.,/kātēvālōkhad/,కాతేవాల్లోఖాద్,कातेवालोखाद,Banjara_english.docx
spectacles,kajal,n.,/kājal/,కాజల్,काजल,Banjara_english.docx
speechless,gungo,adj.,/gungo/,గుంగో,गुंगो,Banjara_english.docx
spell,mattar,n.,/mattar/,మత్తర్,मत्तर,Banjara_english.docx
sperm,indriyam,n.,/indriyam/,ఇంద్రియమ్,इन्द्रियम,Banjara_english.docx
spice,masalo,n.,/masālō/,మసాలో,मसालो,Banjara_english.docx
spider,kodiya,n.,/kodiyā/,కోదియా,कोदिया,Banjara_english.docx
spinach,vader bhajji,n.,/vādēr bhājji/,వాదేర్ భాజ్జి,वादेर भाज्जि,Banjara_english.docx
spiritual,devepar bhakti,adj.,/dēvēpar bhakti/,దేవేపర్ భక్తి,देवेपर भक्ति,Banjara_english.docx
spittle,thunk,n.,/thūnk/,థూంక్,थून्क,Banjara_english.docx
split; rip; cleave,phad,v.,/phad/,ఫాడ్,फाड,Banjara_english.docx
spoil,balla / bigadayer,v.,/ballā/ /bigadāyēr/,బల్లా / బిగదాయేర్,बल्ला / बिगदायेर,Banjara_english.docx
spoiled,padavo,adj.,/padāvō/,పదావో,पदावो,Banjara_english.docx
spoken word,munder boli,n.,/munder böli/,మూందేర్ బోలి,मून्देर बोलि,Banjara_english.docx
spoon,canca,n.,/cañca/,చంచ,चन्चा,Banjara_english.docx
spoonful,cencar atra,n.,/cencar atrā/,చెంచార్ అత్రా,चेन्चार अत्रा,Banjara_english.docx
sports,ramti,n.,/ramti/,రమ్తి,रम्ति,Banjara_english.docx
spot,ilako / gat padigi,n.,/ilākō/ /gāt padigi/,ఇలాకో / గాత్ పదిగి,इलाको / गात पदिगि,Banjara_english.docx
spray,chanak,n.,/chanak/,ఛనక్,छनक,Banjara_english.docx
spread,cvad / jamayer,v.,/cvad/ /jamāyēr/,చ్వాద్ / జమాయేర్,च्वाद / जमायेर,Banjara_english.docx
spring,jholi / veri,n.,/jhōli/ /vēri/,ఝోలి / వేరి,झोलि / वेरि,Banjara_english.docx
springtime,magidad,n.,/magidad/,మగిదద్,मगीदद,Banjara_english.docx
sprinkle,chanak / chant,v.,/chanak/ /chant/,ఛనక్ / ఛాంట్,छनक / छान्त,Banjara_english.docx
sprinkled,silovego,adj.,/silovego/,సిలోవేగో,सिलोवेगो,Banjara_english.docx
sprouting,hugyayo,n.,/hugyāyo/,హుగ్యాయో,हुग्यायो,Banjara_english.docx
squeak,chink,v.,/chink/,ఛింక్,छिन्क,Banjara_english.docx
squeeze,naco / phinc,v.,/naco/ /phinc/,నచో / ఫించ్,नचो / फिन्च,Banjara_english.docx
squint,bado,n.,/bādo/,బాదో,बादो,Banjara_english.docx
squirrel,garli,n.,/garli/,గర్లి,गर्लि,Banjara_english.docx
stab,posad / pot,v.,/posad/ /pot/,పోసద్ / పోట్,पोसद / पोट,Banjara_english.docx
stable,takan,adj.,/takan/,తకన్,तकन,Banjara_english.docx
stag,citala,n.,/citala/,చితల,चितला,Banjara_english.docx
stale,juno / bhasge,adj.,/jūnō/ /bhasge/,జూనో / భస్గే,जूनो / भस्गे,Banjara_english.docx
stalk,dandi,n.,/dandi/,దండి,दन्डि,Banjara_english.docx
stall,gumsi / dokan,n.,/gumsi/ /dokān/,గుమ్సి / దోకాన్,गुम्सि / दोकान,Banjara_english.docx
stamp,khund,v.,/khūnd/,ఖూండ్,खून्ड,Banjara_english.docx
stand,jag / pen / humbar,v.,/jāg/ /pen/ /humbar/,జాగ్ / పేన్ / హుంబర్,जाग / पेन / हुम्बर,Banjara_english.docx
stand up,hubar,v.,/hubar/,హుబార్,हुबार,Banjara_english.docx
star,tara,n.,/tārā/,తారా,तारा,Banjara_english.docx
stare the eyes,tamkar,v.,/tamkar/,తమ్కర్,तम्कर,Banjara_english.docx
start,nisar,v.,/nisar/,నిసర్,निसर,Banjara_english.docx
started,nikal,v.,/nikal/,నికల్,निकल,Banjara_english.docx
starting phase,dhar agdiyar,n.,/dhar agdīyār/,ధర్ ఆగ్దీయార్,धर आग्दीयार,Banjara_english.docx
startle,camkan,v.,/camkan/,చమ్కాన్,चम्कान,Banjara_english.docx
startled,janjrago,adj.,/jañjrāgo/,జంజ్రాగో,जंज्रागो,Banjara_english.docx
statement,vat,n.,/vat/,వాట్,वाट,Banjara_english.docx
stay with,laram,v.,/laram/,లారమ్,लारम,Banjara_english.docx
steep road,cadavo,n.,/cadāvo/,చదావో,चदावो,Banjara_english.docx
steer,sandiya,n.,/sandiya/,సందియ,सन्दिया,Banjara_english.docx
step mother,svaker,n.,/sväker/,స్వాకేర్,स्वाकेर,Banjara_english.docx
stepmother,masi,n.,/māsi/,మాసి,मासि,Banjara_english.docx
stepping,lat mel,n.,/lāt mēl/,లాత్ మేల్,लात मेल,Banjara_english.docx
steps,khapti,n.,/khapti/,ఖప్తి,खप्ति,Banjara_english.docx
stew,vakal,v.,/vakāl/,వకాల్,वकाल,Banjara_english.docx
stick,posad / sinkli,n.,/posad/ /sinkli/,పోసద్ / సింక్లి,पोसद / सिन्क्लि,Banjara_english.docx
sticky,cikno / chodeni,adj.,/cikno/ /chōdeni/,చిక్నో / ఛోదేని,चिक्नो / छोदेनि,Banjara_english.docx
stick; tack,cuntad,v.,/cuntad/,చుంతాద్,चुन्ताद,Banjara_english.docx
still do it,ajjikar,v.,/ajjikar/,అజ్జికర్,अज्जिकर,Banjara_english.docx
sting,vanko,n.,/vāńko/,వాంకో,वाङ्को,Banjara_english.docx
stir,hala,v.,/hala/,హల,हला,Banjara_english.docx
stitch,gant / gunter,n.,/gānt/ /gunter/,గాంత్ / గుంతేర్,गान्त / गुन्तेर,Banjara_english.docx
stitch; suture; darn,sid,v.,/sid/,సిద్,सिद,Banjara_english.docx
stomach,pet,n.,/pet/,పేట్,पेट,Banjara_english.docx
stone,bhata,n.,/bhāta/,భాత,भाता,Banjara_english.docx
stool,pida / byas,n.,/pīda/ /byās/,పీద / బ్యాస్,पीदा / ब्यास,Banjara_english.docx
stop,thamad / tham,v.,/thamād/ /tham/,థమాద్ / థమ్,थमाद / थम,Banjara_english.docx
stop please,thamad,v.,/thamad/,థమాద్,थमाद,Banjara_english.docx
"""stop still",v.,"freeze""",namhalaju,/namhālajū/,నమ్హాలజూ,Banjara_english.docx
storage,gummi / godam,n.,/gummi/ /gōdām/,గుమ్మి / గోదామ్,गुम्मि / गोदाम,Banjara_english.docx
store,gok,n.,/gōk/,గోక్,गोक,Banjara_english.docx
storm,andi angolo / jhadi,n.,/andi angolo/ /jhadi/,ఆంది అంగోలో / ఝది,आन्दि अंगोलो / झदि,Banjara_english.docx
stout,jado,adj.,/jado/,జాదో,जादो,Banjara_english.docx
stove,culo,n.,/cülo/,చూలో,चूलो,Banjara_english.docx
straight,dhilo / sudo,adj.,/dhilo/ /sūdō/,ధిలో / సూదో,धिलो / सूदो,Banjara_english.docx
straight away,sudo,adv.,/südo/,సూదో,सूदो,Banjara_english.docx
strange,nam an jan,adj.,/nam an jan/,నమ్ అన్ జంన్,नम अन जन,Banjara_english.docx
strangeness,jalam,n.,/jalam/,జలమ్,जलम,Banjara_english.docx
stream,chebri / rungli / vin,n.,/chebri/ /rungli/ /vin/,ఛేబ్రి / రుంగ్లి / విన్,छेब्रि / रुंग्लि / विन,Banjara_english.docx
strength; stamina,satta,n.,/satta/,సత్త,सत्ता,Banjara_english.docx
string,tant / nara / vel,n.,/tant/ /nāra/ /vēl/,తంత్ / నర / వేల్,तन्त / नरा / वेल,Banjara_english.docx
strip,chodka,n.,/chodka/,ఛోద్క,छोद्का,Banjara_english.docx
stroke,cintro,v.,/cintro/,చింత్రో,चिन्त्रो,Banjara_english.docx
strong,majbut,adj.,/majbūt/,మజ్బూత్,मजबुत,Banjara_english.docx
strong person,balvan,n.,/balvān/,బల్వాన్,बलवान,Banjara_english.docx
structure,tarika / rup,n.,/tarika/ /rup/,తరిక / రుప్,तरिका / रुप,Banjara_english.docx
stuck,attaggo / halajagi,adj.,/attaggo/ /halajāgi/,అత్తగ్గో / హలజాగి,अत्तग्गो / हलजागि,Banjara_english.docx
study,kalayero / sadu,n.,/kalāyēro/ /sadu/,కలాయేరో / సదు,कलायेरो / सदु,Banjara_english.docx
stuttering,totli,n.,/tōtli/,తోత్లి,तोत्लि,Banjara_english.docx
style,tarika,n.,/tarika/,తరిక,तरिका,Banjara_english.docx
submit,dhar,v.,/dhar/,ధర్,धर,Banjara_english.docx
submitting oneself,havalo vejo,n.,/havālo vējo/,హవాలో వేజో,हवालो वेजो,Banjara_english.docx
succeeding,pena samiyar,n.,/pēna samiyār/,పేన సమియార్,पेना समियार,Banjara_english.docx
successor,khandani / vel,n.,/khandani/ /vel/,ఖందాని / వేల్,खन्दानि / वेल,Banjara_english.docx
sudden,champkesi,adj.,/champkēsi/,ఛమ్ప్కేసి,छम्पकेसि,Banjara_english.docx
suddenly,jaldi,adv.,/jaldi/,జల్ది,जल्दि,Banjara_english.docx
sugar,sakkar,n.,/sakkar/,సక్కర్,शक्कर,Banjara_english.docx
sugar cane,santa,n.,/sāntā/,సాంతా,सान्ता,Banjara_english.docx
suggest,khoj vata,v.,/khōj vatā/,ఖోజ్ వతా,खोज वता,Banjara_english.docx
summary,odod,n.,/odod/,ఓదోద్,ओदोद,Banjara_english.docx
sun,dado,n.,/dādo/,దాదో,दादो,Banjara_english.docx
sunday,ditvar,n. prop.,/ditvār/,దిత్యార్,दित्वार,Banjara_english.docx
sunny,tadko,adj.,/tadko/,తద్కో,तदको,Banjara_english.docx
sunrise,jhunc,n.,/jhunc/,ఝుంచ్,झुन्च,Banjara_english.docx
support,gati / dikku,n.,/gati/ /dikku/,గతి / దిక్కు,गति / दिक्कु,Banjara_english.docx
suppress,khund / dab,v.,/khūnd/ /dāb/,ఖూండ్ / దాబ్,खून्ड / दाब,Banjara_english.docx
suppressing,daman,n.,/daman/,దమన్,दमन,Banjara_english.docx
surface,umparer / umpar,n.,/umparer/ /umpar/,ఉంపరేర్ / ఉంపర్,उम्परेर / उम्पर,Banjara_english.docx
surrend,haval,v.,/havāl/,హవాల్,हवाल,Banjara_english.docx
surroundings,aspas,n.,/aspas/,ఆస్పాస్,आसपास,Banjara_english.docx
survive,banc,v.,/banc/,బంచ్,बन्च,Banjara_english.docx
suspicion,guman,n.,/guman/,గుమాన్,गुमान,Banjara_english.docx
sustain,nirnay,v.,/nirnay/,నిర్ణయ్,निर्णय,Banjara_english.docx
swallow,galjo,v.,/galjo/,గల్జో,गल्जो,Banjara_english.docx
swap,lengi dengi,v.,/lengi dēngi/,లేంగి దేంగి,लेंगि देंगि,Banjara_english.docx
swarm,dal,n.,/dal/,దల్,दल,Banjara_english.docx
sway,baga,v.,/baga/,బగా,बगा,Banjara_english.docx
swear,iman,v.,/iman/,ఇమాన్,इमान,Banjara_english.docx
sweat,parisina,n.,/parisina/,పరిసినা,परिसिना,Banjara_english.docx
sweater,garam kot,n.,/garam kōt/,గరం కోట్,गरम कोट,Banjara_english.docx
sweating,uklamärer / umas,n.,/uklāmārēr/ /umas/,ఉక్లమారేర్ / ఉమస్,उक्लामारेर / उमस,Banjara_english.docx
sweeper,barevalo,n.,/bārēvāļō/,బారేవాళో,बारेवाळो,Banjara_english.docx
sweepings,rasi,n.,/rasi/,రాసి,रासि,Banjara_english.docx
sweet,mito,adj.,/mito/,మితో,मितो,Banjara_english.docx
sweet eatables,mitmatayi,n.,/mītmatāyi/,మీత్మతాయి,मीत्मतायि,Banjara_english.docx
swell,phulo,v.,/phūlō/,ఫూలో,फूलो,Banjara_english.docx
swig,piyot,v.,/piyōt/,పియోట్,पियोट,Banjara_english.docx
swing,hala / hinc,v.,/halā/ /hinc/,హలా / హించ్,हला / हिन्च,Banjara_english.docx
swollen,sujgo,adj.,/sujgo/,సూజ్గో,सूज्गो,Banjara_english.docx
swollen belly,apargojako pet,n.,/āpargojako pēt/,ఆపర్గొజకో పేట్,आपर्गोजको पेट,Banjara_english.docx
sword,talvar,n.,/talvār/,తల్వార్,तलवार,Banjara_english.docx
symbol of remembrance,cintani,n.,/cintāņi/,చింతాని,चिन्तानि,Banjara_english.docx
table,meja,n.,/mējā/,మేజా,मेजा,Banjara_english.docx
tail,puncdi / puncadinam,n.,/puncdi/ /puncadinam/,పుంచ్ది / పుంచదీనమ్,पुन्चदि / पुन्चदीनम,Banjara_english.docx
tailor,meraval,n.,/mērāvāl/,మేరావాల్,मेरावाल,Banjara_english.docx
take,liya / lelam,v.,/liya/ /lēlam/,లియా / లేలమ్,लिया / लेलम,Banjara_english.docx
taking,rakaldidino,n.,/rakāldīdino/,రకాల్దీదినో,रकाल्दीदिनो,Banjara_english.docx
tall,umpram,adj.,/umpram/,ఉంప్రమ్,उम्प्रम,Banjara_english.docx
tamarind,amli,n.,/āmli/,ఆమ్లి,आम्लि,Banjara_english.docx
tandem,kub ac,adv.,/kūb ac/,కూబ్ ఆచ్,कूब आच,Banjara_english.docx
tangled,guntago,adj.,/guntāgo/,గుంతాగో,गुन्तागो,Banjara_english.docx
tap,nalo,n.,/nālo/,నాలో,नालो,Banjara_english.docx
target,dekan / suti,n.,/dēkan/ /sūți/,దేకన్ / సూటి,देकन / सूटि,Banjara_english.docx
taste,cakan dek / savad,n.,/cākan dēk/ /savād/,చాకన్ దేక్ / సవాద్,चाकन देक / सवाद,Banjara_english.docx
tax,rakam,n.,/rakam/,రకమ్,रकम,Banjara_english.docx
teak tree,saguna,n.,/sāguna/,సాగున,सागुना,Banjara_english.docx
teacher,garu,n.,/garu/,గరు,गरु,Banjara_english.docx
tear,cir / phad / hamsu,n.,/cir/ /phād/ /hamsu/,చిర్ / ఫాద్ / హమ్సు,चिर / फाद / हम्सु,Banjara_english.docx
tearing,cir,n.,/cir/,చిర్,चिर,Banjara_english.docx
tears,hamsu,n.,/hamsu/,హమ్సు,हम्सु,Banjara_english.docx
tell,kam / punc / bol,v.,/kam/ /puñc/ /bōl/,కమ్ / పుంచ్ / బోల్,कम / पुन्च / बोल,Banjara_english.docx
tell briefly,maja kam,v.,/maja kam/,మజా కమ్,मजा कम,Banjara_english.docx
tell in detail,kholan kam,v.,/kholan kam/,ఖోలన్ కమ్,खोलन कम,Banjara_english.docx
teller,kevalo,n.,/kēvālō/,కేవాలో,केवालो,Banjara_english.docx
telugu,telugu,n. prop.,/telugu/,తెలుగు,तेलुगु,Banjara_english.docx
temperate,vaccero,adj.,/vaccēro/,వచ్చేరో,वच्चेरो,Banjara_english.docx
temple,deval,n.,/dēval/,దేవెల్,देवल,Banjara_english.docx
temporary,ghadikesaru,adj.,/ghadikesāru/,ఘదికేసారు,घदिकेसारु,Banjara_english.docx
ten,das,num.,/das/,దస్,दस,Banjara_english.docx
tender leaf,ciguru,n.,/ciguru/,చిగురు,चिगुरु,Banjara_english.docx
term,tanu,n.,/tanu/,తాను,तानु,Banjara_english.docx
tether,gala / talugu,n.,/gala/ /talugu/,గాలా / తలుగు,गाला / तलुगु,Banjara_english.docx
than all,seti,adv.,/sēti/,సేతి,सेति,Banjara_english.docx
that,u,pron.,/u/,ఉ,उ,Banjara_english.docx
that side,ovdi,adv.,/övdi/,ఓవ్ది,ओव्दि,Banjara_english.docx
thatch,chap,v.,/chap/,ఛాప్,छाप,Banjara_english.docx
thaw,gal / paragalgo,v.,/gal/ /paragalgo/,గల్ / పరగల్గో,गल / परगल्गो,Banjara_english.docx
their,undur,pron.,/undur/,ఉందుర్,उन्दुर,Banjara_english.docx
then,janna,adv.,/janna/,జన్న,जन्ना,Banjara_english.docx
there,ottam / otte,adv.,/ottam/ /otte/,ఒత్తమ్ / ఒత్తే,ओत्तम / ओत्ते,Banjara_english.docx
therein,oma,adv.,/ōmā/,ఓమా,ओमा,Banjara_english.docx
thereupon,dhaim dhaimsi,adv.,/dhaim dhaimsi/,ధైమ్ ధైమ్సి,धैम धैम्सि,Banjara_english.docx
these,ye,pron.,/ye/,యే,ये,Banjara_english.docx
they,oj,pron.,/ōj/,ఓజ్,ओज,Banjara_english.docx
they will be there,racam,v.,/racam/,రచమ్,रसम,Banjara_english.docx
thick,cikno,adj.,/cikno/,చిక్నో,चिक्नो,Banjara_english.docx
thickly,jadojat,adv.,/jādojat/,జాదోజత్,जादोजत,Banjara_english.docx
thief one,cotti,n.,/cotti/,చొత్తి,चोत्ति,Banjara_english.docx
thigh,jangla,n.,/jāngla/,జాంగ్ల,जांग्ला,Banjara_english.docx
thin,patlo,adj.,/patio/,పత్లో,पत्लो,Banjara_english.docx
thing which is made of bamboo to carry the corpse,khat,n.,/khat/,ఖాట్,खाट,Banjara_english.docx
thinking,keler,n.,/kēlēr/,కేలేర్,केलेर,Banjara_english.docx
thinking about,kelero,v.,/kelero/,కేలేరో,केलेरो,Banjara_english.docx
thirst,taras,n.,/taras/,తరస్,तरस,Banjara_english.docx
thirsty,taras / tarseti,adj.,/taras/ /tarseti/,తరస్ / తర్సేతి,तरस / तर्सेति,Banjara_english.docx
thirteen,teram,num.,/tēram/,తేరమ్,तेरम,Banjara_english.docx
thirty,tis,num.,/tis/,తీస్,तीस,Banjara_english.docx
this,i,pron.,/1/,ఇ,इ,Banjara_english.docx
this day,aj,n.,/aj/,ఆజ్,आज,Banjara_english.docx
this one only,ij,pron.,/ij/,ఇజ్,इज,Banjara_english.docx
this side,evdi,adv.,/evdi/,ఏవ్ది,एवि,Banjara_english.docx
thorny plants,dhira,n.,/dhira/,ధీర,धीरा,Banjara_english.docx
those,o,pron.,/o/,ఓ,ओ,Banjara_english.docx
thought,khyal,n.,/khyāl/,ఖ్యాల్,ख्याल,Banjara_english.docx
thousand,baga / hajar,num.,/baga/ /hajar/,బగా / హజార్,बगा / हजार,Banjara_english.docx
thrash,mar,v.,/mar/,మార్,मार,Banjara_english.docx
thread,dora,n.,/dora/,దోర,दोरा,Banjara_english.docx
thread worn by hindu male on waist,kandoro,n.,/kandōrō/,కాందోరో,कान्दोरो,Banjara_english.docx
three,tin,num.,/tin/,తీన్,तीन,Banjara_english.docx
throat,sando,n.,/sando/,సందో,सन्दो,Banjara_english.docx
throughout,se,adv.,/se/,సే,से,Banjara_english.docx
throw,phenkayer / phyankdino,v.,/phenkāyēr/ /phyānkdinō/,ఫెంకాయేర్ / ఫ్యాంక్దినో,फेंकायेर / फ्यान्कदिनो,Banjara_english.docx
throwing,dhunk,n.,/dhūnk/,ధూంక్,धून्क,Banjara_english.docx
thunder,garajro,v.,/garajro/,గరజ్రో,गरज्नो,Banjara_english.docx
thursday,varaspat,n. prop.,/varaspat/,వరస్పత్,वरस्पत,Banjara_english.docx
thus,erju / jannaj / hanukan,adv.,/erju/ /jannāj/ /hanukan/,ఏరజు / జన్నాజ్ / హనుకన్,एरजु / जन्नाज / हनुकान,Banjara_english.docx
tide,tada,n.,/tada/,తడా,तडा,Banjara_english.docx
tiger,janavar,n.,/janävar/,జనావర్,जनावर,Banjara_english.docx
tighten,kas / katto kar,v.,/kas/ /kātto kar/,కస్ / కాత్తో కర్,कस / कात्तो कर,Banjara_english.docx
tile,thikri,n.,/thikri/,థిక్రి,थिक्रि,Banjara_english.docx
till that moment,angaj / jannaj,adv.,/angaj/ /jannāj/,ఆంగజ్ / జన్నాజ్,आंगज / जन्नाज,Banjara_english.docx
timber,lakadi,n.,/lakadi/,లాకడి,लाकडि,Banjara_english.docx
time,ghadiya / samiyam,n.,/ghadiya/ /samiyām/,ఘదియ / సమియామ్,घदिया / समियाम,Banjara_english.docx
tinge,bhinorang,n.,/bhinorang/,భినోరంగ్,भिनोरंग,Banjara_english.docx
tip,konora / kosa / phungi,n.,/konorā/ /kōsa/ /phungi/,కోనోరా / కోస / ఫుంగి,कोनोरा / कोसा / फुंगि,Banjara_english.docx
tired,hargo,adj.,/hārgo/,హార్గో,हारगो,Banjara_english.docx
title,puraskar,n.,/puraskār/,పురస్కార్,पुरस्कार,Banjara_english.docx
to,sam,prep.,/sām/,సామ్,साम,Banjara_english.docx
to a larger extent,ras,adv.,/rās/,రాస్,रास,Banjara_english.docx
to arrange,atka,v.,/atka/,అత్క,अत्का,Banjara_english.docx
to assault,atyacar,v.,/atyācār/,అత్యాచార్,अत्याचार,Banjara_english.docx
to balance anything,joker,v.,/joker/,జోకేర్,जोकेर,Banjara_english.docx
to be stuck,cuntan rer,v.,/cüntan rer/,చుంతన్ రేర్,चुन्तन रेर,Banjara_english.docx
to become,venam,v.,/venam/,వేనమ్,वेनम,Banjara_english.docx
to blame,badanam kar,v.,/badanām kar/,బదనామ్ కర్,बदनाम कर,Banjara_english.docx
to burn,balenam,v.,/bālēnam/,బాలేనమ్,बालेनम,Banjara_english.docx
to collect,dhamyikar,v.,/dhamyikar/,ధమ్యికర్,धम्यिकर,Banjara_english.docx
to continue,angam badero,v.,/angam badēro/,అంగమ్ బదేరో,अंगम बदेरो,Banjara_english.docx
to crouch,lapjo,v.,/lapjo/,లప్జో,लप्जो,Banjara_english.docx
to dedicate,ankit kar,v.,/ankit kar/,అంకిత్ కర్,अङ्कित कर,Banjara_english.docx
to develop,ghano kar,v.,/ghanō kar/,ఘనో కర్,घनो कर,Banjara_english.docx
to dribble,lale cuvavan,v.,/lale cuvāvaň/,లలే చువావన్,लले चुवावन,Banjara_english.docx
to drift,vyage,v.,/vyāgē/,వ్యాగే,व्यागे,Banjara_english.docx
to dwell,vasjo,v.,/vasjo/,వస్జో,वस्जो,Banjara_english.docx
to evade,bhuladi padjayer,v.,/bhūlādi padjāyēr/,భూలాది పద్జాయేర్,भूलादि पदजायेर,Banjara_english.docx
to face somebody,hata,v.,/hata/,హత,हता,Banjara_english.docx
to flatten,sapkar,v.,/sapkar/,సప్కర్,सपकर,Banjara_english.docx
to give a name,nam pader,v.,/nām pādēr/,నామ్ పాదేర్,नाम पादेर,Banjara_english.docx
to grow,vadago,v.,/vadagō/,వదగో,वदगो,Banjara_english.docx
to keep,ghal,v.,/ghal/,ఘల్,घल,Banjara_english.docx
to make a noise while chewing,atavajum cab,v.,/ațāvajūṁ cab/,అతావజూం చబ్,अतावजूम चब,Banjara_english.docx
to meet,bhalenam,v.,/bhalēnam/,భలేనమ్,भलेनम,Banjara_english.docx
to plait hair,mula gunt,v.,/mūlā gūnt/,మూలా గూంత్,मूला गून्त,Banjara_english.docx
to sink,nausan,v.,/nausan/,నౌసన్,नौसन,Banjara_english.docx
to split,cirra,v.,/cirra/,చిర్ర,चिर्र,Banjara_english.docx
to stop,tham,v.,/tham/,థమ్,थम,Banjara_english.docx
to walk,cal,v.,/cal/,చల్,चल,Banjara_english.docx
to where,kevdi,adv.,/kēvdi/,కేవ్ది,केवि,Banjara_english.docx
today,aj,n.,/āj/,ఆజ్,आज,Banjara_english.docx
tomato,bhejra,n.,/bhejra/,భేజ్ర,भेज्र,Banjara_english.docx
tomb,gori / masan,n.,/gori/ /masan/,గోరి / మసాన్,गोरि / मसान,Banjara_english.docx
tombstone,masanerbata,n.,/masānērbāta/,మసానేర్బాత,मसानेरबाता,Banjara_english.docx
tomorrow,savar,n.,/savar/,సవర్,सवर,Banjara_english.docx
tongue,jib,n.,/jib/,జిబ్,जिब,Banjara_english.docx
tooth,dant,n.,/dant/,దాంత్,दान्त,Banjara_english.docx
toothpick,dantan,n.,/dāntan/,దాంతన్,दान्तन,Banjara_english.docx
torch,kola,n.,/kōla/,కోల,कोला,Banjara_english.docx
torn off,phatero,adj.,/phatero/,ఫాతేరో,फातेरो,Banjara_english.docx
torrent,dhar,n.,/dhar/,ధార్,धार,Banjara_english.docx
tortoise,kabjo,n.,/kābjo/,కాబ్జో,काब्जो,Banjara_english.docx
torture,vela bhaveti,n.,/vēla bhāvēți/,వేల భావేటి,वेला भावेटी,Banjara_english.docx
total,sari / sej,n.,/sari/ /sēj/,సారి / సేజ్,सारि / सेज,Banjara_english.docx
touch,chip / lago,v.,/chip/ /lāgo/,ఛిప్ / లాగో,छिप / लागो,Banjara_english.docx
towel,tuvala,n.,/tuvāla/,తువాల,तुवाला,Banjara_english.docx
"""town; borough""",sar,n.,/sar/,సర్,सर,Banjara_english.docx
traction,khyancer,n.,/khyāñcer/,ఖ్యాంచేర్,ख्यान्चेर,Banjara_english.docx
tradition,idti / calni,n.,/idti/ /calni/,ఇద్తి / చల్ని,इदति / चल्नि,Banjara_english.docx
traditional custom,dhang / idti,n.,/dhang/idti/,ధంగ్ / ఇద్తి,धंग / इदति,Banjara_english.docx
traditional lamp,diyom,n.,/diyōm/,దియోమ్,दियोम,Banjara_english.docx
traditional necklace,hamslo,n.,/hamslo/,హమ్స్లో,हम्सलो,Banjara_english.docx
training,chape sikayar / siksan,n.,/chape sikāyar/ /siksan/,ఛపే సికాయార్ / సిక్సన్,छपे सिकायर / सिक्सन,Banjara_english.docx
trample,khundnak,v.,/khundnāk/,ఖూండ్నాక్,खून्डनाक,Banjara_english.docx
transfer,tavadal,n.,/tavādal/,తవాదల్,तवादल,Banjara_english.docx
trap,phando,n.,/phando/,ఫందో,फन्दो,Banjara_english.docx
treat,dhamyikido,v.,/dhamyikido/,ధమ్యికీదో,धम्यिकीदो,Banjara_english.docx
treaty,sulaha,n.,/sulaha/,సులహ,सुलहा,Banjara_english.docx
tree,jhad / dava,n.,/jhād/ /davā/,ఝాడ్ / దవా,झाड / दवा,Banjara_english.docx
trench,khandkam,n.,/khandkam/,ఖండ్కమ్,खन्डकम,Banjara_english.docx
trend,tarika,n.,/tarika/,తరిక,तरिका,Banjara_english.docx
tribal,banjara,adj.,/bañjāra/,బంజార,बंजारा,Banjara_english.docx
tribe,pada,n.,/pādā/,పాదా,पादा,Banjara_english.docx
trick,hupam,n.,/hupām/,హుపామ్,हुपाम,Banjara_english.docx
trip,jatara,n.,/jātara/,జాతర,जातरा,Banjara_english.docx
trouble,apti / khatra / vela,n.,/apti/ /khatrā/ /vēla/,ఆప్తి / ఖత్రా / వేల,आप्ति / खत्रा / वेला,Banjara_english.docx
trousers,phaint,n.,/phaint/,ఫైంట్,फैन्ट,Banjara_english.docx
trout,kantra,n.,/kantra/,కంట్ర,कन्ट्रा,Banjara_english.docx
true,sassi,adj.,/sāssi/,సాస్సి,सास्सि,Banjara_english.docx
truss,kacoti,n.,/kacōti/,కచోతి,कचोति,Banjara_english.docx
tuesday,mangal var,n. prop.,/mangaļ var/,మంగళ వార్,मंगल वार,Banjara_english.docx
tumble,radto padgo,v.,/radto padgo/,రద్తో పద్గో,रदतो पदगो,Banjara_english.docx
tumour,gadda,n.,/gadda/,గడ్డ,गड्डा,Banjara_english.docx
turban,rumal,n.,/rūmāl/,రూమాల్,रूमाल,Banjara_english.docx
turmeric,halad,n.,/halad/,హలద్,हलद,Banjara_english.docx
turtle,kabjo,n.,/kābjo/,కాబ్జో,काब्जो,Banjara_english.docx
twenty,vis,num.,/vis/,వీస్,वीस,Banjara_english.docx
twist,me / moldapher,v.,/mē / /moldāpher/,మే / మోల్దాఫేర్,मे / मोल्दाफेर,Banjara_english.docx
twisted,vadi ghalighalayo,adj.,/vadi ghalighalāyō/,వది ఘలిఘలాయో,वदि घलिघलायो,Banjara_english.docx
two,di,num.,/di/,ది,दि,Banjara_english.docx
twofold,divana,adj.,/divana/,దివన,दिवना,Banjara_english.docx
tying a plait,mulo gunt,v.,/mūlo günt/,మూలో గూంత్,मूलो गून्त,Banjara_english.docx
tying the edges,pale bhandero,v.,/pālē bhānderō/,పాలే భాందేరో,पाले भान्देरो,Banjara_english.docx
umbrella,chatri,n.,/chatri/,ఛత్రి,छत्रि,Banjara_english.docx
unable to get,lidokoni ju,adj.,/lidōkōni jū/,లిదోకోని జూ,लिदोकोनि जू,Banjara_english.docx
unable to imagine,soncekoni,v.,/söncekoni/,సోంచేకోని,सोन्चेकोनि,Banjara_english.docx
unbeatable,adam cheni,adj.,/ādam chēni/,ఆదమ్ ఛేని,आदम छेनि,Banjara_english.docx
unbound,chuto,adj.,/chūto/,ఛూతో,छूतो,Banjara_english.docx
uncle,mama / motapu / sasro,n.,/mama/ /motāpu/ /sasro/,మామ / మోతాపు / సస్రో,मामा / मोतापु / सस्रो,Banjara_english.docx
underground science,jammiro sastram,n.,/jammirō śāstram/,జమ్మిరో శాస్త్రమ్,जम्मिरो शास्त्रम,Banjara_english.docx
underneath,tal,prep.,/tal/,తల్,तल,Banjara_english.docx
understood,adodcajako,adj.,/adōdcajako/,అదోద్చజకో,अदोदचजको,Banjara_english.docx
uneven,khanca khoba,adj.,/khāñcā khoba/,ఖాంచా ఖోబ,खाञ्चा खोबा,Banjara_english.docx
unfair,aniyayi,adj.,/aniyāyi/,అనియాయి,अनियायि,Banjara_english.docx
uniformly,ekkaj,adv.,/ekkaj/,ఎక్కజ్,एक्कज,Banjara_english.docx
universe,jagati / jagat,n.,/jagati/ /jagat/,జగతి / జగత్,जगति / जगत,Banjara_english.docx
unmarried girl,kumvari,n.,/kumvāri/,కుమ్వారి,कुम्वारि,Banjara_english.docx
unmarried man,kumvaro,n.,/kumvārō/,కుమ్వారో,कुम्वारो,Banjara_english.docx
unmuffle,bucno kad,v.,/bucno kād/,బుచ్నో కాద్,बुच्नो काद,Banjara_english.docx
unnecessary,cayeni / nakam,adj.,/cāyēni/ /nakām/,చాయేని / నకామ్,चायेनि / नकाम,Banjara_english.docx
unripe mango,amba,n.,/amba/,అంబ,अम्बा,Banjara_english.docx
until then,ottetanu,adv.,/ottetānu/,ఒత్తేతాను,ओत्तेतानु,Banjara_english.docx
untouched,cunteni / chipekonijako,adj.,/cuntēni/ /chipēkōnijakō/,చుంతేని / ఛిపేకోనిజకో,चुन्तेनि / छिपेकोनिजको,Banjara_english.docx
unwashed,lagalde,adj.,/lagalde/,లగల్దే,लगल्दे,Banjara_english.docx
upto brim,sik,adv.,/sīk/,సీక్,सीक,Banjara_english.docx
urgency,danke,n.,/danke/,దంకే,दंके,Banjara_english.docx
urinated,muddino,v.,/mūddinō/,మూద్దినో,मूद्दिनो,Banjara_english.docx
urine,mut,n.,/mut/,ముత్,मुत,Banjara_english.docx
urine with bad smell,rabdo,n.,/rabdo/,రబ్డో,रब्डो,Banjara_english.docx
upon,umpar,prep.,/umpar/,ఉంపర్,उम्पर,Banjara_english.docx
upper layer,pottu,n.,/pottu/,పొత్తు,पोत्तु,Banjara_english.docx
upper one,uncer,adj.,/uncer/,ఉంచేర్,उन्चेर,Banjara_english.docx
uppermost,khubac,adj.,/khūbāc/,ఖూబాచ్,खूबाच,Banjara_english.docx
uproar,baldayer,n.,/baldāyer/,బల్దాయేర్,बल्दायेर,Banjara_english.docx
uproot,hala,v.,/hala/,హల,हला,Banjara_english.docx
upstream,vyarojersamnak,adv.,/vyārōjērsamnak/,వ్యారోజేర్సమ్నాక్,व्यारोजेरसम्नाक,Banjara_english.docx
used one,kidojako,adj.,/kidojako/,కిదోజకో,किदोजको,Banjara_english.docx
useless,nakam,adj.,/nakām/,నకామ్,नकाम,Banjara_english.docx
utensil,ginya / tham,n.,/ginyā/ /thām/,గిన్యా / థామ్,गिन्या / थाम,Banjara_english.docx
uvula,kagla,n.,/kāglā/,కాగ్లా,काग्ला,Banjara_english.docx
vacant,thal,adj.,/thal/,థల్,थल,Banjara_english.docx
vaccinate,tikal mar,v.,/tikal mar/,తికల్ మార్,तिकल मार,Banjara_english.docx
valley flowing with water or wind,khobo,n.,/khobo/,ఖోబో,खोबो,Banjara_english.docx
value,khimat / dam,n.,/khimat/ /dam/,ఖిమత్ / దమ్,खिमत / दम,Banjara_english.docx
vandalize,khulanak,v.,/khulānāk/,ఖులానాక్,खुलानाक,Banjara_english.docx
vanish,budjo,v.,/būdjō/,బూడ్జో,बूडजो,Banjara_english.docx
vegetables,tarkari,n.,/tarkari/,తర్కరి,तर्करि,Banjara_english.docx
vein,nas,n.,/nas/,నస్,नस,Banjara_english.docx
venom,dava / vas,n.,/davā/ /vas/,దవా / వస్,दवा / वस,Banjara_english.docx
vent,vej,n.,/vēj/,వేజ్,वेज,Banjara_english.docx
ventricle,ghar,n.,/ghar/,ఘర్,घर,Banjara_english.docx
verb,marlo,n.,/marlo/,మర్లో,मर्लो,Banjara_english.docx
verse,kadi / gid,n.,/kadi/ /gid/,కది / గిద్,कदि / गिद,Banjara_english.docx
vertical,hub,adj.,/hub/,హుబ్,हुब,Banjara_english.docx
very large,jappa,adv.,/jāppā/,జాప్పా,जाप्पा,Banjara_english.docx
very sensitive,accoso,adj.,/accoso/,అచ్చోసో,अच्चोसो,Banjara_english.docx
vessel,tokani,n.,/tōkani/,తోకని,तोकनि,Banjara_english.docx
vex,katalo,n.,/katalo/,కతలో,कतलो,Banjara_english.docx
via,ti,adv.,/ti/,తి,ति,Banjara_english.docx
vicar,badal,n.,/badal/,బదల్,बदल,Banjara_english.docx
vicinity,dhamyiro,n.,/dhamyiro/,ధమ్యిరో,धम्यिरो,Banjara_english.docx
victim,dhokabaj,n.,/dhōkabāj/,ధోకబాజ్,धोकबाज,Banjara_english.docx
view,nanjar / bomma,n.,/nanjar/ /bomma/,నంజర్ / బొమ్మ,नन्जर / बोम्मा,Banjara_english.docx
violence,marer,n.,/marer/,మరేర్,मरेर,Banjara_english.docx
viper gourd,carcinda,n.,/carcinda/,చర్చింద,चर्चिन्दा,Banjara_english.docx
visible,dikavajako,adj.,/dikāvajakō/,దికావజకో,दिकावजको,Banjara_english.docx
vision,najar,n.,/najar/,నజర్,नजर,Banjara_english.docx
voice,ghog,n.,/ghog/,ఘోగ్,घोग,Banjara_english.docx
volcanoes,angarero pahad,n.,/angārērō pahād/,అంగారేరో పహాడ్,अंगारेरो पहाड,Banjara_english.docx
vomit,dakanni,v.,/dākanni/,దాకన్ని,दाकन्नि,Banjara_english.docx
vote,ot,n.,/ōt/,ఓట్,ओट,Banjara_english.docx
wage,cal,v.,/cal/,చల్,चल,Banjara_english.docx
wager,raji,n.,/rāji/,రాజి,राजि,Banjara_english.docx
waist,kad,n.,/kad/,కద్,कद,Banjara_english.docx
wait,gandigasevalo / tham,v.,/gandigāsēvālō/ /tham/,గందిగాసేవాలో / థమ్,गन्दिगासेवालो / थम,Banjara_english.docx
waive,chod,v.,/chod/,ఛోద్,छोद,Banjara_english.docx
wake,jagaran,n.,/jāgāran/,జాగారన్,जागारन,Banjara_english.docx
walk,cal,n.,/cal/,చల్,चल,Banjara_english.docx
walking stick,tekan caler lakdi,n.,/tēkan caler lakdi/,తేకన్ చలేర్ లక్ది,तेकन चलेर लक्दि,Banjara_english.docx
wall,divar,n.,/divar/,దివార్,दिवार,Banjara_english.docx
wan,dhilobhas,adv.,/dhilōbhas/,ధిలోభస్,धिलोभस,Banjara_english.docx
wander,bhulati padgo,v.,/bhulāti padgo/,భులాతి పద్గో,भुलाति पदगो,Banjara_english.docx
want,cunler / reno,v.,/cunler/ /rēnō/,చున్లేర్ / రేనో,चुन्लेर / रेनो,Banjara_english.docx
war,vyar,n.,/vyar/,వ్యాఱ్,व्यार,Banjara_english.docx
warm water,garmo,n.,/garmo/,గర్మో,गरमो,Banjara_english.docx
warn,camkan,v.,/camkan/,చమ్కాన్,चम्कान,Banjara_english.docx
wash,dhonaker / dho / dhoyer,n.,/dhonaker/ /dhō/ /dhoyer/,ధోనకేర్ / ధో / ధోయేర్,धोनकेर / धो / धोयेर,Banjara_english.docx
washer,dhobi,n.,/dhobi/,ధోబి,धोबि,Banjara_english.docx
waste,nakam / padav,adj.,/nakām/ /padāv/,నకామ్ / పదావ్,नकाम / पदाव,Banjara_english.docx
watch,kavli / ghadi,n.,/kāvli/ /ghadi/,కావ్లి / ఘది,काव्लि / घदि,Banjara_english.docx
watchman,caukidar,n.,/caukīdār/,చౌకీదార్,चौकीदार,Banjara_english.docx
water,pani,n.,/pani/,పాని,पानि,Banjara_english.docx
waterfall,relki / sed,n.,/relki/ /sēd/,రేల్కి / సేద్,रेल्कि / सेद,Banjara_english.docx
watermelon,tarbuja,n.,/tarbūja/,తర్బూజ,तरबूजा,Banjara_english.docx
watery,bhinochajako,adj.,/bhinōchajakō/,భినోఛజకో,भिनोछजको,Banjara_english.docx
wave,jhaglo,n.,/jhaglō/,ఝగ్లో,झग्लो,Banjara_english.docx
waves,jhogol / halolo,n.,/jhōgo!/ /halolo/,ఝోగోల్ / హలోలో,झोगोल / हलोलो,Banjara_english.docx
wavy,navan cham,adj.,/navan cham/,నవన్ ఛమ్,नवन छम,Banjara_english.docx
wax,myan,n.,/myan/,మ్యాన్,म्यान,Banjara_english.docx
way,vat,n.,/vāt/,వాట్,वाट,Banjara_english.docx
we,apan / ham,pron.,/āpan/ /ham/,ఆపన్ / హమ్,आपन / हम,Banjara_english.docx
weak,bana taktero,adj.,/banā tāktēro/,బనా తాక్తేరో,बना ताक्तेरो,Banjara_english.docx
wealth,kamayi,n.,/kamāyi/,కమాయి,कमायि,Banjara_english.docx
weapon,hatyar,n.,/hatyar/,హత్యార్,हत्यार,Banjara_english.docx
wear,pyarer / pyar / pyarlam,v.,/pyarer/ /pyar/ /pyārlam/,ప్యారేర్ / ప్యార్ / ప్యార్లమ్,प्यारेर / प्यार / प्यारलम,Banjara_english.docx
weathered,atak go,adj.,/atak go/,అతక్ గో,अतक गो,Banjara_english.docx
weave,gunt,v.,/gunt/,గుంట్,गुन्ट,Banjara_english.docx
weaving,gunter,n.,/gunter/,గుంతేర్,गुन्तेर,Banjara_english.docx
wedding celebration,telo,n.,/telo/,తేలో,तेलो,Banjara_english.docx
wednesday,badvar,n. prop.,/badvar/,బద్వార్,बद्वार,Banjara_english.docx
weeds,kalap,n.,/kalap/,కలప్,कलप,Banjara_english.docx
weight,toler / bhari,n.,/tōler/ /bhāri/,తోలేర్ / భారి,तोलेर / भारि,Banjara_english.docx
well,kuyo / dhab / ras,n.,/kūyō/ /dhāb/ /rās/,కూయో / ధాబ్ / రాస్,कूयो / धाब / रास,Banjara_english.docx
west,uncal,n.,/uncal/,ఉంచల్,उन्चल,Banjara_english.docx
wet,padan / bhinjod / bhin,adj.,/padan/ /bhinjōd/ /bhin/,పదన్ / భింజోద్ / భిన్,पदन / भिन्जोद / भिन,Banjara_english.docx
what,kamyi,pron.,/kāmyi/,కామ్యి,काम्यि,Banjara_english.docx
wheat,ghaum,n.,/ghaum/,ఘౌమ్,घौम,Banjara_english.docx
wheel,girra,n.,/girra/,గిర్ర,गिर्र,Banjara_english.docx
whelp,janer / pilla,v.,/janer/ /pilla/,జనేర్ / పిల్ల,जनेर / पिल्ला,Banjara_english.docx
where,kattam,adv.,/kattaň/,కత్తం,कत्तं,Banjara_english.docx
while,jarrak vala / dassek,n.,/jarrāk vaļā/ /dassēk/,జర్రాక్ వళా / దస్సేక్,जर्राक वळा / दस्सेक,Banjara_english.docx
whinny,galkero,v.,/galkēro/,గల్కేరో,गल्केरो,Banjara_english.docx
whip,cammto,n.,/cammțo/,చమ్మతో,चम्मटो,Banjara_english.docx
whirlpool,angolo,n.,/angolo/,అంగోలో,अंगोलो,Banjara_english.docx
whirlwind,angolo,n.,/angolo/,అంగోలో,अंगोलो,Banjara_english.docx
whisk,jhad kar,v.,/jhad kār/,ఝాడ్ కార్,झाड कार,Banjara_english.docx
whisper,ghums ghums,n.,/ghūms ghūms/,ఘూమ్స్ ఘూమ్స్,घूम्स घूम्स,Banjara_english.docx
whistle,sinti,n.,/sinti/,సింతి,सिन्ति,Banjara_english.docx
white,dhvalo,adj.,/dhvāļo/,ధ్వాళో,ध्वाळो,Banjara_english.docx
whiteness,dhvalo,n.,/dhvālo/,ధ్వాలో,ध्वालो,Banjara_english.docx
who,kun,pron.,/kun/,కున్,कुन,Banjara_english.docx
whore,kacni,n.,/kacni/,కచ్ని,कचनि,Banjara_english.docx
whose one is this,ker,pron.,/ker/,కేర్,केर,Banjara_english.docx
why,kassenam / kamyikanam,adv.,/kassēnam/ /kāmyikanam/,కస్సేనమ్ / కామ్యికనమ్,कस्सेनम / काम्यिकनम,Banjara_english.docx
wick,gam / diyerbatti,n.,/gām/ /diyērbatti/,గామ్ / దియేర్బత్తి,गाम / दियेर्बत्ति,Banjara_english.docx
widow,rand,n.,/rand/,రాండ్,रान्ड,Banjara_english.docx
wife,gvanni,n.,/gvānni/,గ్వాన్ని,ग्वान्नि,Banjara_english.docx
will,vilunama / hums,n.,/vilunāmā/ /hums/,విలునామా / హుమ్స్,विलुनामा / हुम्स,Banjara_english.docx
will be there,racam,v.,/racam/,రచమ్,रचम,Banjara_english.docx
willing,sammat,adj.,/sammat/,సమ్మత్,सम्मत,Banjara_english.docx
wilt,hargo,v.,/hārgo/,హార్గో,हारगो,Banjara_english.docx
win,jitero / jitno / veralu,v.,/jitero/ /jitno/ /vērāļu/,జితేరో / జిత్యో / వేరాలు,जितेरो / जित्नो / वेराळु,Banjara_english.docx
window,kidiki,n.,/kidiki/,కిదికి,किदिकि,Banjara_english.docx
wing,ponkoda,n.,/pońkoda/ /pońkodā/,పొంకోద / పొంకోదా,पोन्कोदा,Banjara_english.docx
winnow grain,varader,v.,/varāder/,వరాదేర్,वरादेर,Banjara_english.docx
winter,simyalo,n.,/simyālō/,సిమ్యాలో,सिम्यालो,Banjara_english.docx
wish,manger,v.,/mänger/,మాంగేర్,मांगेर,Banjara_english.docx
with,laram,prep.,/lāram/,లారమ్,लारम,Banjara_english.docx
with carelessness,atakleti chenijako,adv.,/ataklēti chēnijako/,అతక్లేతి ఛేనిజకో,अतक्लेति छेनिजको,Banjara_english.docx
with discipline,malajeti,adv.,/malājēti/,మలాజేతి,मलाजेति,Banjara_english.docx
with hunger,bhuketi,adv.,/bhūkēti/,భూకేతి,भूकेति,Banjara_english.docx
with interest,hat,adv.,/hat/,హాత్,हात,Banjara_english.docx
with this,yeti,adv.,/yeti/,యేతి,येति,Banjara_english.docx
withdrawal,hatoler,n.,/hatoler/,హతోలేర్,हतोलेर,Banjara_english.docx
within,mayij,prep.,/māyij/,మాయిజ్,मायिज,Banjara_english.docx
without any reason,thalo / nakam,adv.,/thālo/ /nakām/,థాలో / నకామ్,थालो / नकाम,Banjara_english.docx
without any similarity,bhedcheniju,adv.,/bhēdchēniju/,భేద్ఛేనిజు,भेदछेनिजु,Banjara_english.docx
without any worry,bana randi,adv.,/banā randi/,బనా రండి,बना रन्डि,Banjara_english.docx
without movement,halenijum,adv.,/halēnijūm/,హలేనిజూమ్,हलेनिजूम,Banjara_english.docx
without that,koni,adv.,/kōni/,కోని,कोनि,Banjara_english.docx
witness,gavayi,n.,/gavāyi/,గవాయి,गवायि,Banjara_english.docx
wizard,bhakat,n.,/bhakat/,భకత్,भकत,Banjara_english.docx
wolf,bhediya,n.,/bhediya/,భేదియ,भेदिया,Banjara_english.docx
woo,lad kara,v.,/lad kara/,లాద్ కర,लाद करा,Banjara_english.docx
wood basin with lot of width,kakoti,n.,/kākoți/,కాకోటి,काकोटि,Banjara_english.docx
wood cutter,rampya,n.,/rampyā/,రమ్ప్యా,रम्प्या,Banjara_english.docx
wooden box,cekkar sanduk,n.,/cekkar sanduk/,చెక్కర్ సందుక్,चेक्कर सन्दुक,Banjara_english.docx
wooden peg,khilli,n.,/khilli/,ఖిల్లి,खिल्लि,Banjara_english.docx
wooden post,khunta,n.,/khunta/,ఖుంట,खुन्टा,Banjara_english.docx
wool,un,n.,/un/,ఉన్,उन,Banjara_english.docx
word,vaja,n.,/vājā/,వాజా,वाजा,Banjara_english.docx
work,kam / ghadojako visra,n.,/kām/ /ghadojako visrā/,కామ్ / ఘదోజకో విస్రా,काम / घदोजको विस्रा,Banjara_english.docx
worker,bamyam,n.,/bāmyām/,బామ్యామ్,बाम्याम,Banjara_english.docx
working person,bamyam,n.,/bamyam/,బమ్యమ్,बम्यम,Banjara_english.docx
works,racana,n.,/racana/,రచన,रचना,Banjara_english.docx
world,jagat / jagse / tan,n.,/jagat/ /jagse/ /tan/,జగత్ / జగ్సే / తన్,जगत / जगसे / तन,Banjara_english.docx
worn,pyarajakano / bhandijako,adj.,/pyārajakano/ /bhāndijakō/,ప్యారజకనో / భాందిజకో,प्यारजकनो / भान्दिजको,Banjara_english.docx
worry,katalo / hamyi,n.,/katalo/ /hamyi/,కతలో / హమ్యి,कतलो / हम्यि,Banjara_english.docx
worth,tahat,n.,/tahat/,తహత్,तहत,Banjara_english.docx
wound,ghav,n.,/ghāv/,ఘావ్,घाव,Banjara_english.docx
wound from burns,angarer ghav,n.,/angārer ghāv/,అంగారేర్ ఘావ్,अंगारेर घाव,Banjara_english.docx
wreck,phod,v.,/phod/,ఫోడ్,फोड,Banjara_english.docx
wretch,banagatero,n.,/banāgatero/,బనాగతేరో,बनागतेरो,Banjara_english.docx
wrist,mukki,n.,/mukki/,ముక్కి,मुक्कि,Banjara_english.docx
writing,lakani,n.,/lakani/,లకని,लकानि,Banjara_english.docx
writing a number,ank laker,v.,/ank laker/,ఆంక్ లకేర్,आंक लकेर,Banjara_english.docx
wrong,kharap / galat / balla,adj.,/kharap/ /galat/ /ballā/,ఖరాప్ / గలత్ / బల్లా,खराप / गलत / बल्ला,Banjara_english.docx
yam,sakkar gand,n.,/sakkar gand/,సక్కర్ గండ్,सक्कर गन्ड,Banjara_english.docx
yard,kottam,n.,/kottam/,కొత్తమ్,कोत्तम,Banjara_english.docx
yawn,bagayi mar,v.,/bagayi mar/,బగాయి మార్,बगायि मार,Banjara_english.docx
year,varas,n.,/varas/,వరస్,वरस,Banjara_english.docx
yellow colour,pilorang,n.,/pilorang/,పిలోరంగ్,पिलोरंग,Banjara_english.docx
yes,havam,adv.,/hāvam/,హావమ్,हावम,Banjara_english.docx
yesterday,kal,n.,/kāl/,కాల్,काल,Banjara_english.docx
yield,pacijako panta,n.,/pācījako pāntā/,పాచీజకో పాంతా,पाचीजको पान्ता,Banjara_english.docx
yoke,kanni,n.,/kānni/,కాన్ని,कान्नि,Banjara_english.docx
you,tam,pron.,/tam/,తమ్,तम,Banjara_english.docx
you (sg.),tum,pron.,/tūm/,తూమ్,तूम,Banjara_english.docx
young lady,motiyar cyari,n.,/motiyar cyari/,మోతియార్ చ్యారి,मोतियार च्यारि,Banjara_english.docx
young sprouts,nat,n.,/nat/,నాట్,नाट,Banjara_english.docx
younger sister of mother,kaki,n.,/kāki/,కాకి,काकि,Banjara_english.docx
youngster,navejavan,n.,/navējavān/,నవేజవాన్,नवेजवान,Banjara_english.docx
yours,tonam,pron.,/tōnam/,తోనమ్,तोनम,Banjara_english.docx
yourself,tuj,pron.,/tūj/,తూజ్,तूज,Banjara_english.docx
youth,navejavan,n.,/navējavān/,నవేజవాన్,नवेजवान,Banjara_english.docx
zeal,jor,n.,/jör/,జోర్,जोर,Banjara_english.docx
zero,sunna,num.,/sunna/,సున్న,सुन्ना,Banjara_english.docx
अँगिया,angiya,n.,/aṅgiyā/,అంగియా,अंगिया,Banjara_hindi.docx
अंगूर,angur,n.,/aṅgūr/,అంగూర్,अंगूर,Banjara_hindi.docx
अंडा,inda,n.,/inḍā/,ఇండా,इंडा,Banjara_hindi.docx
अंत,margo / kosa,n.,/margō/ /kōsa/,మర్గో / కోస,मर्गो / कोसा,Banjara_hindi.docx
अंतर,mayi,n.,/māyi/,మాయి,मायि,Banjara_hindi.docx
अंदर,mayi,prep.,/māyi/,మాయి,मायि,Banjara_hindi.docx
अंध,andi / kano,adj.,/andī/ /kāṇō/,ఆంది / కాణో,आन्दि / काणो,Banjara_hindi.docx
अंधकार,andaro,n.,/andārō/,అందారో,अन्दारो,Banjara_hindi.docx
अकस्मात (अचानक),acanak,adv.,/acānak/,అచానక్,अचानक,Banjara_hindi.docx
अक्ल,akal / kanni,n.,/akal/ /kaṇṇi/,అకల్ / కణ్ణి,अकल / कण्णि,Banjara_hindi.docx
अक्षर,ank,n.,/āṅk/,ఆంక్,आंक,Banjara_hindi.docx
अग्नि,angar,n.,/aṅgār/,అంగార్,अंगार,Banjara_hindi.docx
अच्छा,ac / varuj,adj.,/āc/ /vāruj/,ఆచ్ / వారుజ్,आच / वारुज,Banjara_hindi.docx
अच्छी तरह,kub ac,adv.,/kūb āc/,కూబ్ ఆచ్,कूब आच,Banjara_hindi.docx
अजीब,nam an jan,adj.,/nam an jaṃn/,నమ్ అన్ జంన్,नम अन जंन,Banjara_hindi.docx
अजीर्ण,ajirti,n.,/ajirti/,అజిర్తి,अजिरति,Banjara_hindi.docx
अठारह,atharam,num.,/athāram/,అథారమ్,अथारम,Banjara_hindi.docx
अदरक,adarak,n.,/adarak/,అదరక్,अदरक,Banjara_hindi.docx
अधिकार,nayaki / hak,n.,/nāyakī/ /hak/,నాయకీ / హక్,नायकी / हक,Banjara_hindi.docx
अधिक,asman / jappa,adj.,/asmān/ /jāppā/,అస్మాన్ / జాప్పా,अस्मान / जाप्पा,Banjara_hindi.docx
अधर,hot,n.,/hōṭ/,హోట్,होट,Banjara_hindi.docx
अदृष्ट,nasib,n.,/nasīb/,నసీబ్,नसीब,Banjara_hindi.docx
अनार,anar,n.,/anār/,అనార్,अनार,Banjara_hindi.docx
अनुज,bhayi,n.,/bhāyi/,భాయి,भायि,Banjara_hindi.docx
अनुभूति,joyivam,n.,/jōyivã/,జోయివఁ,जोयिवं,Banjara_hindi.docx
अनुमति दे,ijajat,v.,/ijājat/,ఇజాజత్,इजाजत,Banjara_hindi.docx
अन्न,dhan,n.,/dhān/,ధాన్,धान,Banjara_hindi.docx
अन्य,duse,adj.,/dūsē/,దూసే,दूसे,Banjara_hindi.docx
अन्याय,anyayi,n.,/anyāyi/,అన్యాయి,अन्यायि,Banjara_hindi.docx
अन्वेषण कर,dhund,v.,/ḍhūṇḍ/,ఢూండ్,ढूण्ड,Banjara_hindi.docx
अपाहिज,tunto,n.,/tuntō/,తుంతో,तुन्तो,Banjara_hindi.docx
अफवाह,phunkar,n.,/phuṅkār/,ఫుంకార్,फुंकार,Banjara_hindi.docx
अब,abba,adv.,/abba/,అబ్బ,अब्ब,Banjara_hindi.docx
अभी,abbam / jaldi,adv.,/abbã/ /jaldi/,అబ్బఁ / జల్ది,अब्बं / जल्दि,Banjara_hindi.docx
अभय,namcamak,n.,/naṃcamak/,నఁచమక్,नंचमक,Banjara_hindi.docx
अभिप्राय,ada kar,n.,/adā kar/,అదా కర్,अदा कर,Banjara_hindi.docx
अमीर,amir,n.,/amīr/,అమీర్,अमीर,Banjara_hindi.docx
अर्ध,adod / ado,adj.,/adōḍ/ /ādō/,అదోడ్ / ఆదొ,अदोड / आदो,Banjara_hindi.docx
अलग,nali / phokat,adj.,/nāḷi/ /phōkaṭ/,నాళి / ఫొకట్,नाळि / फोकट,Banjara_hindi.docx
अलग कर,chod / kater,v.,/chōḍ/ /kāṭēr/,ఛోడ్ / కాటేర్,छोड / काटेर,Banjara_hindi.docx
अवधि,tanu / gettu,n.,/tāṇu/ /geṭṭu/,తాణు / గెట్టు,ताणु / गेट्टु,Banjara_hindi.docx
अश्रु,hamsu,n.,/hā̃su/,హాఁసు,हांसु,Banjara_hindi.docx
असहाय,gaticheni,adj.,/gatichēni/,గతిఛేని,गतिछेनि,Banjara_hindi.docx
अस्तित्व,sanj padagi,n.,/sāñj paḍagi/,సాంజ్ పడగి,सांज पडगि,Banjara_hindi.docx
अहंकार,garab,n.,/garab/,గరబ్,गरब,Banjara_hindi.docx
आँख,anki,n.,/āṅki/,ఆంకి,आंकि,Banjara_hindi.docx
आँधी,jhadi,n.,/jhaḍi/,ఝడి,झडि,Banjara_hindi.docx
आंत,antar,n.,/āntar/,ఆంతర్,आन्तर,Banjara_hindi.docx
आँसू,hamsu / pani,n.,/hā̃su/ /pāṇī/,హాఁసు; పాణీ,हांसु / पाणी,Banjara_hindi.docx
आकार,rup / vanya / parimanam,n.,/rūp/ /vaṇyā/ /parimāṇaṃ/,రూప్; వణ్యా; పరిమాణం,रूप / वण्या / परिमाणं,Banjara_hindi.docx
आखिर,kosa,n.,/kōsa/,కోస,कोसा,Banjara_hindi.docx
आखिरी,kosa,adj.,/kōsa/,కోస,कोसा,Banjara_hindi.docx
आग,angar,n.,/aṅgār/,అంగార్,अंगार,Banjara_hindi.docx
आगे,angam / dharagadiya,adv.,/āṅgã/ /dharagaḍiyā/,ఆంగఁ; ధర్అగడియా,आंगं / धरगडिया,Banjara_hindi.docx
आज,aj,n.,/āj/,ఆజ్,आज,Banjara_hindi.docx
आज्ञा,hukum,n.,/hukum/,హుకుమ్,हुकुम,Banjara_hindi.docx
आटा,ato,n.,/āṭō/,ఆటో,आटो,Banjara_hindi.docx
आध्यात्मिक,devepar bhakti,adj.,/dēvēpar bhakti/,దేవేపర్ భక్తి,देवेपर भक्ति,Banjara_hindi.docx
आदमी,admi / manikya / manas,n.,/ādmī/ /manikyā/ /māṇas/,ఆద్మీ; మనిక్యా; మాణస్,आदमी / मनिक्या / माणस,Banjara_hindi.docx
आदर कर,manader,v.,/manādēr/,మనాదేర్,मनादेर,Banjara_hindi.docx
आधा,adod / ado,adj.,/adōḍ/ /ādō/,అదోడ్; ఆదొ,अदोड / आदो,Banjara_hindi.docx
आसान,holiyant,adj.,/hoḷiyānt/,హొళియాంత్,होळियान्त,Banjara_hindi.docx
आय,ayer,n.,/āyēr/,ఆయేర్,आयेर,Banjara_hindi.docx
आयु,umar / id,n.,/umar/ /īḍ/,ఉమర్; ఈడ్,उमर / ईड,Banjara_hindi.docx
आयुध,hatyar,n.,/hatyār/,హత్యార్,हत्यार,Banjara_hindi.docx
आराम,rikam,n.,/rikām/,రికామ్,रिकाम,Banjara_hindi.docx
आर्य,bap,n.,/bāp/,బాప్,बाप,Banjara_hindi.docx
आविष्कार कर,malanka do,v.,/mālaṃka do/,మాలంక దొ,मालंक दो,Banjara_hindi.docx
आसन,byas,n.,/byās/,బ్యాస్,ब्यास,Banjara_hindi.docx
आसपास,aspan / aspasema,adv.,/āspān/ /āspāsemā/,ఆస్పాన్; ఆస్పాసెమా,आस्पान / आसपासमा,Banjara_hindi.docx
आहार,khoraki / khayer / dhan,n.,/khorāki/ /khāyēr/ /dhān/,ఖొరాకి; ఖాయేర్; ధాన్,खोरकि / खायेर / धान,Banjara_hindi.docx
इच्छा,khatar,n.,/khātar/,ఖాతర్,खातर,Banjara_hindi.docx
इजाजत दे,ijajat,v.,/ijājat/,ఇజాజత్,इजाजत,Banjara_hindi.docx
इतवार,ditvar,n.,/ditvār/,దిత్యార్,दित्वार,Banjara_hindi.docx
इतिहास,carita,n.,/carita/,చరిత,चरिता,Banjara_hindi.docx
इनाम,inam,n.,/inām/,ఇనామ్,इनाम,Banjara_hindi.docx
इधर,attam,adv.,/attã/,అత్తఁ,अत्तं,Banjara_hindi.docx
इस्तीफा,chod,n.,/chōḍ/,ఛోడ్,छोड,Banjara_hindi.docx
उँगली,angli,n.,/āṅgli/,ఆంగ్లి,आंग्लि,Banjara_hindi.docx
उठा ले,vatad,v.,/vatāḍ/,వతాడ్,वताड,Banjara_hindi.docx
उंडेल,unda / thala,v.,/undā/ /ṭhalā/,ఉందా; ఠలా,उन्दा / ठला,Banjara_hindi.docx
उड,bamro,v.,/bamrō/,బమ్రో,बम्रो,Banjara_hindi.docx
उतना,atro,adv.,/atrō/,అత్రో,अत्रो,Banjara_hindi.docx
उत्पन्न कर,huyer,v.,/hūyēr/,హూయేర్,हूयेर,Banjara_hindi.docx
उत्साह,jor,n.,/jōr/,జోర్,जोर,Banjara_hindi.docx
उतर,hutar,v.,/hutar/,హుతర్,हुतर,Banjara_hindi.docx
उदय,savaro,n.,/savārō/,సవారో,सवारो,Banjara_hindi.docx
उतार,hotar,v.,/hotār/,హొతార్,होतार,Banjara_hindi.docx
उदर,pet,n.,/pēṭ/,పేట్,पेट,Banjara_hindi.docx
उछल,kud,v.,/kūd/,కూద్,कूद,Banjara_hindi.docx
उत्तम,ac,adj.,/āc/,ఆచ్,आच,Banjara_hindi.docx
उत्तर,jawab / lanka,n.,/javāb/ /laṅkā/,జవాబ్ / లంకా,जवाब / लंका,Banjara_hindi.docx
उधार,baki,n.,/bāki/,బాకి,बाकि,Banjara_hindi.docx
उन्नति,vadro / bader,n.,/vadrō/ /baḍēr/,వద్రో; బడేర్,वद्रो / बडेर,Banjara_hindi.docx
उपाय,hupam,n.,/hupām/,హుపామ్,हुपाम,Banjara_hindi.docx
उम्र,umar / id,n.,/umar/ /īḍ/,ఉమర్; ఈడ్,उमर / ईड,Banjara_hindi.docx
उफान,umpan,n.,/ūmpan/,ఊంపణ్,ऊम्पण,Banjara_hindi.docx
उपज,panta,n.,/pāṇṭa/,పాంట,पान्टा,Banjara_hindi.docx
उपवास,bhuko,n.,/bhūkō/,భూకో,भूको,Banjara_hindi.docx
उबाल,umpan / vakal,n.,/ūmpan/ /vakāḷ/,ఊంపణ్; వకాళ్,ऊम्पण / वकाळ,Banjara_hindi.docx
उमंग,jor,n.,/jōr/,జోర్,जोर,Banjara_hindi.docx
ऊन,un,n.,/ūn/,ఊన్,ऊन,Banjara_hindi.docx
ऊपर को रेंग,godiyavu cal,v.,/gōḍiyāvu cāl/,గోడియావు చాల్,गोडियावु चाल,Banjara_hindi.docx
ऊँट,huntadi,n.,/huṇṭaḍi/,హుంటడి,हुन्टडि,Banjara_hindi.docx
ऊपर,umpar,adv.,/ūmpar/,ఊంపర్,ऊम्पर,Banjara_hindi.docx
ऋषि,muni,n.,/muni/,ముని,मुनि,Banjara_hindi.docx
एक,ek,num.,/ēk/,ఏక్,एक,Banjara_hindi.docx
एकांत,chiyant,n.,/chiyāṇṭ/,ఛియాంట్,छियान्ट,Banjara_hindi.docx
एक मात्र,ekkaj,adj.,/ekkaj/,ఎక్కజ్,एक्कज,Banjara_hindi.docx
ओंठ,hot,n.,/hōṭ/,హోట్,होट,Banjara_hindi.docx
ओर,sam,adv.,/sām/,సామ్,साम,Banjara_hindi.docx
ओस,bharap,n.,/bharap/,భరప్,भरप,Banjara_hindi.docx
और,ujji / vajji,conj.,/ujji/ /vajji/,ఉజ్జి; వజ్జి,उज्जि / वज्जि,Banjara_hindi.docx
और भी,ajji,adv.,/ajji/,అజ్జి,अज्जि,Banjara_hindi.docx
औषध,dava,n.,/davā/,దవా,दवा,Banjara_hindi.docx
कंकड,kankara,n.,/kaṅkara/,కంకర,कंकरा,Banjara_hindi.docx
कंप,dhujer,n.,/dhūjēr/,ధూజేర్,धूजेर,Banjara_hindi.docx
कंकण,kolla,n.,/kollā/,కొల్లా,कोल्ला,Banjara_hindi.docx
कडक,garaj,n.,/garaj/,గరజ్,गरज,Banjara_hindi.docx
कंघा,kangsi,n.,/kāṅgsi/,కాంగ్సి,कांग्सि,Banjara_hindi.docx
ककडी,kakdi,n.,/kākḍi/,కక్డి,काक्डि,Banjara_hindi.docx
कडा,kolda,n.,/kolḍā/,కొల్డా,कोल्डा,Banjara_hindi.docx
कचर,khund,v.,/khūnd/,ఖూంద్,खून्द,Banjara_hindi.docx
कडी,lakad,n.,/lākad/,లాకడ్,लाकड,Banjara_hindi.docx
कंठ,kanda,n.,/kāndā/,కాందా,कान्दा,Banjara_hindi.docx
कंधा,kando,n.,/kāndō/,కాందో,कान्दो,Banjara_hindi.docx
कछोटी,kachoti,n.,/kacōṭi/,కచోటి,कचोटि,Banjara_hindi.docx
कतर,kater,v.,/kāṭēr/,కాటెర్,काटेर,Banjara_hindi.docx
कद्दू,tummdi,n.,/tummdi/,తుంమ్డి,तुम्म्दि,Banjara_hindi.docx
काँख,kanko,n.,/kāṅkō/,కాంకో,कान्को,Banjara_hindi.docx
काँच,arsi,n.,/ārsi/,ఆర్సి,आर्सि,Banjara_hindi.docx
कब,kanna,adv.,/kanna/,కన్న,कन्ना,Banjara_hindi.docx
काक,kakla,n.,/kākla/,కాక్ల,काक्ला,Banjara_hindi.docx
काका,kaka,n.,/kāka/,కాక,काका,Banjara_hindi.docx
कुँआ,kuyo / dhab,n.,/kūyō/ /ḍhāb/,కూయో / ఢాబ్,कूयो / ढाब,Banjara_hindi.docx
कम,dassek,adv.,/dassēk/,దస్సేక్,दस्सेक,Banjara_hindi.docx
कुंड,khad / banta,n.,/khāḍ/ /baṇṭa/,ఖాడ్ / బంట,खाड / बन्टा,Banjara_hindi.docx
काग,bhucno,n.,/bhūcnō/,భూచ్నొ,भूच्नो,Banjara_hindi.docx
कमजोर हो जा,vangaini / bana jorer,v.,/vaṅgaini/ /banā jōrēr/,వంగైని / బనా జోరేర్,वंगैनि / बना जोरेर,Banjara_hindi.docx
कुंदा,lakad,n.,/lākad/,లాకడ్,लाकड,Banjara_hindi.docx
काट,kater,v.,/kāṭēr/,కాటెర్,काटेर,Banjara_hindi.docx
कुंभ,matla,n.,/māṭlā/,మాట్లా,माट्ला,Banjara_hindi.docx
कमरा,kamara,n.,/kamarā/,కమరా,कमरा,Banjara_hindi.docx
काठ,kharpa,n.,/kharpa/,ఖర్పా,खर्पा,Banjara_hindi.docx
कमा,kama,v.,/kamā/,కమా,कमा,Banjara_hindi.docx
काम,kam,n.,/kām/,కామ్,काम,Banjara_hindi.docx
कुछ,dassek,adj.,/dassēk/,దస్సేక్,दस्सेक,Banjara_hindi.docx
कर,hat,n.,/hāt/,హాత్,हात,Banjara_hindi.docx
काया,jiva,n.,/jīvā/,జీవా,जीवा,Banjara_hindi.docx
कारखाना,karkhana,n.,/kārkhānā/,కార్ఖానా,कार्खाना,Banjara_hindi.docx
कर्ज,baki,n.,/bāki/,బాకి,बाकि,Banjara_hindi.docx
कुत्ता,kotra,n.,/kotrā/,కొత్రా,कोट्रा,Banjara_hindi.docx
कल (मशीन),misni,n.,/misni/,మిస్ని,मिस्नि,Banjara_hindi.docx
काला,kalo,adj.,/kāḷō/,కాళో,काळो,Banjara_hindi.docx
कुर्सी,kursi,n.,/kursi/,కుర్సి,कुर्सि,Banjara_hindi.docx
कुल (वंश),pada,n.,/pāḍā/,పాడా,पाडा,Banjara_hindi.docx
कल (बीता हुआ),kal,n.,/kāl/,కల్,काल,Banjara_hindi.docx
कल (आने वाला),savar,n.,/savar/,సవర్,सवर,Banjara_hindi.docx
कलम,ponti,n.,/poṇṭi/,పొంటి,पोन्टि,Banjara_hindi.docx
किनारा,konora,n.,/konorā/,కొనొరా,कोनोरा,Banjara_hindi.docx
कूट,kut,v.,/kūṭ/,కూట్,कूट,Banjara_hindi.docx
किन्तु,to,conj.,/to/,తొ,तो,Banjara_hindi.docx
कूडा,rasi,n.,/rāsi/,రాసి,रासि,Banjara_hindi.docx
कूद,kud,v.,/kūd/,కూద్,कूद,Banjara_hindi.docx
कवच,umparer,n.,/umparēr/,ఉంపరేర్,उम्परेर,Banjara_hindi.docx
किवाड,kavadi,n.,/kavāḍi/,కవాడి,कवाडि,Banjara_hindi.docx
कूप,dhab,n.,/ḍhāb/,ఢాబ్,ढाब,Banjara_hindi.docx
कूबड,kubo,n.,/kūbō/,కూబో,कूबो,Banjara_hindi.docx
की / के,or,prep.,/ōr/,ఓర్,ओर,Banjara_hindi.docx
कस,kas,v.,/kas/,కస్,कस,Banjara_hindi.docx
कीच,kinc,n.,/kīnc/,కీన్చ్,कीन्च,Banjara_hindi.docx
कीचड,kicaldo,n.,/kicaldō/,కిచల్దో,किचल्दो,Banjara_hindi.docx
कहाँ,kattam,adv.,/kattã/,కత్తఁ,कत्तं,Banjara_hindi.docx
केला,kela,n.,/kēḷā/,కేళా,केळा,Banjara_hindi.docx
कोना,konora,n.,/konorā/,కొనొరా,कोनोरा,Banjara_hindi.docx
क्रान्ति,kranti,n.,/krānti/,క్రాంతి,क्रान्ति,Banjara_hindi.docx
क्रीडा,ramti,n.,/ramti/,రమ్తి,रम्ति,Banjara_hindi.docx
कैंची,kotadni,n.,/kotaḍni/,కొతడ్ని,कोतड्नि,Banjara_hindi.docx
क्रोध,holi / ris,n.,/hōḷi/ /rīs/,హోళి / రీస్,होळि / रीस,Banjara_hindi.docx
कैफ,rimma,n.,/rimmā/,రిమ్మా,रिम्मा,Banjara_hindi.docx
कैसा,kunkan,pron.,/kuṅkan/,కుంకన్,कुंकन,Banjara_hindi.docx
कैसे,kum,adv.,/kū̃/,కూఁ,कूं,Banjara_hindi.docx
कोयल,koyal,n.,/kōyal/,కోయల్,कोयल,Banjara_hindi.docx
क्षण,ghadiya,n.,/ghaḍiyā/,ఘడియా,घडिया,Banjara_hindi.docx
को,vasu,prep.,/vāsu/,వాసు,वासु,Banjara_hindi.docx
कोशिश,koshish,n.,/kōśiś/,కోశిష్,कोशिश,Banjara_hindi.docx
क्षमा,maphikar,n.,/māphikar/,మాఫికర్,माफिकार,Banjara_hindi.docx
कोई,kuniti,pron.,/kuṇiti/,కుణితి,कुणिति,Banjara_hindi.docx
कोट,kot,n.,/kōṭ/,కోట్,कोट,Banjara_hindi.docx
कौवा,kakla,n.,/kākla/,కాక్ల,काक्ला,Banjara_hindi.docx
कोठरी,kamara,n.,/kamarā/,కమరా,कमरा,Banjara_hindi.docx
क्रम,pant / tarika,n.,/pānt/ /tarika/,పాంత్ / తరిక,पान्त / तरिका,Banjara_hindi.docx
क्षीर,dud,n.,/dūd/,దూద్,दूद,Banjara_hindi.docx
कोण,konora,n.,/konorā/,కొనొరా,कोनोरा,Banjara_hindi.docx
क्षरण,cuyo,n.,/cūyō/,చూయో,चूयो,Banjara_hindi.docx
खंदक,khandkam,n.,/khaṇḍkam/,ఖండ్కమ్,खन्डकम,Banjara_hindi.docx
खंभा,thamba,n.,/thambā/,థంబా,थम्बा,Banjara_hindi.docx
खजूर,khajjura,n.,/khajjurā/,ఖజ్జురా,खज्जुरा,Banjara_hindi.docx
खट्टा,khato,adj.,/khāṭō/,ఖాటో,खाटो,Banjara_hindi.docx
खतम कर,thamad,v.,/thamāḍ/,థమాద్,थमाद,Banjara_hindi.docx
खतरा,khatra / apti,n.,/khatrā/ /āpti/,ఖత్రా / ఆప్తి,खत्रा / आप्ति,Banjara_hindi.docx
खतरनाक,khatra,adj.,/khatrā/,ఖత్రా,खत्रा,Banjara_hindi.docx
खाई,khobo,n.,/khōbō/,ఖోబో,खोबो,Banjara_hindi.docx
खाज,khaj,n.,/khāj/,ఖాజ్,खाज,Banjara_hindi.docx
खाता,khata / lekko,n.,/khātā/ /lekkō/,ఖాతా / లెక్కొ,खाता / लेक्को,Banjara_hindi.docx
खाद,dava,n.,/davā/,దవా,दवा,Banjara_hindi.docx
खाना,khoraki / khayer,n.,/khorāki/ /khāyēr/,ఖొరాకి / ఖాయేర్,खोरकि / खायेर,Banjara_hindi.docx
खाल,khaldi / khaldo,n.,/khaldi/ /khaldō/,ఖల్ది / ఖల్దో,खल्दि / खल्दो,Banjara_hindi.docx
खींच,khinch,v.,/khīñc/,ఖించ్,खिंच,Banjara_hindi.docx
खुजली,khaj,n.,/khāj/,ఖాజ్,खाज,Banjara_hindi.docx
खुटक,kochar,v.,/kōcar/,కొచర్,कोचर,Banjara_hindi.docx
खुल,khvallam,v.,/khvallam/,ఖ్వల్లమ్,ख्वल्लम,Banjara_hindi.docx
खुल्लमखुल्ला,khullankhulla,adv.,/khullaṅkhullā/,ఖుల్లంఖుల్ల,खुल्लंखुल्ला,Banjara_hindi.docx
खुश्क,suko,adj.,/sūkō/,సూకో,सूको,Banjara_hindi.docx
खून,loyi,n.,/lōyi/,లోయి,लोयि,Banjara_hindi.docx
खेत,jammi / kyara / khet,n.,/jammi/ /kyārā/ /khēt/,జమ్మి / క్యారా / ఖేత్,जम्मि / क्यारा / खेत,Banjara_hindi.docx
खेल,ramti,n.,/ramti/,రమ్తి,रम्ति,Banjara_hindi.docx
खोज,khoj / dhund,n.,/khōj/ /dhūṇḍ/,ఖోజ్ / ధుండ్,खोज / धुन्ड,Banjara_hindi.docx
खोद,khod,v.,/khōd/,ఖోద్,खोद,Banjara_hindi.docx
ख्वाब,sapano,n.,/sapanō/,సపనో,सपनो,Banjara_hindi.docx
गमन,jayero / chal,n.,/jāyērō/ /cāl/,జాయేరో / చల్,जायेरो / चल,Banjara_hindi.docx
गरीबी,garib,n.,/garīb/,గరీబ్,गरीब,Banjara_hindi.docx
गंध,vams / sung,n.,/vāṃs/ /sūṅg/,వాంస్ / సుంగ్,वांस / सूंग,Banjara_hindi.docx
गरज,garajro,n.,/garajrō/,గరజ్రో,गरज्रो,Banjara_hindi.docx
गर्भ,pet,n.,/pēṭ/,పేట్,पेट,Banjara_hindi.docx
गणन,lekko,n.,/lekkō/,లెక్కో,लेक्को,Banjara_hindi.docx
गधा,gaddi,n.,/gaddi/,గద్ది,गद्दि,Banjara_hindi.docx
गरदन,gardan / kanda,n.,/gardan/ /kandā/,గర్దన్ / కంద,गर्दन / कन्दा,Banjara_hindi.docx
गर्मी,tato,n.,/tātō/,తాతో,तातो,Banjara_hindi.docx
गर्व,garab,n.,/garab/,గరబ్,गरब,Banjara_hindi.docx
गल,galgo,v.,/galgō/,గల్గో,गल्गो,Banjara_hindi.docx
गलती,galat / balla,n.,/galat/ /ballā/,గలత్ / బల్లా,गलत / बल्ला,Banjara_hindi.docx
गला,sando / kanda,n.,/sāndō/ /kandā/,సందో / కంద,सान्दो / कन्दा,Banjara_hindi.docx
गीत,gid,n.,/gīd/,గిద్,गीद,Banjara_hindi.docx
गवाह,gavayi,n.,/gavāyi/,గవాయి,गवायि,Banjara_hindi.docx
गैर,dusro,adj.,/dusrō/,దుస్రో,दुस्रो,Banjara_hindi.docx
गाँठ,gant,n.,/gāṇṭ/,గంట్,गन्ट,Banjara_hindi.docx
गुड,gol,n.,/gōl/,గోల్,गोल,Banjara_hindi.docx
गोंद,gund / chiktlo,n.,/gūnd/ /cikṭlō/,గూండ్ / చిక్ట్లో,गून्ड / चिक्ट्लो,Banjara_hindi.docx
गाँव,gam,n.,/gām/,గామ్,गाम,Banjara_hindi.docx
गुण,gon / dhang / prakrti,n.,/gōṇ/ /ḍhaṅg/ /prakṛti/,గోన్ / ఢంగ్ / ప్రకృతి,गोन / ढंग / प्रकृति,Banjara_hindi.docx
गागर,matla,n.,/matlā/,మత్లా,मत्ला,Banjara_hindi.docx
गाड,gad,v.,/gāḍ/,గాద్,गाद,Banjara_hindi.docx
गोता लगा,dabol,v.,/dabōl/,దబోల్,दबोल,Banjara_hindi.docx
गोत्र,pada,n.,/pādā/,పాదా,पादा,Banjara_hindi.docx
गोद,godema,n.,/gōdemā/,గోదేమ,गोदेमा,Banjara_hindi.docx
गाना,bol / gid,n.,/bōl/ /gīd/,బోల్ / గిద్,बोल / गीद,Banjara_hindi.docx
गाय,gavdi,n.,/gāvdi/,గావ్ది,गाव्दि,Banjara_hindi.docx
गुरू,garu / pujari,n.,/garu/ /pūjāri/,గరు / పూజారి,गरु / पूजारि,Banjara_hindi.docx
गोदाम,godam,n.,/gōdām/,గోదామ్,गोदाम,Banjara_hindi.docx
गिद्ध,sakra / sameli,n.,/sakra/ /samēli/,సక్ర / సమేలి,सक्र / समेलि,Banjara_hindi.docx
गुस्ल,hangoli,n.,/haṅgōli/,హంగోలి,हंगोलि,Banjara_hindi.docx
गौ,gavdi,n.,/gāvdi/,గావ్ది,गाव्दि,Banjara_hindi.docx
गुफ़ा,khobo,n.,/khōbō/,ఖోబో,खोबो,Banjara_hindi.docx
गिरा,phank dam,v.,/phāṅk dam/,ఫాంక్ దమ్,फांक दम,Banjara_hindi.docx
गूँगा,gungo,adj.,/gūṅgō/,గుంగో,गुंगो,Banjara_hindi.docx
ग्राम,gam,n.,/gām/,గామ్,गाम,Banjara_hindi.docx
गूदा,nara,n.,/nara/,నర,नर,Banjara_hindi.docx
गिन,lekkokar,v.,/lekkōkar/,లెక్కోకర్,लेक्कोकर,Banjara_hindi.docx
घट,ver / hutar,v.,/vēr/ /hutār/,వేర్ / హుతార్,वेर / हुतार,Banjara_hindi.docx
घुस,jo / kaler,v.,/jō/ /kaḷēr/,జో / కళేర్,जो / कळेर,Banjara_hindi.docx
घाव,ghav / chot / gumdi,n.,/ghāv/ /cōṭ/ /gumḍi/,ఘావ్ / చోట్ / గుమ్డి,घाव / चोट / गुम्डि,Banjara_hindi.docx
घटना,sanghatan,n.,/saṅghaṭan/,సంఘటన్,संघटन,Banjara_hindi.docx
घास,khad,n.,/khād/,ఖాద్,खाद,Banjara_hindi.docx
घटा,vajal,n.,/vājal/,వాజల్,वाजल,Banjara_hindi.docx
घूंसा,laga,n.,/lagā/,లగ,लगा,Banjara_hindi.docx
घूम,phar,v.,/phar/,ఫర్,फर,Banjara_hindi.docx
घडा,tokano,n.,/tōkanō/,తోకనో,तोकनो,Banjara_hindi.docx
घूस,lanc,n.,/lāñc/,లాంచ్,लान्च,Banjara_hindi.docx
घडी,ghadi,n.,/ghaḍi/,ఘది,घदि,Banjara_hindi.docx
घुटना,godo,n.,/gōḍō/,గోదో,गोदो,Banjara_hindi.docx
घेर,gherlo,v.,/ghērlō/,ఘేర్లో,घेर्लो,Banjara_hindi.docx
घमंड,garab,n.,/garab/,గరబ్,गरब,Banjara_hindi.docx
घेरा,vad / girra,n.,/vāḍ/ /girra/,వాద్ / గిర్ర,वाद / गिर्र,Banjara_hindi.docx
घर,ghar,n.,/ghar/,ఘర్,घर,Banjara_hindi.docx
घरवाली,gharvali / gvanni,n.,/gharvāli/ /gvānni/,ఘర్వాలి / గ్వాన్ని,घर्वालि / ग्वान्नि,Banjara_hindi.docx
चट्टान,bhata,n.,/bhāṭa/,భాట,भाटा,Banjara_hindi.docx
चढ,cand,v.,/caṇḍ/,చండ్,चण्ड,Banjara_hindi.docx
चरागाह,meta,n.,/mēṭa/,మేట,मेटा,Banjara_hindi.docx
चंद्र,cand,n.,/cānd/,చాంద్,चान्द,Banjara_hindi.docx
चना,cengya,n.,/ceṅgya/,చెంగ్య,चेंग्या,Banjara_hindi.docx
चरी,meta,n.,/mēṭa/,మేట,मेटा,Banjara_hindi.docx
चक्कर,dhang,n.,/ḍhaṅg/,ఢంగ్,ढंग,Banjara_hindi.docx
चमक,jhanker,n.,/jhāṅkēr/,ఝాంకేర్,झांकेर,Banjara_hindi.docx
चर्म,khaldi / khaldo,n.,/khālḍi/ /khāldō/,ఖాల్డి / ఖాల్దో,खाल्डि / खाल्दो,Banjara_hindi.docx
चख,cakan dek,v.,/cākan dēk/,చాకన్ దేక్,चाकन देक,Banjara_hindi.docx
चल,cal,v.,/cāl/,చాల్,चाल,Banjara_hindi.docx
चरण,tang / dhap,n.,/ṭāṅg/ /dhap/,టాంగ్ / ధప్,टांग / धप,Banjara_hindi.docx
चाँटा,galepar laga,n.,/gālēpar lagā/,గాలేపర్ లగా,गालेपर लगा,Banjara_hindi.docx
चाँद,cand,n.,/cānd/,చాంద్,चान्द,Banjara_hindi.docx
चाकू,chamri,n.,/chãri/,ఛఁరి,छँरि,Banjara_hindi.docx
चाचा,kaka,n.,/kāka/,కాక,काका,Banjara_hindi.docx
चादर,jankhana,n.,/jaṃkhāna/,జంఖాన,जंखान,Banjara_hindi.docx
चारा,chara / meta,n.,/carā/ /mēṭa/,చరా / మేట,चरा / मेटा,Banjara_hindi.docx
चाल,jayero / cal,n.,/jāyērō/ /cāl/,జాయేరొ / చాల్,जायेरो / चाल,Banjara_hindi.docx
चावल,chaval,n.,/cāvaḷ/,చావళ్,चावळ,Banjara_hindi.docx
चाह,khatar,n.,/khātar/,ఖాతర్,खातर,Banjara_hindi.docx
चिट्ठी,karat,n.,/kāraṭ/,కారట్,कारट,Banjara_hindi.docx
चिडिया,pitta,n.,/piṭṭa/,పిట్ట,पिट्टा,Banjara_hindi.docx
चित्र,bomma,n.,/bomma/,బొమ్మ,बोम्मा,Banjara_hindi.docx
चित्रकार,chitrakar,n.,/citrakār/,చిత్రకార్,चित्रकार,Banjara_hindi.docx
चिपक,chuntad,v.,/cuṇṭāḍ/,చుంటాడ్,चुन्टाड,Banjara_hindi.docx
चिर,phatero / chirra,v.,/fāṭerō/ /cirrā/,ఫాటెరొ / చిర్రా,फाटेरो / चिर्रा,Banjara_hindi.docx
चिल्ला,bol,v.,/bōl/,బోల్,बोल,Banjara_hindi.docx
चीर,chir / phad,v.,/cīr/ /fāḍ/,చీర్ / ఫాడ్,चीर / फाड,Banjara_hindi.docx
चुका,denak / der / phed,v.,/dēnāk/ /dēr/ /fēḍ/,దేనాక్ / దేర్ / ఫేడ్,देनाक / देर / फेड,Banjara_hindi.docx
चुप्पी,gachchap,n.,/gaccap/,గచ్చప్,गच्चप,Banjara_hindi.docx
चुभ,posad,v.,/posaḍ/,పొసడ్,पोसड,Banjara_hindi.docx
चुभो,posad,v.,/posaḍ/,పొసడ్,पोसड,Banjara_hindi.docx
चू,churo / chuyo,v.,/cūrō/ /cūyō/,చూరొ / చూయో,चूरो / चूयो,Banjara_hindi.docx
चूक,galat,n.,/galat/,గలత్,गलत,Banjara_hindi.docx
चूर्ण,churo,n.,/cūrō/,చూరొ,चूरो,Banjara_hindi.docx
चूहा,undar,n.,/undar/,ఉందర్,उन्दर,Banjara_hindi.docx
चेप,lagad,v.,/lagāḍ/,లగాడ్,लगाड,Banjara_hindi.docx
चेला,chela,n.,/cēlā/,చేలా,चेला,Banjara_hindi.docx
चोकर,pottu / churo,n.,/poṭṭu/ /cūrō/,పొట్టు / చూరొ,पोट्टु / चूरो,Banjara_hindi.docx
चोट,gumi / marer / chot,n.,/gumi/ /mārēr/ /cōṭ/,గుమి / మారేర్ / చోట్,गुमि / मारेर / चोट,Banjara_hindi.docx
चोर,chor,n.,/cōr/,చోర్,चोर,Banjara_hindi.docx
चौडा,sapkar / sabet,adj.,/sāpkar/ /sabēt/,సాప్కర్ / సబేత్,साप्कर / सबेत,Banjara_hindi.docx
छतरी,chatri,n.,/chatri/,ఛత్రి,छत्रि,Banjara_hindi.docx
छिप,ghun / jatan,v.,/ghūn/ /jatan/,ఘూన్ / జతన్,घून / जतन,Banjara_hindi.docx
छलांग मार,kud,v.,/kūd/,కూద్,कूद,Banjara_hindi.docx
छाता,chatri,n.,/chatri/,ఛత్రి,छत्रि,Banjara_hindi.docx
छाती,chamtti / gid,n.,/chāṃtti/ /gīd/,ఛాఁత్తి / గీద్,छाँत्ति / गीद,Banjara_hindi.docx
छाप,mor,n.,/mōr/,మోర్,मोर,Banjara_hindi.docx
छाल,khasho / khaldi,n.,/khāśō/ /khālḍi/,ఖాశో / ఖాల్డి,खाशो / खाल्डि,Banjara_hindi.docx
छाला,phulo,n.,/fūlō/,ఫూలో,फूलो,Banjara_hindi.docx
छोटी,pilla,adj.,/pilla/,పిల్ల,पिल्ला,Banjara_hindi.docx
छुडा,tapa,v.,/tapā/,తపా,तपा,Banjara_hindi.docx
छोड,chod,v.,/chōḍ/,ఛోడ్,छोड,Banjara_hindi.docx
छेद,vej,n.,/vēj/,వేజ్,वेज,Banjara_hindi.docx
छोर,konora / kosa,n.,/konorā/ /kōsa/,కొనొరా / కోస,कोनोरा / कोसा,Banjara_hindi.docx
जंग,cilam,n.,/cilam/,చిలమ్,चिलम,Banjara_hindi.docx
जंगल,jangal,n.,/jaṅgal/,జంగల్,जंगल,Banjara_hindi.docx
जँघा,jangla,n.,/jāṅgla/,జాంగ్ల,जांग्ला,Banjara_hindi.docx
जगह,jag / jammi,n.,/jāg/ /jammi/,జాగ్ / జమ్మి,जाग / जम्मि,Banjara_hindi.docx
जड,jad / bunadi,n.,/jaḍ/ /bunādi/,జడ్ / బునాది,जड / बुनादि,Banjara_hindi.docx
जबडा,jabdo,n.,/jābdō/,జాబ్డో,जाब्डो,Banjara_hindi.docx
जख्म,ghav / gumdi / chot,n.,/ghāv/ /gumḍi/ /cōṭ/,ఘావ్ / గుమ్డి / చోట్,घाव / गुम्डि / चोट,Banjara_hindi.docx
जगत,jagat,n.,/jagat/,జగత్,जगत,Banjara_hindi.docx
जमा,sari / se,n.,/sāri/ /sē/,సారి / సే,सारि / से,Banjara_hindi.docx
जमीन,jammi / jag / dharti,n.,/jammi/ /jāg/ /dharti/,జమ్మి / జాగ్ / ధర్తి,जम्मि / जाग / धर्ति,Banjara_hindi.docx
जय,veralu,n.,/vērāḷu/,వేరాలు,वेराळु,Banjara_hindi.docx
जरा,dassek,adv.,/dassēk/,దస్సేక్,दस्सेक,Banjara_hindi.docx
जरूर,jarur,adv.,/jarur/,జరూర్,जरुर,Banjara_hindi.docx
जल,pani,n.,/pāṇi/,పాణి,पाणि,Banjara_hindi.docx
जला,balenam / bhunj,v.,/bāḷēnaṃ/ /bhūñj/,బాళేనఁ / భూంజ్,बाळेनं / भून्ज,Banjara_hindi.docx
जवान,navejavan,n.,/navējavan/,నవేజవాన్,नवेजवान,Banjara_hindi.docx
जा,jo,v.,/jō/,జో,जो,Banjara_hindi.docx
जादू,garadi,n.,/gāraḍi/,గారడి,गारडि,Banjara_hindi.docx
जान,dam / jivda,n.,/dam/ /jīvdā/,దం / జివ్దా,दम / जिव्दा,Banjara_hindi.docx
जाल,jhal,n.,/jhāl/,ఝాల్,झाल,Banjara_hindi.docx
जी,banch,v.,/bañc/,బంచ్,बन्च,Banjara_hindi.docx
जीभ,jib,n.,/jīb/,జీబ్,जीब,Banjara_hindi.docx
जीरा,jiro,n.,/jīrō/,జీరో,जीरो,Banjara_hindi.docx
जीर्ण,juno,adj.,/jūnō/,జూనో,जूनो,Banjara_hindi.docx
जुड,lagjo / bhele,v.,/lāgjō/ /bhēḷē/,లాగ్జో / భేళే,लाग्जो / भेळे,Banjara_hindi.docx
जुरमाना,jurmana / dand,n.,/jurmānā/ /ḍāṇḍ/,జురామాన / డాండ్,जुरामाना / डाण्ड,Banjara_hindi.docx
जूँ,jum,n.,/jūṃ/,జూఁ,जूं,Banjara_hindi.docx
जूता,jute / jodi,n.,/jūtē/ /jōḍi/,జూతే / జోడి,जूते / जोडि,Banjara_hindi.docx
जेठ,bhanoyi,n.,/bhanōyi/,భనోయి,भनोयि,Banjara_hindi.docx
जैसा,ornayi,adj.,/ōrnayi/,ఓర్నయి,ओर्नयि,Banjara_hindi.docx
जोंक,jog,n.,/jōg/,జోగ్,जोग,Banjara_hindi.docx
जोड,jod / bhalge / kalap,n.,/jōḍ/ /bhalge/ /kalap/,జోడ్ / భల్గె / కలప్,जोड / भल्गे / कलप,Banjara_hindi.docx
जोत,dun / nagar,v.,/dūn/ /nāgar/,దూన్ / నాగర్,दून / नागर,Banjara_hindi.docx
जोश,jor,n.,/jōr/,జోర్,जोर,Banjara_hindi.docx
ज्ञान,akal / kanni / malam,n.,/akal/ /kaṇṇi/ /mālaṃ/,అకల్ / కణ్ణి / మాలం,अकल / कण्णि / मालम,Banjara_hindi.docx
ज्वर,tav,n.,/tāv/,తావ్,ताव,Banjara_hindi.docx
ज्वार,jyar,n.,/jyār/,జ్యార్,ज्यार,Banjara_hindi.docx
झंडा,jhanda,n.,/jhaṇḍā/,ఝండా,झन्डा,Banjara_hindi.docx
झगड,lad,v.,/laḍ/,లడ్,लड,Banjara_hindi.docx
झटक,jhad kar,v.,/jhaḍ kār/,ఝడ్ కార్,झड कार,Banjara_hindi.docx
झांक,navan dek,v.,/navan dēk/,నవన్ దేక్,नवन देक,Banjara_hindi.docx
झाड,jhad,n.,/jhāḍ/,ఝాడ్,झाड,Banjara_hindi.docx
झुक,nav,v.,/nav/,నవ్,नव,Banjara_hindi.docx
झुका,navadam,v.,/navādaṃ/,నవాదఁ,नवादं,Banjara_hindi.docx
झूला,hindodo / hinjola,n.,/hindōdō/ /hinjōḷa/,హిన్దోదో / హింజోళ,हिन्दोदो / हिन्जोळा,Banjara_hindi.docx
टपक,chuyo / churo,v.,/cūyō/ /cūrō/,చూరొ / చూయో,चूरो / चूयो,Banjara_hindi.docx
टहनी,dvali,n.,/dvāli/,ద్వాలి,द्वालि,Banjara_hindi.docx
टाँकी,ped / tunka,n.,/pēḍ/ /tunka/,పేడ్ / తున్క,पेड / तुन्का,Banjara_hindi.docx
टाँग,tang,n.,/ṭāṅg/,టాంగ్,टांग,Banjara_hindi.docx
टाँड,atku,n.,/aṭku/,అట్కు,अट्कु,Banjara_hindi.docx
टाका,jod,n.,/jōḍ/,జోడ్,जोड,Banjara_hindi.docx
टूट,tod / phut go / phatero / chirra,v.,/tōḍ/ /fūṭ gō/ /fāṭerō/ /cirrā/,తోడ్ / ఫూట్ గో / ఫాటేరొ / చిర్రా,तोड / फूट गो / फाटेरो / चिर्रा,Banjara_hindi.docx
टुकडे कर,churokar,v.,/cūrōkar/,చురోకర్,चुरोकर,Banjara_hindi.docx
टुकडे टुकडे हो जा,churo churo,v.,/cūrō cūrō/,చురో చురో,चुरो चुरो,Banjara_hindi.docx
टोकरा,olda / volda,n.,/ōldā/ /vōldā/,ఓల్దా / వోల్దా,ओल्दा / वोल्दा,Banjara_hindi.docx
टोपी,topi,n.,/ṭōpi/,టోపి,टोपि,Banjara_hindi.docx
ठंड,si / silo,n.,/si/ /silō/,సి / సిలో,सि / सिलो,Banjara_hindi.docx
ठंडा कर,ola,v.,/ōlā/,ఓల,ओला,Banjara_hindi.docx
ठीक,kub ac / ac / havam,adj.,/kūb āc/ /āc/ /hāvã/,కూబ్ ఆచ్ / ఆచ్ / హావఁ,कूब आच / आच / हावं,Banjara_hindi.docx
ठुकराना,mat / nikalder,v.,/mat/ /nikāldēr/,మత్ / నికాల్దేర్,मत / निकालदेर,Banjara_hindi.docx
ठूंस,dharas,v.,/dharas/,ధరస్,धरस,Banjara_hindi.docx
ठेका,gutta,n.,/gutta/,గుత్త,गुत्त,Banjara_hindi.docx
ठुड्डी,dvadi,n.,/dvāḍi/,డ్వాడి,द्वाडि,Banjara_hindi.docx
ठोढी,dvadi,n.,/dvāḍi/,డ్వాడి,द्वाडि,Banjara_hindi.docx
ठूंठ,lakad,n.,/lākaḍ/,లాకడ్,लाकड,Banjara_hindi.docx
डर,chamak,n.,/camak/,చమక్,चमक,Banjara_hindi.docx
डरा,chamkan,v.,/camkān/,చమ్కాన్,चम्कान,Banjara_hindi.docx
डाट,bhuchno,n.,/bhūcnō/,భూచ్నొ,भूच्नो,Banjara_hindi.docx
डाल,bharo,n.,/bhārō/,భారో,भारो,Banjara_hindi.docx
डिब्बा,dabbo / buddi,n.,/dabbō/ /buddi/,దబ్బో / బుద్ది,दब्बो / बुद्दि,Banjara_hindi.docx
डुबो,dubad / dobal,v.,/ḍubāḍ/ /ḍobaḷ/,డుబాడ్ / డొబళ్,डुबाड / डोबळ,Banjara_hindi.docx
डूब,sanj padagi / dublo / dubo,v.,/sāñj paḍagi/ /ḍūblō/ /ḍūbō/,సాంజ్ పడగి / డూబ్లో / డూబో,सांज पडगि / डूबलो / डूबो,Banjara_hindi.docx
डाकू,chor,n.,/cōr/,చోర్,चोर,Banjara_hindi.docx
डोरा,dora,n.,/dōra/,దోర,दोरा,Banjara_hindi.docx
ढंग,kanni / gon / tarika / dhang,n.,/kaṇṇi/ /gōṇ/ /tarika/ /ḍhaṅg/,కణ్ణి / గొణ్ / తరిక / ఢంగ్,कण्णि / गोण / तरिका / ढंग,Banjara_hindi.docx
ढकना,bhuchno / bhujno,n.,/bhūcnō/ /bhūjnō/,భూచ్నొ / భూజ్నో,भूच्नो / भूज्नो,Banjara_hindi.docx
ढिंढोरा पिटवा,dapada,v.,/dapadā/,దపదా,दपदा,Banjara_hindi.docx
ढीला कर,khulanak,v.,/khulānāk/,ఖులానాక్,खुलानाक,Banjara_hindi.docx
ढूँढ,dhund,v.,/dhūṇḍ/ /ḍhūṇḍ/,ధూండ్ / ఢూండ్,धूण्ड / ढूण्ड,Banjara_hindi.docx
ढीला पड,polo vegojako,v.,/pōlō vēgōjakō/,పోలో వేగోజకో,पोलो वेगोजको,Banjara_hindi.docx
ढेला,bhata,n.,/bhāṭa/,భాట,भाटा,Banjara_hindi.docx
ढोल,gadda / nangara,n.,/gaḍḍa/ /naṅgārā/,గడ్డ / నంగారా,गड्डा / नंगारा,Banjara_hindi.docx
तंग कर,hadkar / chidrakarer,v.,/hadkar/ /cidrakarēr/,హద్కర్ / చిద్రకరేర్,हदकर / छिद्रकरेर,Banjara_hindi.docx
तकरीर,bhasano / pachar,n.,/bhāsanō/ /pacar/,భాసనో / పచర్,भासनो / पचर,Banjara_hindi.docx
तकिया,sarano,n.,/sarānō/,సరానో,सरानो,Banjara_hindi.docx
तट,konora,n.,/konorā/,కోనోరా,कोनोरा,Banjara_hindi.docx
तडाग,talav,n.,/taḷāv/,తళావ్,तळाव,Banjara_hindi.docx
तत्क्षण,jannaj,adv.,/jannāj/,జన్నాజ్,जन्नाज,Banjara_hindi.docx
तन्हाई,chiyant,n.,/chiyānt/,ఛియాంట్,छियान्ट,Banjara_hindi.docx
तप,tapas,n.,/tapas/,తపస్,तपस,Banjara_hindi.docx
तपस्या,tapas,n.,/tapas/,తపస్,तपस,Banjara_hindi.docx
तफसील के साथ,kalan,adv.,/kaḷān/,కళాన్,कळान,Banjara_hindi.docx
तब,janna,adv.,/janna/,జన్న,जन्ना,Banjara_hindi.docx
तब तक ही,ottetanu,adv.,/ottetāṇu/,ఒత్తెతాణు,ओत्तेताणु,Banjara_hindi.docx
तबदील कर,tavadal / pher,v.,/tavādal/ /pher/,తవాదల్ / ఫేర్,तवादल / फेर,Banjara_hindi.docx
तरंग,halolo,n.,/halōlō/,హళోలో,हळोलो,Banjara_hindi.docx
तरल पदार्थ,pani,n.,/pāṇī/,పాణీ,पाणी,Banjara_hindi.docx
तराजू,takdi,n.,/takḍi/,తక్డి,तक्डि,Banjara_hindi.docx
तरी,nongvan / tarkari,n.,/noṅgvāṇ/ /tarkāri/,నొంగ్వాణ్ / తర్కారి,नोङ्ग्वाण / तरकारि,Banjara_hindi.docx
तरफ,sam / ti,n.,/sām/ /tī/,సామ్ / తీ,साम / ती,Banjara_hindi.docx
तल,tal,n.,/taḷ/,తళ్,तळ,Banjara_hindi.docx
तवा,tavva,n.,/tavvā/,తవ్వా,तव्वा,Banjara_hindi.docx
ताजा,tadter,adj.,/taḍtēr/,తడ్తేర్,तडतेर,Banjara_hindi.docx
तात,bap,n.,/bāp/,బాప్,बाप,Banjara_hindi.docx
तान,katto kar,v.,/kāṭṭō kar/,కాట్టో కర్,काट्टो कर,Banjara_hindi.docx
ताप,tato,n.,/tātō/,తాతొ,तातो,Banjara_hindi.docx
तार,tant,n.,/tānt/,తాంత్,तान्त,Banjara_hindi.docx
तारीख,tarik,n.,/tārik/,తారిక్,तारिक,Banjara_hindi.docx
तारीफ कर,tariph,v.,/tāriph/,తారిఫ్,तारिफ,Banjara_hindi.docx
तालाब,mototalavo / banta / kund / khad,n.,/mōṭotaḷāvō/ /baṇṭa/ /kūṇḍ/ /khāḍ/,మోటొతళావొ / బంట / కూండ్ / ఖాడ్,मोटोतळावो / बन्टा / कून्ड / खाड,Banjara_hindi.docx
तालीम,chape sikayar,n.,/chapē sikāyar/,ఛపె సికాయర్,छपे सिकायर,Banjara_hindi.docx
तिल,tum / talli,n.,/tūṃ/ /talli/,తూఁ / తల్లి,तूं / तल्लि,Banjara_hindi.docx
तिलक,tikko,n.,/tikkō/,తిక్కో,तिक्को,Banjara_hindi.docx
तीर,tir,n.,/tīr/,తీర్,तीर,Banjara_hindi.docx
तुंदी,sunti,n.,/suṇṭi/,సుంటి,सुन्टि,Banjara_hindi.docx
तुच्छ,chirla,adj.,/chirlā/,ఛిర్లా,छिर्ला,Banjara_hindi.docx
तूफान,jhadi / andi angolo,n.,/jhaḍi/ /āndi aṅgōlō/,ఝడి / ఆంది అంగోళో,झडि / आन्दि अंगोळो,Banjara_hindi.docx
तोड,phod / chir / phonak / tonak / phad / tod,v.,/fōḍ/ /cīr/ /fōṇāk/ /tōṇāk/ /fāḍ/ /tōḍ/,ఫోడ్ / చీర్ / ఫోణాక్ / తోణాక్ / ఫాడ్ / తోడ్,फोड / चीर / फोणाक / तोणाक / फाड / तोड,Banjara_hindi.docx
तुम (आप),tum,pron.,/tum/,తూమ్,तूम,Banjara_hindi.docx
तेलुगु,telugu,n. prop.,/telugu/,తెలుగు,तेलुगु,Banjara_hindi.docx
तेजी,jaldi / jannaj / jorti / dhar,n.,/jaldi/ /jannāj/ /jōrti/ /dhār/,జల్ది / జన్నాజ్ / జోర్తి / ధార్,जल्दि / जन्नाज / जोर्ति / धार,Banjara_hindi.docx
तोता,chilka / ram chilaka,n.,/cilka/ /rām cilaka/,చిల్క / రామ్ చిలక,चिलका / राम चिलका,Banjara_hindi.docx
तेल,tel,n.,/tēl/,తేల్,तेल,Banjara_hindi.docx
त्याग दे,chod,v.,/chōḍ/,ఛోడ్,छोड,Banjara_hindi.docx
त्यागपत्र,chod,n.,/chōḍ/,ఛోడ్,छोड,Banjara_hindi.docx
तैयार कर,bana / sodar,v.,/banā/ /sōdār/,బనా / సోదార్,बना / सोदार,Banjara_hindi.docx
तुलना कर,pharak,v.,/farak/,ఫరక్,फरक,Banjara_hindi.docx
थाती,pisa,n.,/pisa/,పిస,पिस,Banjara_hindi.docx
थैली,chanchi,n.,/cañci/,చంచి,चन्चि,Banjara_hindi.docx
थैला,chanchi,n.,/cañci/,చంచి,चन्चि,Banjara_hindi.docx
थोडा,dassek,adj.,/dassēk/,దస్సేక్,दस्सेक,Banjara_hindi.docx
थोडा बहुत,dassek,adj.,/dassēk/,దస్సేక్,दस्सेक,Banjara_hindi.docx
दण्ड,shiksha,n.,/śikṣa/,శిక్ష,शिक्षा,Banjara_hindi.docx
दायाँ,jamano,adj.,/jamaṇō/,జమణో,जमणो,Banjara_hindi.docx
दूध,dud,n.,/dūd/,దూద్,दूद,Banjara_hindi.docx
दाल,dal,n.,/dāḷ/,దాళ్,दाळ,Banjara_hindi.docx
दावत,khoraki,n.,/khorāki/,ఖొరాకి,खोरकि,Banjara_hindi.docx
दासी,dasi,n.,/dāsi/,దాసి,दासि,Banjara_hindi.docx
दमा,mosa,n.,/mōsa/,మోస,मोस,Banjara_hindi.docx
दास्य,gulam,n.,/gulām/,గులామ్,गुलाम,Banjara_hindi.docx
दृश्य,bomma / nanjar,n.,/bomma/ /nañjar/,బొమ్మ / నంజర్,बोम्मा / नन्जर,Banjara_hindi.docx
दृष्टि,anki / nanjar,n.,/āṅki/ /nañjar/,ఆంకి / నంజర్,आंकि / नन्जर,Banjara_hindi.docx
दरिद्र,garib,adj.,/garīb/,గరీబ్,गरीब,Banjara_hindi.docx
दरिद्रता,garib,n.,/garīb/,గరీబ్,गरीब,Banjara_hindi.docx
दिन,dadi / dado,n.,/daḍi/ /dāḍō/,దడి / దాడొ,दडि / दाडो,Banjara_hindi.docx
दे,denak,v.,/dēnāk/,దేనాక్,देनाक,Banjara_hindi.docx
दिल,dil / chamtti,n.,/dil/ /chāṃtti/,దిల్ / ఛాఁత్తి,दिल / छाँत्ति,Banjara_hindi.docx
देख,dek,v.,/dēk/,దేక్,देक,Banjara_hindi.docx
दर्द,dok,n.,/dōk/,దోక్,दोक,Banjara_hindi.docx
दर्शन,darshan,n.,/darśan/,దర్శన్,दर्शन,Banjara_hindi.docx
देर,dhilo,n.,/ḍhīlō/,ఢీలొ,ढीलो,Banjara_hindi.docx
दल,patalam / malav / jatti,n.,/paṭāḷaṃ/ /maḷāv/ /jaṭṭi/,పటాళం / మళావ్ / జట్టి,पटाळं / मळाव / जट्टि,Banjara_hindi.docx
दीन,garib,adj.,/garīb/,గరీబ్,गरीब,Banjara_hindi.docx
देरी,dhilo,n.,/ḍhīlō/,ఢీలొ,ढीलो,Banjara_hindi.docx
दीप,diyo,n.,/dīyō/,దీయో,दीयो,Banjara_hindi.docx
देवालय,deval,n.,/dēvaḷ/,దేవళ్,देवळ,Banjara_hindi.docx
दवा,dava,n.,/davā/,దవా,दवा,Banjara_hindi.docx
देश,desh,n.,/dēś/,దేశ్,देश,Banjara_hindi.docx
दीवार,divar,n.,/divār/,దివార్,दिवार,Banjara_hindi.docx
दुख,bhaveti / vichar,n.,/bhāvēṭi/ /vicār/,భావేటి / విచార్,भावेटि / विचार,Banjara_hindi.docx
दस,das,num.,/das/,దస్,दस,Banjara_hindi.docx
देह,jiva,n.,/jīvā/,జీవా,जीवा,Banjara_hindi.docx
दोपहर,dopper,n.,/doppēr/,దొప్పేర్,दोप्पेर,Banjara_hindi.docx
दुबला हो,navgo,v.,/navgō/,నవ్గో,नवगो,Banjara_hindi.docx
दोष,khod / khot / jurmana,n.,/khōḍ/ /khōṭ/ /jurmāna/,ఖోడ్ / ఖోట్ / జుర్మాన,खोड / खोट / जुर्मान,Banjara_hindi.docx
दुम,punchi,n.,/puñci/,పుంచి,पुन्चि,Banjara_hindi.docx
दाढी,dvadi,n.,/dvāḍi/,డ్వాడి,द्वाडि,Banjara_hindi.docx
दुर्बल,bana taktero,adj.,/banā tāktērō/,బనా తాక్తేరొ,बना ताक्तेरो,Banjara_hindi.docx
दोस्त,sopti / pyaro,n.,/sōpti/ /pyārō/,సోప్తి / ప్యారో,सोप्ति / प्यारो,Banjara_hindi.docx
दाता,devalo,n.,/dēvāḷō/,దేవాళో,देवाळो,Banjara_hindi.docx
दोस्ती,sopti,n.,/sōpti/,సోప్తి,सोप्ति,Banjara_hindi.docx
दान,dharam,n.,/dharam/,ధరమ్,धरम,Banjara_hindi.docx
दुलहिन,navleri,n.,/navlēri/,నన్లేరి,नव्लेरि,Banjara_hindi.docx
द्वार,galama / phatak,n.,/galamā/ /fāṭak/,గలమా / ఫాటక్,गलमा / फाटक,Banjara_hindi.docx
द्वारा,laram / ti,prep.,/lārã/ /tī/,లారఁ / తీ,लारं / ती,Banjara_hindi.docx
दुश्मनी,dushman / ris,n.,/duśmaṇ/ /rīs/,దుశ్మణ్ / రీస్,दुश्मण / रीस,Banjara_hindi.docx
द्वेष,ris,n.,/rīs/,రీస్,रीस,Banjara_hindi.docx
धन,pisa,n.,/pisa/,పిస,पिस,Banjara_hindi.docx
धनी,amir / savukar,adj.,/amīr/ /sāvukār/,అమీర్ / సావుకార్,अमीर / सावुकार,Banjara_hindi.docx
धरन,lakad,n.,/lākaḍ/,లాకడ్,लाकड,Banjara_hindi.docx
धर्म,jat / dharam,n.,/jāt/ /dharam/,జాత్ / ధరమ్,जात / धरम,Banjara_hindi.docx
धागा,dora,n.,/dōrā/,దోర,दोरा,Banjara_hindi.docx
धान,sal,n.,/sāḷ/,సాళ్,साळ,Banjara_hindi.docx
धार,dhar,n.,/dhār/,ధార్,धार,Banjara_hindi.docx
धुरा,irusu,n.,/irusu/,ఇరుసు,इरुसु,Banjara_hindi.docx
धूप,tadko,n.,/taḍkō/,తడ్కో,तडको,Banjara_hindi.docx
धूल,angolo,n.,/aṅgōḷō/,అంగొళో,अंगोळो,Banjara_hindi.docx
धैर्य,opkyi / himmat,n.,/ōpkyi/ /himmat/,ఒప్క్యి / హిమ్మత్,ओप्यि / हिम्मत,Banjara_hindi.docx
धोखेबाज,dhokabaj,n.,/dhōkabāj/,ధోకబాజ్,धोकबाज,Banjara_hindi.docx
धोबी,dhobi,n.,/dhōbi/,ధోబి,धोबि,Banjara_hindi.docx
धोवन,dhovan,n.,/dhōvaṇ/,ధోవణ్,धोवण,Banjara_hindi.docx
ध्यान,atkleti,n.,/aṭkḷēti/,ఆట్కళేతి,आटकळेति,Banjara_hindi.docx
ध्वनि,vaja,n.,/vājā/,వాజా,वाजा,Banjara_hindi.docx
नकद,nagad,n.,/nagad/,నగద్,नगद,Banjara_hindi.docx
नकाब,ghungto,n.,/ghūṅgṭō/,ఘూంగ్ టో,घूंग टो,Banjara_hindi.docx
नगर,shar / gam,n.,/śār/ /gām/,షార్ / గామ్,शार / गाम,Banjara_hindi.docx
नजदीक,dhamyi,adv.,/dhamyi/,ధమ్యి,धम्यि,Banjara_hindi.docx
नजर,nanjar / anki,n.,/nañjar/ /āṅki/,నంజర్ / ఆంకి,नन्जर / आंकि,Banjara_hindi.docx
नद,nandi,n.,/nandi/,నంది,नन्दि,Banjara_hindi.docx
नदी,vin / nandi / chebri,n.,/viṇ/ /nandi/ /cēbri/,విణ్ / నంది / ఛేబ్రి,विण / नन्दि / छेब्रि,Banjara_hindi.docx
नन्हा,bholka / nanka,adj.,/bhōḷka/ /nānkā/,భోళ్క / నాన్కా,भोळ्का / नान्का,Banjara_hindi.docx
नफा,phayedo,n.,/fāyēdō/,ఫాయేదొ,फायेदो,Banjara_hindi.docx
नमक,nun,n.,/nūṇ/,నూణ్,नूण,Banjara_hindi.docx
नम्रता,manimi,n.,/manimi/,మనిమి,मनिमि,Banjara_hindi.docx
नया,navvo / tadr,adj.,/navvō/ /taḍr/,నవ్వొ / తడ్ర్,नव्ओ / तड्र,Banjara_hindi.docx
नयानया,navvonakkor,adj.,/navvōnakkōr/,నవ్వోనక్కోర్,नव्ओनक्कोर,Banjara_hindi.docx
नरक,narakam,n.,/narakam/,నరకం,नरकम,Banjara_hindi.docx
नली,bunga / burra,n.,/buṅgā/ /burra/,బుంగా / బుర్ర,बुंगा / बुर्रा,Banjara_hindi.docx
नशा,rimma / piyot,n.,/rimmā/ /piyōṭ/,రిమ్మా / పియోట్,रिम्मा / पियोट,Banjara_hindi.docx
नींद,nind,n.,/nīnd/,నీంద్,नीन्द,Banjara_hindi.docx
नाश,bol / bigadayer,n.,/bōl/ /bigaḍāyēr/,బోల్ / బిగడాయేర్,बोल / बिगडायेर,Banjara_hindi.docx
नींव,bunadi,n.,/bunādi/,బునాది,बुनादि,Banjara_hindi.docx
नीच,nanki / nanka,adj.,/nāṇki/ /nānkā/,నాణ్కి / నాన్కా,नाणकि / नान्का,Banjara_hindi.docx
नीचे उतर जा,hutar,v.,/hutār/,హుతార్,हुतार,Banjara_hindi.docx
नीति,niyat,n.,/niyat/,నియత్,नियत,Banjara_hindi.docx
निकटता,gachchap,n.,/gaccap/,గచ్చప్,गच्चप,Banjara_hindi.docx
निकल,nikal,v.,/nikal/,నికల్,निकल,Banjara_hindi.docx
नेक,ac / varuj,adj.,/āc/ /vāruj/,ఆచ్ / వారుజ్,आच / वारुज,Banjara_hindi.docx
नहीं,cheni / mat / koni,adv.,/chēni/ /mat/ /kōni/,ఛేని / మత్ / కోని,छेनि / मत / कोनि,Banjara_hindi.docx
नहीं चाहिए,nikan / nato,adv.,/nikāṇ/ /natō/,నికాణ్ / నతో,निकान / नतो,Banjara_hindi.docx
निगल,nacho / galjo,v.,/nacō/ /galjō/,నచొ / గల్జొ,नचो / गल्जो,Banjara_hindi.docx
नोक,pungi / phungi / kosa,n.,/pūṅgi/ /fūṅgi/ /kōsa/,పూంగి / ఫూంగి / కోస,पूंगि / फूंगि / कोसा,Banjara_hindi.docx
नोच,kochar,v.,/kōcar/,కొచర్,कोचर,Banjara_hindi.docx
नोन,nun,n.,/nūṇ/,నూణ్,नूण,Banjara_hindi.docx
नौ,nav,num.,/nav/,నవ్,नव,Banjara_hindi.docx
नौकरी,bamyi,n.,/bāmyi/,బామ్యి,बाम्यि,Banjara_hindi.docx
न्याय,dharam / nayam / niyat,n.,/dharam/ /nāyaṃ/ /niyat/,ధరమ్ / నాయం / నియత్,धरम / नायं / नियत,Banjara_hindi.docx
पट्टा,gutta,n.,/gutta/,గుత్త,गुत्त,Banjara_hindi.docx
परत,pora,n.,/pōrā/,పొర,पोरा,Banjara_hindi.docx
परदा,parda,n.,/pardā/,పర్దా,पर्दा,Banjara_hindi.docx
पंख,ponkoda / pankodar latta,n.,/poṅkōdā/ /paṅkōdār laṭṭā/,పొంకొడ / పంకోడార్ లట్టా,पोन्कोदा / पन्कोदार लट्टा,Banjara_hindi.docx
पकड,chip,v.,/chīp/,ఛీప్,छीप,Banjara_hindi.docx
पागल,hadko / vyandi,adj.,/haḍkō/ /vyāṇḍi/,హడ్కొ / వ్యాండి,हडको / व्यान्डि,Banjara_hindi.docx
पका,sijlo / vakal,adj.,/sījlō/ /vakāḷ/,సీజ్లో / వకాళ్,सीज्लो / वकाळ,Banjara_hindi.docx
पक्षी,pitta,n.,/piṭṭa/,పిట్ట,पिट्टा,Banjara_hindi.docx
पगहा,talugu / gala,n.,/talugu/ /gāḷā/,తలుగు / గాళ,तलुगु / गाळा,Banjara_hindi.docx
पटरा,guntka,n.,/gūṇṭkā/,గూంట్కా,गून्टका,Banjara_hindi.docx
पराजित हो,hargo,v.,/hārgō/,హార్గో,हारगो,Banjara_hindi.docx
पराया,dusro,adj.,/dusrō/,దుస్రో,दुस्रो,Banjara_hindi.docx
परिमाण,parimanam,n.,/parimāṇaṃ/,పరిమాణం,परिमाणं,Banjara_hindi.docx
पाटा,pida,n.,/pīḍa/,పీడ,पीडा,Banjara_hindi.docx
पाठशाला,badi,n.,/badi/,బది,बदि,Banjara_hindi.docx
पाद,tang / dhap,n.,/ṭāṅg/ /dhap/,టాంగ్ / ధప్,टांग / धप,Banjara_hindi.docx
पादरक्षा,jute,n.,/jūtē/,జూతే,जूते,Banjara_hindi.docx
पढ,sadu,v.,/sadu/,సదు,सदु,Banjara_hindi.docx
पतन,budo,n.,/būḍō/,బూడొ,बूडो,Banjara_hindi.docx
पर्वत,pahad,n.,/pahāḍ/,పహాడ్,पहाड,Banjara_hindi.docx
पति,gharevalo / dhani,n.,/gharēvāḷō/ /dhaṇi/,ఘరేవాళో / ధణి,घरेवाळो / धणि,Banjara_hindi.docx
पल,ghadiya,n.,/ghaḍiyā/,ఘడియా,घडिया,Banjara_hindi.docx
पत्ता,pan / kagad,n.,/pān/ /kāgad/,పాన్ / కాగద్,पान / कागद,Banjara_hindi.docx
पिता,bap,n.,/bāp/,బాప్,बाप,Banjara_hindi.docx
पानी,pani,n.,/pāṇī/,పాణీ,पाणी,Banjara_hindi.docx
पारितोषक,inam,n.,/inām/,ఇనామ్,इनाम,Banjara_hindi.docx
पार्श्व,sam,n.,/sām/,సామ్,साम,Banjara_hindi.docx
पाल,pal,n.,/pāḷ/,పాళ్,पाळ,Banjara_hindi.docx
पालन,palan / nayaki,n.,/pālan/ /nāyakī/,పాలన్ / నాయకీ,पालन / नायकी,Banjara_hindi.docx
पास,dhamyi,adv.,/dhamyi/,ధమ్యి,धम्यि,Banjara_hindi.docx
पल्ला,godema,n.,/gōdemā/,గోదెమా,गोदेमा,Banjara_hindi.docx
पी,pi,v.,/pi/,పి,पि,Banjara_hindi.docx
पत्र,karat / kagad,n.,/kāraṭ/ /kāgad/,కారట్ / కాగద్,कारट / कागद,Banjara_hindi.docx
पसार,mand,v.,/māṇḍ/,మాండ్,माण्ड,Banjara_hindi.docx
पथ्य,patyam,n.,/patyaṃ/,పత్యం,पत्यं,Banjara_hindi.docx
पहन,pyar,v.,/pyār/,ప్యార్,प्यार,Banjara_hindi.docx
पीछे की ओर,paccha,adv.,/pācca/,పాచ్చ,पाच्च,Banjara_hindi.docx
पदार्थ,chij,n.,/cīj/,చీజ్,चीज,Banjara_hindi.docx
पहरा,kavli,n.,/kāvli/,కావ్లి,कावलि,Banjara_hindi.docx
पीट,mar,v.,/mār/,మార్,मार,Banjara_hindi.docx
पर,umpar,prep.,/ūmpar/,ఊంపర్,ऊम्पर,Banjara_hindi.docx
पर दादा,pad dada,n.,/pad dādā/,పద్ దాదా,पद दादा,Banjara_hindi.docx
परंपरा,idti,n.,/idti/,ఇద్తి,इदति,Banjara_hindi.docx
परछाई,chandi,n.,/chāndi/,ఛాంది,छान्दि,Banjara_hindi.docx
पीठ,puto,n.,/pūṭō/,పూటొ,पूटो,Banjara_hindi.docx
पीढा,pida,n.,/pīḍa/,పీడ,पीडा,Banjara_hindi.docx
पीस,rup / vant,v.,/rūp/ /vāṇṭ/,రూప్ / వాంట్,रूप / वान्ट,Banjara_hindi.docx
पहाड,pahad,n.,/pahāḍ/,పహాడ్,पहाड,Banjara_hindi.docx
पहिया,girra,n.,/girra/,గిర్ర,गिर्र,Banjara_hindi.docx
पुकार,pakar,v.,/pakār/,పకార్,पकार,Banjara_hindi.docx
पुडिया,puli,n.,/pūli/,పూలి,पूलि,Banjara_hindi.docx
पुदीना,pudina,n.,/pudīnā/,పుదీనా,पुदीना,Banjara_hindi.docx
प्रपात,rungli / veri,n.,/rūṅglī/ /vēri/,రూంగ్లీ / వేరి,रूङ्ग्ली / वेरि,Banjara_hindi.docx
पुरस्कार,inam,n.,/inām/,ఇనామ్,इनाम,Banjara_hindi.docx
पैदा कर,huyer,v.,/hūyēr/,హూయేర్,हूयेर,Banjara_hindi.docx
प्रभात,savaro,n.,/savārō/,సవారో,सवारो,Banjara_hindi.docx
प्रभु,dhariya,n.,/dhariyā/,ధరియా,धरिया,Banjara_hindi.docx
पुरा हो,puro,v.,/pūrō/,పూరొ,पूरो,Banjara_hindi.docx
पैदावार,panta,n.,/paṇṭa/,పంట,पान्टा,Banjara_hindi.docx
पुरातन,juno / penar,adj.,/jūnō/ /pēnār/,జూనో / పెనార్,जूनो / पेनार,Banjara_hindi.docx
पैर,dhap / tang,n.,/dhap/ /ṭāṅg/,ధప్ / టాంగ్,धप / टांग,Banjara_hindi.docx
पुराना,juno,adj.,/jūnō/,జూనో,जूनो,Banjara_hindi.docx
पैरों से कुचल,khund,v.,/khūṇḍ/,ఖూండ్,खूण्ड,Banjara_hindi.docx
पुष्टि,dhapan,n.,/dhāpan/,ధాపన్,धापन,Banjara_hindi.docx
पैसा,pisa,n.,/pisa/,పిస,पिस,Banjara_hindi.docx
पुष्प,phul,n.,/fūl/,ఫూల్,फूल,Banjara_hindi.docx
पोंछ,kula / lu,v.,/kulā/ /lū/,కులా / లూ,कुला / लू,Banjara_hindi.docx
पोत,limp,v.,/līmp/,లీంప్,లీम्प,Banjara_hindi.docx
पूँछ,punchi,n.,/puñci/,పుంబ్ది,पुन्चि,Banjara_hindi.docx
पोती,poti,n.,/pōti/,పోతి,पोति,Banjara_hindi.docx
पूंजी,pisa,n.,/pisa/,పిస,पिस,Banjara_hindi.docx
पूछ,punch,v.,/pūñc/,పూంచ్,पून्च,Banjara_hindi.docx
पोषण,pal,n.,/pāḷ/,పాళ్,पाळ,Banjara_hindi.docx
पूरा,se / sari,adj.,/sē/ /sāri/,సే / సారి,से / सारि,Banjara_hindi.docx
प्याला,tokani,n.,/tōkaṇi/,టోకణి,टोकणि,Banjara_hindi.docx
प्रश्न,saval puncher,n.,/savāl pūñcēr/,సవాల్ పూంచేర్,सवाल पून्चेर,Banjara_hindi.docx
प्यास,taras,n.,/taras/,తరస్,तरस,Banjara_hindi.docx
प्रसव,pide,n.,/pīḍē/,పీడే,पीडे,Banjara_hindi.docx
प्रस्ताव रख,prastav,v.,/prastāv/,ప్రస్తావ్,प्रस्ताव,Banjara_hindi.docx
प्रकार,ornayi,n.,/ōrnayi/,ఓర్నయి,ओर्नयि,Banjara_hindi.docx
प्रकाश,vajalo / jhanker,n.,/vajāḷō/ /jhāṅkēr/,వజాళో / ఝాంకేర్,वजालो / झांकेर,Banjara_hindi.docx
पूर्ति,puro / sari,n.,/pūrō/ /sāri/,పూరొ / సారి,पूरो / सारि,Banjara_hindi.docx
पूर्व,pena / dharagidiya,adv.,/pēnā/ /dharagiḍiyā/,పేనా / ధర్అగిడియా,पेना / धरगिडिया,Banjara_hindi.docx
प्रकृति,prakrti,n.,/prakṛti/,ప్రకృతి,प्रकृति,Banjara_hindi.docx
प्रांत,jag,n.,/jāg/,జాగ్,जाग,Banjara_hindi.docx
पेट,pet,n.,/pēṭ/,పేట్,पेट,Banjara_hindi.docx
पेटि,sanduk,n.,/sanduk/,సందుక్,सन्दुक,Banjara_hindi.docx
पेड,dava / jhad,n.,/davā/ /jhāḍ/,దవా / ఝాడ్,दवा / झाड,Banjara_hindi.docx
प्रतिमा,bomma,n.,/bomma/,బొమ్మ,बोम्मा,Banjara_hindi.docx
प्राण,dam,n.,/dam/,దం,दम,Banjara_hindi.docx
प्रतिवेदन,phiryad,n.,/firyād/,ఫిర్యాద్,फिर्याद,Banjara_hindi.docx
प्राप्त कर,la,v.,/lā/,లా,ला,Banjara_hindi.docx
प्रारंभ,dharagidiya / pena,n.,/dharagiḍiyā/ /pēnā/,ధర్అగిడియా / పేనా,धरगिडिया / पेना,Banjara_hindi.docx
प्रातःकाल,savaro,n.,/savārō/,సవారో,सवारो,Banjara_hindi.docx
प्रधानद्वार,galama,n.,/galamā/,గలమా,गलमा,Banjara_hindi.docx
प्रार्थना कर,vinti,v.,/vinti/,వింతి,विन्ति,Banjara_hindi.docx
प्रेम,jhal / pyar,n.,/jhāḷ/ /pyār/,ఝాళ్ / ప్యార్,झाळ / प्यार,Banjara_hindi.docx
फंदा,phando / jhal,n.,/fandō/ /jhāḷ/,ఫందొ / ఝాళ్,फन्दो / झाळ,Banjara_hindi.docx
फाटक,phatak / galama,n.,/fāṭak/ /galamā/,ఫాటక్ / గలమా,फाटक / गलमा,Banjara_hindi.docx
फाड,chir / phad,v.,/cīr/ /fāḍ/,చీర్ / ఫాడ్,चीर / फाड,Banjara_hindi.docx
फूफा,sasro / mama,n.,/sasrō/ /māma/,సస్రో / మామ,सस्रो / मामा,Banjara_hindi.docx
फावडा,palugu,n.,/palugu/,పలుగు,पलुगु,Banjara_hindi.docx
फूफी,mami,n.,/māmi/,మామి,मामि,Banjara_hindi.docx
फूल,phul,n.,/fūl/,ఫూల్,फूल,Banjara_hindi.docx
फतह,veralu,n.,/vērāḷu/,వేరాళు,वेराळु,Banjara_hindi.docx
फिर,phar / vajji / ujji,adv.,/far/ /vajji/ /ujji/,ఫర్ / వజ్జి / ఉజ్జి,फर / वज्जि / उज्जि,Banjara_hindi.docx
फफोला,phulo,n.,/fūlō/,ఫూలో,फूलो,Banjara_hindi.docx
फरियाद,phiryad,n.,/firyād/,ఫిర్యాద్,फिर्याद,Banjara_hindi.docx
फुंसी,khil / phoda,n.,/khil/ /fōdā/,ఖిల్ / ఫోదా,खिल / फोदा,Banjara_hindi.docx
फेंक,chanak / baga / phank dam,v.,/chaṇak/ /bagā/ /fāṅk daṃ/,ఛణక్ / బగా / ఫాంక్ దఁ,छणक / बगा / फांक दं,Banjara_hindi.docx
फर्क,pharak / mayi,n.,/farak/ /māyi/,ఫరక్ / మాయి,फरक / मायि,Banjara_hindi.docx
फुरसत,chutvela,n.,/chūtvēlā/,ఛూత్వేలా,छूत्वेला,Banjara_hindi.docx
फल,phal,n.,/faḷ/,ఫళ్,फळ,Banjara_hindi.docx
फुर्ती,jaldi,n.,/jaldi/,జల్ది,जल्दि,Banjara_hindi.docx
फाँसी,phansi,n.,/fānsi/,ఫాంసి,फांसि,Banjara_hindi.docx
फूंक,punkar,v.,/puṅkār/,పుంకార్,पुंकार,Banjara_hindi.docx
फैल,dhamyi / vyaricha / vaddo,v.,/dhamyi/ /vyārīca/ /vaddō/,ధఁయి / వ్యారీచ / వద్దో,धंयि / व्यारीच / वद्दो,Banjara_hindi.docx
फाका,bhuko,n.,/bhūkō/,భూకొ,भूको,Banjara_hindi.docx
फूट,phut go / tod,v.,/fūṭ gō/ /tōḍ/,ఫూట్ గో / తోడ్,फूट गो / तोड,Banjara_hindi.docx
फैसला,tapsa,n.,/tapsa/,తప్స,तप्सा,Banjara_hindi.docx
फोड,chir / phad / phod,v.,/cīr/ /fāḍ/ /fōḍ/,చీర్ / ఫాడ్ / ఫోడ్,चीर / फाड / फोड,Banjara_hindi.docx
फौज,sipayi,n.,/sipāyi/,సిపాయి,सिपायि,Banjara_hindi.docx
फौरन,jannaj,adv.,/jannāj/,జన్నాజ్,जन्नाज,Banjara_hindi.docx
बँटवारा कर,angola,v.,/aṅgōḷa/,అంగోళ,अंगोळ,Banjara_hindi.docx
बंजर,padav,adj.,/paḍāv/,పడావ్,पडाव,Banjara_hindi.docx
बहन,bhyan,n.,/bhyān/,భ్యాన్,भ्यान,Banjara_hindi.docx
बंदर,vandri,n.,/vāndri/,వాంద్రి,वान्द्रि,Banjara_hindi.docx
बंदूक,banduk,n.,/bandūk/,బందూక్,बन्दूक,Banjara_hindi.docx
बगल,sam,n.,/sām/,సామ్,साम,Banjara_hindi.docx
बचा,tapa,v.,/tapā/,తపా,तपा,Banjara_hindi.docx
बाँट,vyant,v.,/vyāṇṭ/,వ్యాంట్,व्यानट,Banjara_hindi.docx
बाँदी,dasi,n.,/dāsi/,దాసి,दासि,Banjara_hindi.docx
बडा,ras / moto / bado / jappa,adj.,/rās/ /mōṭō/ /baḍō/ /jāppā/,రాస్ / మోటో / బడొ / జాప్పా,रास / मोटो / बडो / जाप्पा,Banjara_hindi.docx
बाँबी,bommoyi,n.,/bommōyi/,బొమ్మోయి,बोम्मोयि,Banjara_hindi.docx
बढ,dhamyi / vyaricha / vaddo,v.,/dhaṃyi/ /vyārīca/ /vaddō/,ధఁయి / వ్యారీచ / వద్దో,धंयि / व्यारीच / वद्दो,Banjara_hindi.docx
बाग,vadi,n.,/vāḍi/,వాడి,वाडि,Banjara_hindi.docx
बाघ,janavar,n.,/janāvar/,జనావర్,जनावर,Banjara_hindi.docx
बढई,khatti,n.,/khātti/,ఖాత్తి,खात्ति,Banjara_hindi.docx
बाज,sakra,n.,/sakrā/,సక్రా,सक्रा,Banjara_hindi.docx
बाढ,khalya / rungi,n.,/khāḷyā/ /ruṅgi/,ఖాళ్యా / రుంగి,खाळ्या / रुंगि,Banjara_hindi.docx
बुझा,ola,v.,/ōlā/,ఒలా,ओला,Banjara_hindi.docx
बत्ती,diyerbatti,n.,/dīyērbatti/,దీయేర్బత్తి,दीयेर्बत्ति,Banjara_hindi.docx
बुन,gunt,v.,/gūnt/,గూంత్,गून्त,Banjara_hindi.docx
बदल,pher,v.,/fēr/,ఫేర్,फेर,Banjara_hindi.docx
बना,jodero,v.,/jōḍērō/,జోడేరొ,जोडेरो,Banjara_hindi.docx
बरछा,barci,n.,/barci/,బర్చి,बर्ची,Banjara_hindi.docx
बरतन,tokani,n.,/tōkaṇi/,టోకణి,टोकणि,Banjara_hindi.docx
बाती,diyerbatti,n.,/dīyērbatti/,దీయేర్బత్తి,दीयेर्बत्ति,Banjara_hindi.docx
बादल,vajal,n.,/vājaḷ/,వాజళ్,वाजळ,Banjara_hindi.docx
बेंट,mutti / pidi,n.,/muṭṭi/ /piḍi/,ముట్టి / పిడి,मुट्टि / पिडि,Banjara_hindi.docx
बाप,bap,n.,/bāp/,బాప్,बाप,Banjara_hindi.docx
बारिश,pani,n.,/pāṇī/,పాణీ,पाणी,Banjara_hindi.docx
बालक,chvara,n.,/cvārā/,ఛ్వారా,च्वारा,Banjara_hindi.docx
बेच,vec,v.,/vēc/,వేచ్,वेच,Banjara_hindi.docx
बेटी,beti,n.,/bēṭi/,బేటి,बेटि,Banjara_hindi.docx
बर्फ,baramper,n.,/baraṃpēr/,బరఁపేర్,बरंपेर,Banjara_hindi.docx
बाहु,khavo,n.,/khavō/,ఖవొ,खवो,Banjara_hindi.docx
बेवा,rand,n.,/rāṇḍ/,రాండ్,राण्ड,Banjara_hindi.docx
बल,takat / satta / lagra,n.,/tākat/ /satta/ /lāgrā/,తాకత్ / సత్త / లాగ్రా,ताकत / सत्ता / लाग्रा,Banjara_hindi.docx
बैंगन,vyangan,n.,/vyāṅgaṇ/,వ్యాంగణ్,व्यांगण,Banjara_hindi.docx
बलवा,kranti,n.,/krānti/,క్రాంతి,क्रान्ति,Banjara_hindi.docx
बिगड,balla,v.,/ballā/,బల్లా,बल्ला,Banjara_hindi.docx
बैठ,byas,v.,/byās/,బ్యాస్,ब्यास,Banjara_hindi.docx
बैल,balad,n.,/baḷad/,బళద్,बळद,Banjara_hindi.docx
बोल,bol,v.,/bōl/,బోల్,बोल,Banjara_hindi.docx
बो,gad,v.,/gāḍ/,గాడ్,गाड,Banjara_hindi.docx
ब्याह,vaya,n.,/vāyā/,వాయా,वाया,Banjara_hindi.docx
बोझ,vajan,n.,/vajan/,వజన్,वजन,Banjara_hindi.docx
भगा,bhadkayer,v.,/bhaḍkāyēr/,భడ్కాయేర్,भड्कायेर,Banjara_hindi.docx
भाडा,bhado,n.,/bhāḍō/,భాడొ,भाडो,Banjara_hindi.docx
भुट्टा,sarra,n.,/sarrā/,సర్రా,सर्रा,Banjara_hindi.docx
भतीजा,bhan jo,n.,/bhan jō/,భన్ జో,भन जो,Banjara_hindi.docx
भूल,galat / bhuler,n.,/galat/ /bhūlēr/,గలత్ / భూలేర్,गलत / भूलेर,Banjara_hindi.docx
भय,chamak,n.,/camak/,చమక్,चमक,Banjara_hindi.docx
भाल,tapalo,n.,/tapāḷō/,తపాళో,तपाळो,Banjara_hindi.docx
भूसी,bali,n.,/bāli/,బాలి,बालि,Banjara_hindi.docx
भर,bhar,v.,/bhar/,భర్,भर,Banjara_hindi.docx
भेंट,darshan,n.,/darśan/,దర్శన్,दर्शन,Banjara_hindi.docx
भर्ता,gharevalo / dhani,n.,/gharēvāḷō/ /dhaṇi/,ఘరేవాళో / ధణి,घरेवाळो / धणि,Banjara_hindi.docx
भला,varuj / ac,adj.,/vāruj/ /āc/,వారుజ్ / ఆచ్,वारुज / आच,Banjara_hindi.docx
भिंडी,bhinda,n.,/bhiṇḍa/,భిండ,भिन्डा,Banjara_hindi.docx
भेद,pharak / bhedo / mayi,n.,/farak/ /bhēdō/ /māyi/,ఫరక్ / భేదొ / మాయి,फरक / भेदो / मायि,Banjara_hindi.docx
भवन,bangla,n.,/baṅglā/,బంగ్లా,बङ्ला,Banjara_hindi.docx
भैंस,bhyamsi,n.,/bhyā̃si/,భ్యాఁసి,भ्यांसि,Banjara_hindi.docx
भस्म,rak,n.,/rāk/,రాక్,राक,Banjara_hindi.docx
भाग,hamso,n.,/haṃsō/,హఁసొ,हंसो,Banjara_hindi.docx
भीड,jhund / malav,n.,/jhūṇḍ/ /maḷāv/,ఝూండ్ / మళావ్,झूण्ड / मळाव,Banjara_hindi.docx
भोजन कर,khoraki / khayer,v.,/khorāki/ /khāyēr/,ఖొరాకి / ఖాయేర్,खोरकि / खायेर,Banjara_hindi.docx
भ्रमर,phunda,n.,/fūndā/,ఫూందా,फून्दा,Banjara_hindi.docx
भाग्य,nasib,n.,/nasīb/,నసీబ్,नसीब,Banjara_hindi.docx
भुजा,khavo,n.,/khavō/,ఖవొ,खवो,Banjara_hindi.docx
मडुआ,mangayer,v.,/maṅgāyēr/,మంగాయేర్,मंगायेर,Banjara_hindi.docx
मत,mat / jat,n.,/mat/ /jāt/,మత్ / జాత్,मत / जात,Banjara_hindi.docx
मसालेदार दाल,masalo,n.,/masālō/,మసాలో,मसालो,Banjara_hindi.docx
मँडप,mandva,n.,/maṇḍvā/,మండ్వా,मन्ड्वा,Banjara_hindi.docx
मदरसा,badi,n.,/badi/,బది,बदि,Banjara_hindi.docx
महीना,mina,n.,/mīnā/,మీనా,मीना,Banjara_hindi.docx
मंत्र,mattar,n.,/mattar/,మత్తర్,मत्तर,Banjara_hindi.docx
माँग,punch,v.,/pūñc/,పూంచ్,पून्च,Banjara_hindi.docx
माँड,dalya / mand,n.,/daḷyā/ /māṇḍ/,దళ్యా / మాండ్,दल्या / माण्ड,Banjara_hindi.docx
मक्का,makka,n.,/makkā/,మక్కా,मक्का,Banjara_hindi.docx
मगर,mangar,n.,/maṅgar/,మంగర్,मंगर,Banjara_hindi.docx
मच्छर,machchar,n.,/mācchar/,మాఛ్ఛర్,माच्छर,Banjara_hindi.docx
मजदूरी,bamyi,n.,/bāmyi/,బామ్యి,बाम्यि,Banjara_hindi.docx
मल,myal / gu,n.,/myāl/ /gū/,మ్యాల్ / గూ,म्याल / गू,Banjara_hindi.docx
मशाल,kola,n.,/kōla/,కోల,कोला,Banjara_hindi.docx
मशीन,misni,n.,/misni/,మిస్ని,मिस्नि,Banjara_hindi.docx
मनुष्य,admi / manikya / manas,n.,/ādmī/ /manikyā/ /māṇas/,ఆద్మీ / మనిక్యా / మాణస్,आदमी / मनिक्या / माणस,Banjara_hindi.docx
माथा,tapalo,n.,/tapāḷō/,తపాళో,तपाळो,Banjara_hindi.docx
मर जा,margo,v.,/margō/,మర్గో,मर्गो,Banjara_hindi.docx
मरण,margo,n.,/margō/,మర్గో,मर्गो,Banjara_hindi.docx
मान ले,samal,v.,/sāmaḷ/,సామళ్,सामळ,Banjara_hindi.docx
माप,lekko / pyano,n.,/lekkō/ /pyānō/,లెక్కొ / ప్యానో,लेक्को / प्यानो,Banjara_hindi.docx
माफ कर,maphikar,v.,/māphikar/,మాఫికర్,माफिकार,Banjara_hindi.docx
मामा,mama / sasro,n.,/māma/ /sasrō/,మామ / సస్రో,मामा / सस्रो,Banjara_hindi.docx
मामी,mami,n.,/māmi/,మామి,मामि,Banjara_hindi.docx
माला,har,n.,/hār/,హార్,हार,Banjara_hindi.docx
मास,mina,n.,/mīnā/,మీనా,मीना,Banjara_hindi.docx
मूल्य,khimat / dam,n.,/khīmat/ /dam/,ఖీమత్ / దమ్,खीमत / दम,Banjara_hindi.docx
मूली,mullangi,n.,/mullaṅgi/,ముల్లంగి,मुल्लंगि,Banjara_hindi.docx
मिजाज,jor / masti,n.,/jōr/ /masti/,జోర్ / మస్తి,जोर / मस्ति,Banjara_hindi.docx
मूषक,undar,n.,/undar/,ఉందర్,उन्दर,Banjara_hindi.docx
मैदान,maidan / jag / jammi,n.,/maidān/ /jāg/ /jammi/,మైదాన్ / జాగ్ / జమ్మి,मैदान / जाग / जम्मि,Banjara_hindi.docx
मूसल,sota / ukli,n.,/sōṭā/ /ukli/,సోటా / ఉక్శి,सोटा / उक्लि,Banjara_hindi.docx
मीठा,mito,adj.,/mīṭō/,మీటొ,मीटो,Banjara_hindi.docx
मृगया,sikar,n.,/sikār/,సికార్,सिकार,Banjara_hindi.docx
मित्र,pyaro / sopti,n.,/pyārō/ /sōpti/,ప్యారొ / సోప్తి,प्यारो / सोप्ति,Banjara_hindi.docx
मुद्रा,mor,n.,/mōr/,మోర్,मोर,Banjara_hindi.docx
मृत्यु,margo,n.,/margō/,మర్గో,मर्गो,Banjara_hindi.docx
मुनादी करवा,dapada,v.,/dapadā/,దపదా,दपदा,Banjara_hindi.docx
में,mayi,prep.,/māyi/,మాయి,मायि,Banjara_hindi.docx
मिर्च,marca,n.,/marcā/,మర్చ,मर्चा,Banjara_hindi.docx
मिल,bhale,v.,/bhaḷē/,భళె,भळे,Banjara_hindi.docx
मेघ,vajal,n.,/vājaḷ/,వాజళ్,वाजळ,Banjara_hindi.docx
मुर्गा,kukdi,n.,/kukdi/,కుకి,कुक्दि,Banjara_hindi.docx
मेल,bhale / sulaha / sanghatan,n.,/bhaḷē/ /sulahā/ /saṅghaṭan/,భళె / సులహా / సంఘటన్,भळे / सुलहा / संघटन,Banjara_hindi.docx
मुल्क,des,n.,/dēs/,దేస్,देस,Banjara_hindi.docx
मैं,mam,pron.,/maṃ/,మఁ,मं,Banjara_hindi.docx
मैना,garkoli,n.,/garkōli/,గర్కాలి,गर्कोलि,Banjara_hindi.docx
मुँहासा,khil,n.,/khil/,ఖిల్,खिल,Banjara_hindi.docx
मूँठ,pidi / mutti,n.,/piḍi/ /muṭṭi/,పిడి / ముట్టి,पिडि / मुट्टि,Banjara_hindi.docx
मुंदरी,vinti,n.,/viṇṭi/,వింటి,विन्टि,Banjara_hindi.docx
मूक,gungo,adj.,/gūṅgō/,గూంగొ,गूंगो,Banjara_hindi.docx
मोम,myan,n.,/myāṇ/,మ్యాణ్,म्याण,Banjara_hindi.docx
मूत्र,mut,n.,/mūt/,మూత్,मूत,Banjara_hindi.docx
मोरचा,cilam,n.,/cilam/,చిలం,चिलम,Banjara_hindi.docx
मूर्ति,bomma,n.,/bomma/,బొమ్మ,बोम्मा,Banjara_hindi.docx
मौत,margo,n.,/margō/,మర్గో,मर्गो,Banjara_hindi.docx
मौसी,masi,n.,/māsi/,మాసి,मासि,Banjara_hindi.docx
मूल,saru / jad,n.,/saru/ /jaḍ/,సరు / జడ్,सरु / जड,Banjara_hindi.docx
मौक़ा,dado,n.,/dādō/,దాదో,दादो,Banjara_hindi.docx
यंत्र,misni,n.,/misni/,మిస్ని,मिस्नि,Banjara_hindi.docx
यह (पु.),i,pron.,/ī/,ఈ,ई,Banjara_hindi.docx
यह (स्त्री.),i,pron.,/ī/,ఈ,ई,Banjara_hindi.docx
यहाँ,attam,adv.,/attã/,అత్తఁ,अत्तं,Banjara_hindi.docx
यारी,sopti,n.,/sōpti/,సోప్తి,सोप्ति,Banjara_hindi.docx
युवक,navejavan,n.,/navējavān/,నవేజవాన్,नवेजवान,Banjara_hindi.docx
यश,badonam / nam,n.,/baḍōnām/ /nām/,బడొనామ్ / నామ్,बडोनाम / नाम,Banjara_hindi.docx
योग्य,purvajatra,adj.,/pūrvajatrā/,పూర్వజత్రా,पूर्वजत्रा,Banjara_hindi.docx
यह (न.),i,pron.,/ī/,ఈ,ई,Banjara_hindi.docx
यात्रा,jatara / dhang / daura,n.,/jātara/ /ḍhaṅg/ /daurā/,జాతర / ఢంగ్ / దౌరా,जातरा / ढंग / दौरा,Banjara_hindi.docx
रक्त,loyi,n.,/lōyi/,లోయి,लोयि,Banjara_hindi.docx
रक्षण,palan / nayaki,n.,/pālan/ /nāyakī/,పాలన్ / నాయకీ,पालन / नायकी,Banjara_hindi.docx
रखवाली,kavli,n.,/kāvli/,కావ్లి,कावलि,Banjara_hindi.docx
रगड,copad / ghasari / lu,v.,/cōpad/ /ghasari/ /lū/,చొపడ్ / ఘసారి / లూ,चोपद / घसरि / लू,Banjara_hindi.docx
रजत,rupo,n.,/rupō/,రూపో,रूपो,Banjara_hindi.docx
रबर,labbar,n.,/labbar/,లబ్బర్,लब्बर,Banjara_hindi.docx
रस,rabdi / ras / phalcu,n.,/rābdi/ /ras/ /falcu/,రాబ్ది / రస్ / ఫల్చు,राब्दि / रस / फल्चु,Banjara_hindi.docx
रस्सी,gala,n.,/gāḷā/,గాళా,गाळा,Banjara_hindi.docx
राई,ramyi,n.,/rāṃyi/,రాఁయి,रांयि,Banjara_hindi.docx
राख,rak,n.,/rāk/,రాక్,राक,Banjara_hindi.docx
राजा,raj,n.,/rāj/,రాజ్,राज,Banjara_hindi.docx
राज्य,jagir / rajyam,n.,/jāgīr/ /rājyaṃ/,జాగీర్ / రాజ్యం,जागीर / राज्यं,Banjara_hindi.docx
रास्ता,khoj,n.,/khōj/,ఖోజ్,खोज,Banjara_hindi.docx
रिश्ता,sudo / pant / nato,n.,/sūdō/ /pāṇṭ/ /nātō/,సూదో / పాంత్ / నాతొ,सूदो / पान्त / नातो,Banjara_hindi.docx
रीति,kanni,n.,/kaṇṇi/,కణ్ణి,कण्णि,Banjara_hindi.docx
रुई,rum,n.,/rūṃ/,రూఁ,रूं,Banjara_hindi.docx
रुचि,savad,n.,/savād/,సవాద్,सवाद,Banjara_hindi.docx
रेत,uska,n.,/uskā/,ఉశ్కా,उश्का,Banjara_hindi.docx
रेशा,nara,n.,/nara/,నార,नार,Banjara_hindi.docx
रूप,rup / vanya,n.,/rūp/ /vaṇyā/,రూప్ / వణ్యా,रूप / वण्या,Banjara_hindi.docx
रोक,adam ayer / thamad / tham,v.,/āḍaṃ āyēr/ /thamāḍ/ /tham/,ఆడం ఆయేర్ / థమాడ్ / థమ్,आडम आयेर / थमाड / थम,Banjara_hindi.docx
रूपक,ornayi,n.,/ōrnayi/,ఓర్నయి,ओर्नयि,Banjara_hindi.docx
रेंग,godiyavu cal,v.,/gōḍiyāvu cāl/,గోడియావు చాల్,गोडियावु चाल,Banjara_hindi.docx
रोग,rog,n.,/rōg/,రోగ్,रोग,Banjara_hindi.docx
रोम,un,n.,/ūn/,ఊన్,ऊन,Banjara_hindi.docx
रौंद,khund,v.,/khūnd/,ఖూంద్,खून्द,Banjara_hindi.docx
लड,lad,v.,/laḍ/,లడ్,लड,Banjara_hindi.docx
लंगूर,hanut,n.,/haṇut/,హణుత్,हणुत,Banjara_hindi.docx
लडका,chvara,n.,/cvārā/,ఛ్వారా,च्वारा,Banjara_hindi.docx
लाश,muyo,n.,/mūyō/,మూయో,मूयो,Banjara_hindi.docx
लिए,vasu,prep.,/vāsu/,వాసు,वासु,Banjara_hindi.docx
लपट,holi / angar,n.,/hōḷi/ /aṅgār/,హోళి / అంగార్,होळि / अंगार,Banjara_hindi.docx
लवण,nun,n.,/nūṇ/,నూణ్,नूण,Banjara_hindi.docx
ले आ,liya / la,v.,/līyā/ /lā/,లీయా / లా,लीया / ला,Banjara_hindi.docx
लक्षण,dhang / gon,n.,/ḍhaṅg/ /gōṇ/,ఢంగ్ / గొణ్,ढंग / गोण,Banjara_hindi.docx
लक्ष्य,suti / dekan,n.,/sūṭi/ /dēkan/,సూటి / దేకన్,सूटि / देकन,Banjara_hindi.docx
लग,lagjo / chip,v.,/lāgjō/ /chīp/,లాగ్జో / ఛీప్,लाग्जो / छीप,Banjara_hindi.docx
लगा,lagad / cuntad,v.,/lagāḍ/ /cuṇṭāḍ/,లగాడ్ / చుంటాడ్,लगाड / चुन्टाड,Banjara_hindi.docx
ला,la,v.,/lā/,లా,ला,Banjara_hindi.docx
लगाव,bhalge,n.,/bhalgē/,భల్గె,भल्गे,Banjara_hindi.docx
लजा,laj,n.,/lāj/,లాజ్,लाज,Banjara_hindi.docx
लटक,latak,v.,/laṭak/,లటక్,लटक,Banjara_hindi.docx
लाल,ratdo,adj.,/rātdō/,రాత్దో,रात्दो,Banjara_hindi.docx
लौंडी,dasi,n.,/dāsi/,దాసి,दासि,Banjara_hindi.docx
लाभ,phayedo,n.,/fāyēdō/,ఫాయేదొ,फायेदो,Banjara_hindi.docx
वंश,valad / pada / pidi,n.,/valād/ /pādā/ /piḍi/,వలాద్ / పాడా / పిడి,वलाद / पाडा / पिडि,Banjara_hindi.docx
वर्षा,pani,n.,/pāṇī/,పాణీ,पाणी,Banjara_hindi.docx
वाहन,gadi,n.,/gāḍi/,గాడి,गाडि,Banjara_hindi.docx
वक्त,dado,n.,/dāḍō/,దాడొ,दाडो,Banjara_hindi.docx
वलय,kolda,n.,/kolḍā/,కొల్డా,कोल्डा,Banjara_hindi.docx
वजन,toler / vajan,n.,/tōlēr/ /vajan/,తోలేర్ / వజన్,तोलेर / वजन,Banjara_hindi.docx
वध,marnaker,n.,/mārnākēr/,మార్నాకేర్,मार्नाकेर,Banjara_hindi.docx
वधू,navleri,n.,/navlēri/,నన్లేరి,नव्लेरि,Banjara_hindi.docx
वहाँ,otta,adv.,/otta/,ఒత్త,ओत्ता,Banjara_hindi.docx
वन,jangal,n.,/jaṅgal/,జంగల్,जंगल,Banjara_hindi.docx
वमन,dakanni,n.,/dākaṇṇi/,డాకణ్ణి,डाकण्णि,Banjara_hindi.docx
वर्ग,taragat,n.,/taragat/,తరగత్,तरगत,Banjara_hindi.docx
वर्ण,ank / rang,n.,/āṅk/ /raṅg/,ఆంక్ / రంగ్,आंक / रंग,Banjara_hindi.docx
वर्ष,varas,n.,/varas/,వరస్,वरस,Banjara_hindi.docx
विश्व,jagat / jagse / jagati,n.,/jagat/ /jagsē/ /jagati/,జగత్ / జగ్సే / జగతి,जगत / जगसे / जगति,Banjara_hindi.docx
वेग,jorti,n.,/jōrti/,జోర్తి,जोर्ति,Banjara_hindi.docx
विष,vas / dava,n.,/vas/ /davā/,వస్ / దవా,वस / दवा,Banjara_hindi.docx
वृक्ष,dava,n.,/davā/,దవా,दवा,Banjara_hindi.docx
वृथा,nakam,adj.,/nakām/,నకామ్,नकाम,Banjara_hindi.docx
व्रण,gumdi,n.,/gumḍi/,గుమ్డి,गुम्डि,Banjara_hindi.docx
शंका,guman,n.,/gumān/,గుమాన్,गुमान,Banjara_hindi.docx
शक,guman,n.,/gumān/,గుమాన్,गुमान,Banjara_hindi.docx
शील,gon,n.,/gōṇ/,గొణ్,गोण,Banjara_hindi.docx
शकल,vanya / rup,n.,/vaṇyā/ /rūp/,వణ్యా / రూప్,वण्या / रूप,Banjara_hindi.docx
शाम,sanj,n.,/sāñj/,సాంజ్,सांज,Banjara_hindi.docx
शीशी,sisi,n.,/sisi/,సిసి,सिसि,Banjara_hindi.docx
शासक,raj,n.,/rāj/,రాజ్,राज,Banjara_hindi.docx
शासन,rajyam / sarkar,n.,/rājyaṃ/ /sarkār/,రాజ్యం / సర్కార్,राज्यं / सरकार,Banjara_hindi.docx
शत्रु,dushman,n.,/duśmaṇ/,దుశ్మణ్,दुश्मण,Banjara_hindi.docx
शेर,sinkos,n.,/siṅkōs/,సింకోన్,सिन्कोस,Banjara_hindi.docx
शर्मा,laj,n.,/lāj/,లాజ్,लाज,Banjara_hindi.docx
शव,muyo,n.,/mūyō/,మూయో,मूयो,Banjara_hindi.docx
शिर,mundi,n.,/muṇḍi/,ముండి,मुन्डि,Banjara_hindi.docx
शहर,gam / shar,n.,/gām/ /śār/,గామ్ / షార్,गाम / शार,Banjara_hindi.docx
शिला,bhata,n.,/bhāṭa/,భాట,भाटा,Banjara_hindi.docx
शादी,vaya,n.,/vāyā/,వాయా,वाया,Banjara_hindi.docx
संकट,bhaveti / apti,n.,/bhāvēṭi/ /āpti/,భావేటి / ఆప్తి,भावेटि / आप्ति,Banjara_hindi.docx
संकेत,nisani / masko,n.,/niśāni/ /maskō/,నిశాని / మస్కొ,निशानि / मस्को,Banjara_hindi.docx
संबंध,paman / bhale,n.,/pāmaṇ/ /bhaḷē/,పామణ్ / భళె,पामण / भळे,Banjara_hindi.docx
संदूक,sanduk,n.,/sanduk/,సందుక్,सन्दुक,Banjara_hindi.docx
संदेह,guman,n.,/gumān/,గుమాన్,गुमान,Banjara_hindi.docx
संधि,khil / sulaha,n.,/khīl/ /sulahā/,ఖీల్ / సులహా,खील / सुलहा,Banjara_hindi.docx
संघ,sangham,n.,/saṅghaṃ/,సంఘం,संघं,Banjara_hindi.docx
संन्यासी,sanyasi,n.,/sanyāsi/,సన్యాసి,सन्यासि,Banjara_hindi.docx
संसार,jagat,n.,/jagat/,జగత్,जगत,Banjara_hindi.docx
सजा,siksa,n.,/śikṣa/,శిక్ష,शिक्षा,Banjara_hindi.docx
सरकार,sarkar,n.,/sarkār/,సర్కార్,सरकार,Banjara_hindi.docx
सरल,holiyant,adj.,/hoḷiyānt/,హొళియాంత్,होळियान्त,Banjara_hindi.docx
सरसों,ramyi,n.,/rāṃyi/,రాఁయి,रांयि,Banjara_hindi.docx
सारा,sari / se / nattam,adj.,/sāri/ /sē/ /naṭṭam/,సారి / నే / నట్టమ్,सारि / से / नट्टम,Banjara_hindi.docx
साल,varas,n.,/varas/,వరస్,वरस,Banjara_hindi.docx
साहस,himmat,n.,/himmat/,హిమ్మత్,हिम्मत,Banjara_hindi.docx
सवाल,saval puncer,n.,/savāl pūñcēr/,సవాల్ పూంచేర్,सवाल पून्चेर,Banjara_hindi.docx
सिर,mundi,n.,/muṇḍi/,ముండి,मुन्डि,Banjara_hindi.docx
ससुर,sasro / mama,n.,/sasrō/ /māma/,సస్రో / మామ,सस्रो / मामा,Banjara_hindi.docx
सींग,sing,n.,/sīṅg/,సీంగ్,सींग,Banjara_hindi.docx
सीधे,sudo / sabet / sapkar,adv.,/sūdō/ /sabēt/ /sāpkar/,సూదో / సబేత్ / సాప్కర్,सूदो / सबेत / साप्कर,Banjara_hindi.docx
समय,cavamno / dado / samiyam,n.,/cāvaṃnō/ /dāḍō/ /samiyāṃ/,చావఁనో / దాడొ / సమియాఁ,चावंनो / दाडो / समियां,Banjara_hindi.docx
साँस,bukka,n.,/bukka/,బుక్క,बुक्का,Banjara_hindi.docx
साक्षी,gavayi,n.,/gavāyi/,గవాయి,गवायि,Banjara_hindi.docx
सागर,kund,n.,/kūṇḍ/,కూండ్,कूण्ड,Banjara_hindi.docx
सुई,suyi,n.,/sūyi/,సూయి,सूयि,Banjara_hindi.docx
साथ,sati / laram,adv.,/sāti/ /lārã/,సాతి / లారఁ,साति / लारं,Banjara_hindi.docx
सुन,samal,v.,/sāmaḷ/,సామళ్,सामळ,Banjara_hindi.docx
समुद्र,kund,n.,/kūṇḍ/,కూండ్,कूण्ड,Banjara_hindi.docx
समूह,malav / jhund / jatti,n.,/maḷāv/ /jhūṇḍ/ /jaṭṭi/,మళావ్ / ఝూండ్ / జట్టి,मळाव / झूण्ड / जट्टि,Banjara_hindi.docx
सुलह,sulaha,n.,/sulahā/,సులహా,सुलहा,Banjara_hindi.docx
सूखा,suko,adj.,/sūkō/,సూకొ,सूको,Banjara_hindi.docx
समाचार,khabar,n.,/khabar/,ఖబర్,खबर,Banjara_hindi.docx
स्वप्न,sapano,n.,/sapanō/,సపనో,सपनो,Banjara_hindi.docx
स्वभाव,gon / prakrti,n.,/gōṇ/ /prakṛti/,గొణ్ / ప్రకృతి,गोण / प्रकृति,Banjara_hindi.docx
सूरज,dado,n.,/dāḍō/,దాడొ,दाडो,Banjara_hindi.docx
स्तंभ,thamba,n.,/thambā/,థంబా,थम्बा,Banjara_hindi.docx
सूर्य,dado,n.,/dāḍō/,దాడొ,दाडो,Banjara_hindi.docx
स्थान,ilako / jag,n.,/ilākō/ /jāg/,ఇలాకో / జాగ్,इलाको / जाग,Banjara_hindi.docx
स्वाद,savad,n.,/savād/,సవాద్,सवाद,Banjara_hindi.docx
सेना,sipayi / patalam,n.,/sipāyi/ /paṭāḷaṃ/,సిపాయి / పటాళం,सिपायि / पटाळं,Banjara_hindi.docx
स्नान,hangoli,n.,/haṅgōli/,హంగోళి,हंगोलि,Banjara_hindi.docx
स्पष्ट,sadasida / kub ac,adj.,/sādasīdā/ /kūb āc/,సాదసీద / కూబ్ ఆచ్,सादसीदा / कूब आच,Banjara_hindi.docx
हँसा,hamssad,v.,/haṃssāḍ/,హఁస్సాడ్,हंससाड,Banjara_hindi.docx
हल,nagar,n.,/nāgar/,నాగర్,नागर,Banjara_hindi.docx
हँसी,hams,n.,/hāṃs/,హాఁస్,हांस,Banjara_hindi.docx
हाँ,havam,adv.,/hāvã/,హావఁ,हावं,Banjara_hindi.docx
हक,hak / nayaki,n.,/hak/ /nāyakī/,హక్ / నాయకీ,हक / नायकी,Banjara_hindi.docx
हट्टी,angadi,n.,/aṅgaḍi/,అంగడి,अंगडि,Banjara_hindi.docx
हृदय,chamtti / dil,n.,/chāṃtti/ /dil/,ఛాఁత్తి / దిల్,छाँत्ति / दिल,Banjara_hindi.docx
हडप,galto,v.,/galtō/,గల్టో,गल्टो,Banjara_hindi.docx
हाट,angadi,n.,/aṅgaḍi/,అంగడి,अंगडि,Banjara_hindi.docx
हेंगा,guntka,n.,/gūṇṭkā/,గూంట్కా,गून्टका,Banjara_hindi.docx
हाथ,hat,n.,/hāt/,హాత్,हात,Banjara_hindi.docx
हार,har / hargo,n.,/hār/ /hārgō/,హార్ / హార్గో,हार / हारगो,Banjara_hindi.docx
हद,gettu,n.,/geṭṭu/,గెట్టు,गेट्टु,Banjara_hindi.docx
हम,ham,pron.,/ham/,హమ్,हम,Banjara_hindi.docx
हालत,tarika,n.,/tarika/,తరిక,तरिका,Banjara_hindi.docx
हिम,bharap / baramper,n.,/bharap/ /baraṃpēr/,భరప్ / బరఁపేర్,भरप / बरंपेर,Banjara_hindi.docx
हिम्मत,himmat,n.,/himmat/,హిమ్మత్,हिम्मत,Banjara_hindi.docx
क़सूर,jurmana / dand,n.,/jurmānā/ /ḍāṇḍ/,జురామాన / డాండ్,जुरामाना / डाण्ड,Banjara_hindi.docx
అంకితం చెయ్యి,ankit kar,v.,/aṅkit kar/,అంకిత్ కర్,अंकित कर,Banjara_telugu.docx
అక్కడికి,votte,adv.,/vōttē/,వోత్తే,वोत्ते,Banjara_telugu.docx
అక్కర,jarur,n.,/jarūr/,జరూర్,जरूर,Banjara_telugu.docx
అతడు,vu,pron.,/vū/,వూ,वू,Banjara_telugu.docx
అతనికోసం,vasu,pron.,/vāsu/,వాసు,वासु,Banjara_telugu.docx
అంకె రాయడం,ank laker,v.,/āṅk lakēr/,ఆంక్ లకేర్,आंक लकेर,Banjara_telugu.docx
అంగవైకల్యం,tunto,n.,/ṭūṇṭō/,టూంటో,टून्टो,Banjara_telugu.docx
అంగవైకల్యుడు,lulo,n.,/lūlō/,లూలో,लूलो,Banjara_telugu.docx
అంగీకారం,maner,n.,/mānēr/,మానేర్,मानेर,Banjara_telugu.docx
అక్కర లేదు,chayeni,adv.,/cāyēni/,చాయేని,चायेनि,Banjara_telugu.docx
అక్కరలేని,nakam,adj.,/nakām/,నకామ్,नकाम,Banjara_telugu.docx
అగ్ని,angar,n.,/aṅgār/,అంగార్,अंगार,Banjara_telugu.docx
అగ్ని పర్వతాలు,angarero pahad,n.,/aṅgārērō pahāḍ/,అంగారేరో పహాడ్,अंगारेरो पहाड,Banjara_telugu.docx
అతను / ఆయన,vu,pron.,/vū/,వూ,वू,Banjara_telugu.docx
అతి తక్కువ సమయం కూడా,ghadiya,n.,/ghaḍiyā/,ఘడియా,घडिया,Banjara_telugu.docx
అతుకు,jod,n.,/jōḍ/,జోడ్,जोड,Banjara_telugu.docx
అంగుళం,inc,n.,/iñc/,ఇంచ్,इञ्च,Banjara_telugu.docx
అంచనా చూసి,andajo dek,v.,/andājō dēk/,అందాజొ దేక్,अन्दाजो देक,Banjara_telugu.docx
అంచు,kosa / konora,n.,/kōsa/ /konorā/,కోస / కొనొరా,कोसा / कोनोरा,Banjara_telugu.docx
అంచులు కట్టడం,pale phaundero,v.,/pāḷē faundērō/,పాళే ఫౌందేరో,पाळे फौन्देरो,Banjara_telugu.docx
అగ్ర వర్ణం,mot jat,n.,/mōṭ jāt/,మోట్ జాత్,मोट जात,Banjara_telugu.docx
అచేతనమైన,vangayeni,adj.,/vaṅgāyēni/,వంగాయేని,वंगायेनि,Banjara_telugu.docx
అత్త,sasu,n.,/sāsu/,సాసు,सासु,Banjara_telugu.docx
అత్యంతమైన,asman,adj.,/asmān/,ఆస్మాన్,आस्मान,Banjara_telugu.docx
అత్యవసర,apti / jaldir,adj.,/āpti/ /jaldir/,ఆప్తి / జల్దిర్,आप्ति / जल्दिर,Banjara_telugu.docx
అచ్చరం,ank,n.,/āṅk/,ఆంక్,आंक,Banjara_telugu.docx
అత్యాచారం,atyachar,n.,/atyācār/,అత్యాచార్,अत्याचार,Banjara_telugu.docx
అంచులు కుట్టడం,ancun ganter,v.,/añcun gāṇṭēr/,అంచున్ గాంటేర్,अञ्चुन गाण्टेर,Banjara_telugu.docx
అచ్చు,mor,n.,/mōr/,మోర్,मोर,Banjara_telugu.docx
అజాగ్రత్తగా,bagar atkaleti,adv.,/bagar aṭkaḷēti/,బగర్ అట్కళేతి,बगर अटकळेति,Banjara_telugu.docx
అత్యాశగల,apachaina,adj.,/apācainā/,ఆపచైనా,आपचैना,Banjara_telugu.docx
అత్యున్నత,khubach,adj.,/khūbāc/,ఖూబ్ఆచ్,खूबाच,Banjara_telugu.docx
అంటార్కిటికా ఖండం,antarktika khandam,n. prop.,/aṇṭārkṭika khaṇḍaṃ/,అంటార్కిటిక ఖండం,अन्टार्क्टिका खण्डं,Banjara_telugu.docx
అంటించు,chuntad,v.,/cuṇṭāḍ/,చుంటాడ్,चुन्टाड,Banjara_telugu.docx
అజాగ్రత్తతో కూడిన,atkaleti chenijako,adj.,/aṭkaḷēti chēnijakō/,అటకళేతి ఛేనిజకొ,अटकळेति छेनिजको,Banjara_telugu.docx
అజీర్ణం,ajirti,n.,/ajirti/,అజీర్తి,अजीर्ति,Banjara_telugu.docx
అదనం,ajji / jappa,n.,/ajji/ /jāppā/,అజ్జి / జాప్పా,अज्जि / जाप्पा,Banjara_telugu.docx
అది,u,pron.,/ū/,ఊ,ऊ,Banjara_telugu.docx
అదును,adan,n.,/adan/,అదన్,अदन,Banjara_telugu.docx
అంటిపెటుకొని,sankd,adv.,/sāṅkḍ/,సాంక్డ్,साङ्क्ड,Banjara_telugu.docx
అటక,atku,n.,/aṭku/,అట్కు,अट्कु,Banjara_telugu.docx
అదుపు చెయ్యి,thamad,v.,/thamāḍ/,థమాడ్,थमाड,Banjara_telugu.docx
అంటుకో,lago,v.,/lāgō/,లాగొ,लागो,Banjara_telugu.docx
అంత,atra,adj.,/atrā/,అత్రా,अत्रा,Banjara_telugu.docx
అంత కాదు,atrakoni,adv.,/atrākōni/,అత్రాకొని,अत्राकोनि,Banjara_telugu.docx
అంతరం,mayi,n.,/māyi/,మాయి,मायि,Banjara_telugu.docx
అంతరిక్షం,rame,n.,/rāmē/,రామే,रामे,Banjara_telugu.docx
అంతా,sari / se,pron.,/sāri/ /sē/,సారి / సే,सारि / से,Banjara_telugu.docx
అటు,ovdi,adv.,/ōvḍi/,ఓవ్డి,ओवडि,Banjara_telugu.docx
అట్టహాసం,gammat,n.,/gammat/,గమ్మత్,गम्मत,Banjara_telugu.docx
అట్టు,bhunjo,n.,/bhūñjō/,భూంజొ,भून्जो,Banjara_telugu.docx
అట్లా,hanu,adv.,/hanu/,హను,हनु,Banjara_telugu.docx
అడగటం,saval puncher,v.,/savāl pūñcēr/,సవాల్ పూంచేర్,सवाल पून्चेर,Banjara_telugu.docx
అదుపులో ఉంచుకో,bhandino,v.,/bhāndinō/,భాందినో,भान्दिनो,Banjara_telugu.docx
అదృష్టం,nasib,n.,/nasīb/,నసీబ్,नसीब,Banjara_telugu.docx
అద్దం,arsi,n.,/ārsi/,ఆర్సి,आर्सि,Banjara_telugu.docx
అద్దకం,chopero,n.,/chōpērō/,ఛోపేరొ,छोपेरो,Banjara_telugu.docx
అద్దకం వెయ్యి,chopaddam,v.,/cōpad-daṃ/,చొపడ్దఁ,चोपद-दं,Banjara_telugu.docx
అంతులేని,katrayiko / dhogla,adj.,/katrāyikō/ /dhōglā/,కత్రాయికో / ధోగ్లా,कत्रायिको / धोग्ला,Banjara_telugu.docx
అడవి,jangal,n.,/jaṅgal/,జంగల్,जंगल,Banjara_telugu.docx
అధికారం,nayaki / hukmat,n.,/nāyakī/ /hukmat/,నాయకీ / హుక్మత్,नायकी / हुक्मत,Banjara_telugu.docx
అంత్యం,laram / kosa,n.,/lārã/ /kōsa/,లారఁ / కోస,लारं / कोसा,Banjara_telugu.docx
అడవి వ్యక్తి,rani admi,n.,/raṇī ādmī/,రణీ ఆద్మీ,रणी आदमी,Banjara_telugu.docx
అంత్యక్రియ,gatmuti,n.,/gatmūṭi/,గత్మూటి,गतमूटि,Banjara_telugu.docx
అంద చెయ్యి,punchad,v.,/puñcāḍ/,పుంచాడ్,पुन्चाड,Banjara_telugu.docx
అందగాడు,khub surat,n.,/khūb sūrat/,ఖూబ్ సూరత్,खूब सूरत,Banjara_telugu.docx
అడిగినన్ని,manganjatra,adj.,/māṅgãjatrā/,మాంగఁజత్రా,मांगंजत्रा,Banjara_telugu.docx
అడుగు,dhap / tal / punch,v.,/dhap/ /taḷ/ /pūñc/,ధప్ / తళ్ / పూంచ్,धप / तळ / पून्च,Banjara_telugu.docx
అధ్యయనం చేయి,kalayero,v.,/kaḷāyērō/,కళాయేరొ,कळायेरो,Banjara_telugu.docx
అనంత,thogla,adj.,/thōglā/,థోగ్లా,थोग्ला,Banjara_telugu.docx
అనారోగ్యం,rog / doketi / vangeni,n.,/rōg/ /dōkēti/ /vaṅgēni/,రోగ్ / దోకేతి / వంగెని,रोग / दोकेति / वंगेनि,Banjara_telugu.docx
అందరి,ser,pron.,/sēr/,సేర్,सेर,Banjara_telugu.docx
అడుగు జాడ,khoj,n.,/khōj/,ఖోజ్,खोज,Banjara_telugu.docx
అనారోగ్యంగా ఉండడం,tandro,v.,/taṇḍrō/,తండ్రొ,तन्ड्रो,Banjara_telugu.docx
అందరూ,ser,pron.,/sēr/,సేర్,सेर,Banjara_telugu.docx
అడుగు వెయ్యి,lat mel,v.,/lāt mēl/,లాత్ మేల్,लात मेल,Banjara_telugu.docx
అనాలోచితంగా,bhuluk,adv.,/bhuluk/,భులుక్,भुलुक,Banjara_telugu.docx
అందాక,ottetanu,adv.,/ottetāṇu/,ఒత్తెతాణు,ओत्तेताणु,Banjara_telugu.docx
అడుగున ఉన్న,tal,adj.,/taḷ/,తళ్,तळ,Banjara_telugu.docx
అని,kan,conj.,/kan/,కన్,कन,Banjara_telugu.docx
అడ్డంకి,adpadero,n.,/āḍpaḍērō/,ఆడ్పడేరొ,आडपडेरो,Banjara_telugu.docx
అనిపించు,lagaricham,v.,/lāgarīcaṃ/,లాగరీచం,लागरीचं,Banjara_telugu.docx
అడ్డంగా,ado,adv.,/āḍō/,ఆడో,आडो,Banjara_telugu.docx
అడ్డగించు,thamad / adam ayer,v.,/thamāḍ/ /āḍaṃ āyēr/,థమాడ్ / ఆడం ఆయేర్,थमाड / आडम आयेर,Banjara_telugu.docx
అనుకూలమైన,vajako,adj.,/vajakō/,వజకొ,वजको,Banjara_telugu.docx
అనుకోకుండా,achanak,adv.,/acānak/,అచానక్,अचानक,Banjara_telugu.docx
అనుకోవడం,keler,v.,/kēlēr/,కెలేర్,केलेर,Banjara_telugu.docx
అందించు,der,v.,/dēr/,దేర్,देर,Banjara_telugu.docx
అందు వల్ల,jannaj,adv.,/jannāj/,జన్నాజ్,जन्नाज,Banjara_telugu.docx
అందుకని,hanukan / jannaj,adv.,/hanukan/ /jannāj/,హనుకన్ / జన్నాజ్,हनुकान / जन्नाज,Banjara_telugu.docx
అందులో,oma,adv.,/ōmā/,ఓమా,ओमा,Banjara_telugu.docx
అకస్మాత్తుగా,achanak,adv.,/acānak/,అచానక్,अचानक,Banjara_telugu.docx
అక్కడ,otte,adv.,/ōttē/,ఓత్తె,ओत्ते,Banjara_telugu.docx
అక్కడి నుండి,otteti,adv.,/ōttēti/,ఓత్తేతి,ओत्तेति,Banjara_telugu.docx
అడ్డు,ado,n.,/āḍō/,ఆడో,आडो,Banjara_telugu.docx
అడ్డుపడడం,adoayer,v.,/āḍōāyēr/,ఆడొఆయేర్,आडोआयेर,Banjara_telugu.docx
అణచి వెయ్యడం,daman,v.,/daman/,దమన్,दमन,Banjara_telugu.docx
అణుకువ గల,malajeti,adj.,/malājēti/,మలాజేతి,मलाजेति,Banjara_telugu.docx
అణుచు,dab / khund,v.,/dāb/ /khūnd/,దాబ్ / ఖూండ్,दाब / खून्द,Banjara_telugu.docx
అనుభవం గల,anubhav chanjako,adj.,/anubhav cãjakō/,అనుభవ్ ఛఁజకో,अनुभव छंजको,Banjara_telugu.docx
అనుభూతి,mvaje,n.,/mvājē/,మ్వాజె,म्वाजे,Banjara_telugu.docx
అనుమతి,saval puncher,n.,/savāl pūñcēr/,సవాల్ పూంచేర్,सवाल पून्चेर,Banjara_telugu.docx
అనుమతించు,ijajat,v.,/ijājat/,ఇజాజత్,इजाजत,Banjara_telugu.docx
అనుమానం,guman,n.,/gumān/,గుమాన్,गुमान,Banjara_telugu.docx
అనువంశిక,tantya,adj.,/taṇtyā/,తంత్యా,तन्त्या,Banjara_telugu.docx
అన్న,bhiya,n.,/bhīyā/,భీయా,भीया,Banjara_telugu.docx
అన్నం,dhan,n.,/dhān/,ధాన్,धान,Banjara_telugu.docx
అన్నం ఆరగింపు,khayer / khoraki,n.,/khāyēr/ /khorāki/,ఖాయేర్ / ఖొరాకి,खायेर / खोरकि,Banjara_telugu.docx
అన్నం డిప్ప,kotro,n.,/kōṭrō/,కొట్రొ,कोट्रो,Banjara_telugu.docx
అన్ని,se,pron.,/sē/,సే,से,Banjara_telugu.docx
అన్ని తెలిసినవాడు,jnani,n.,/jñāni/,జ్ఞాని,ज्ञानि,Banjara_telugu.docx
అన్నింటి కంటే,seti,adv.,/sēti/,సేతి,सेति,Banjara_telugu.docx
అన్యాయం,aniyayi / nakam / anyayi,n.,/aniyāyi/ /nakām/ /anyāyi/,అనియాయి / ఠాలొ/నకామ్ / అన్యాయి,अनियायि / ठालो/नकाम / अन्यायि,Banjara_telugu.docx
అపజయం,hargo,n.,/hārgō/,హార్గో,हारगो,Banjara_telugu.docx
అపరాధం,jurmana / dand,n.,/jurmāna/ /dāṇḍ/,జుర్మాన / డాండ్,जुर्मान / डाण्ड,Banjara_telugu.docx
అపరిచితమైన,nam an jan,adj.,/nã an jān/,నఁ అన్ జాన్,नं अन जान,Banjara_telugu.docx
అపవిత్రం చెయ్యి,ballakar,v.,/ballākar/,బల్లాకర్,बल्लाकर,Banjara_telugu.docx
అపాయం,chot,n.,/cōṭ/,చోట్,चोट,Banjara_telugu.docx
అపురూపమైన,accoso,adj.,/āccōsō/,ఆచ్చోసొ,आच्चोसो,Banjara_telugu.docx
అప్పగింత,haval,n.,/havāl/,హవాల్,हवाल,Banjara_telugu.docx
అప్పటికప్పుడే,jannar janna,adv.,/jannār jannā/,జన్నార్ జన్న,जन्नार जन्ना,Banjara_telugu.docx
అప్పటికే,angaj / jannaj,adv.,/āṅgaj/ /jannāj/,ఆంగజ్ / జన్నాజ్,आंगज / जन्नाज,Banjara_telugu.docx
అప్పు,baki,n.,/bāki/,బాకి,बाकि,Banjara_telugu.docx
అప్పుడు,janna,adv.,/jannā/,జన్న,जन्ना,Banjara_telugu.docx
అప్రమత్తంగా,jagan,adv.,/jāgan/,జాగన్,जागन,Banjara_telugu.docx
అబ్బాయి,chvara,n.,/cvārā/,ఛ్వారా,च्वारा,Banjara_telugu.docx
అభయం,namcamak,n.,/nãcamak/,నఁచమక్,नंचमक,Banjara_telugu.docx
అభిమానించి,daleti,v.,/dalēti/,దలేతి,दलेति,Banjara_telugu.docx
అభివృద్ధి చెయ్యి,badav,v.,/baḍāv/,బడావ్,बडाव,Banjara_telugu.docx
అమర్చు,atka,v.,/aṭka/,అట్క,अटका,Banjara_telugu.docx
అమర్యాదైన,bana maladero,adj.,/banā malādērō/,బనా మలాదేరొ,बना मलादेरो,Banjara_telugu.docx
అమలు పరుచు,amal kar,v.,/amal kar/,అమల్ కర్,अमल कर,Banjara_telugu.docx
అమాయకులు,an kalta,n.,/an kaḷtā/,అన్ కళ్తా,अन कळ्ता,Banjara_telugu.docx
అమితంగా,jappa,adv.,/jāppā/,జాప్పా,जाप्पा,Banjara_telugu.docx
అమ్మమ్మ,nani,n.,/nāni/,నాని,नानि,Banjara_telugu.docx
అమ్ము,vec,v.,/vēc/,వేచ్,वेच,Banjara_telugu.docx
అయింది,pur vego,v.,/pūr vēgō/,పూర్ వేగో,पूर वेगो,Banjara_telugu.docx
అయితే,to,conj.,/to/,తొ,तो,Banjara_telugu.docx
అయితే ఆమే/లేకుంటే,nato u,adv.,/natō ūṃ/,నతో ఊఁ,नतो ऊं,Banjara_telugu.docx
అయిన,vatoyi,adj.,/vatōyi/,వతోయి,वतोयि,Banjara_telugu.docx
అయినప్పటికీ,toyi,conj.,/tōyi/,తోయి,तोयि,Banjara_telugu.docx
అయ్య,bap,n.,/bāp/,బాప్,बाप,Banjara_telugu.docx
అయ్యగారు,pujari / bamman,n.,/pūjāri/ /bāmmaṇ/,పూజారి / బామ్మణ్,पूजारि / बाम्मण,Banjara_telugu.docx
అరచేయి,hatli,n.,/hatli/,హత్లి,हत्लि,Banjara_telugu.docx
అరటిపండు,kela,n.,/kēḷā/,కేళా,केळा,Banjara_telugu.docx
అరవై,sat,num.,/sāṭ/,సాట్,साट,Banjara_telugu.docx
అరుపు,tukari,n.,/tukari/,తుకారి,तुकारि,Banjara_telugu.docx
అరుస్తుంది,ramri,v.,/rāmri/,రామ్రి,राम्रि,Banjara_telugu.docx
అర్థంలేని,adod chenijako / be matlab,adj.,/adōḍ chēnijakō/ /bē matlab/,అదోడ్ ఛేనిజకొ / బే మత్లబ్,अदोड छेनिजको / बे मतलब,Banjara_telugu.docx
అర్థవంతంగా ఉన్న,samaj vaju,adj.,/samaj vajū/,సమజ్ వజూ,समज वजू,Banjara_telugu.docx
అవాస్తవికం,janan,n.,/jāṇan/,జాణన్,जाणन,Banjara_telugu.docx
అవిటిగా వున్న,lullo,adj.,/lullō/,లుల్లో,लुल्लो,Banjara_telugu.docx
అర్హతగల,arata,adj.,/arata/,అరత,अरता,Banjara_telugu.docx
అవివాహిత,kumvari,n.,/kuṃvāri/,కుఁవారి,कुंवारि,Banjara_telugu.docx
అవివాహితుడు,kumvaro,n.,/kuṃvārō/,కుఁవారో,कुंवारो,Banjara_telugu.docx
అలంకరణ,sodar,n.,/sōdār/,సొదార్,सोदार,Banjara_telugu.docx
అవుతుంది,vero,v.,/vērō/,వేరొ,वेरो,Banjara_telugu.docx
అలంకరించు,sodar,v.,/sōdār/,సొదార్,सोदार,Banjara_telugu.docx
అవును,havam,adv.,/hāva/,హావ,हाव,Banjara_telugu.docx
అలవాటు,dhang,n.,/ḍhaṅg/,ఢంగ్,ढंग,Banjara_telugu.docx
అసంగతమైన,jhammeni,adj.,/jhãmēni/,ఝఁమేని,झंमेनि,Banjara_telugu.docx
అలవాటు పడింది,hali,v.,/haḷī/,హళీ,हळी,Banjara_telugu.docx
అసంపూర్ణమైన,banabaro,adj.,/banābarō/,బనాబరొ,बनाबरो,Banjara_telugu.docx
అలసట లేని,harcheni,adj.,/hārchani/,హార్ఛని,हारछनि,Banjara_telugu.docx
అసంభావితమైన,venijako,adj.,/vēnijakō/,వేనిజకొ,वेनिजको,Banjara_telugu.docx
అలసి పోయిన,hargo,adj.,/hārgō/,హార్గో,हारगो,Banjara_telugu.docx
అసలు,asli,adj.,/āsli/,ఆస్లి,आस्लि,Banjara_telugu.docx
అలాంటి,ornayi,adj.,/ōrnayi/,ఓర్నయి,ओर्नयि,Banjara_telugu.docx
అసహ్యకరమైన,balla dhangero,adj.,/ballā ḍhaṅgērō/,బల్లా ఢంగేరొ,बल्ला ढंगेरो,Banjara_telugu.docx
అలాగే,hanuj,adv.,/hanūj/,హనూజ్,हनूज,Banjara_telugu.docx
అస్తమించు,dusgo / sanj padagi,v.,/ḍūsgō/ /sāñj paḍagi/,డూస్గో / సాంజ్ పడగి,डूसगो / सांज पडगि,Banjara_telugu.docx
అలుకు,limp,v.,/līmp/,లీంప్,लीम्प,Banjara_telugu.docx
అస్వస్థపడు,bimari,v.,/bimāri/,బిమారి,बिमारि,Banjara_telugu.docx
అల్ప పీడనం,jhadi marri,n.,/jhaḍī mārri/,ఝడీ మార్రి,झडी मार्रि,Banjara_telugu.docx
అల్పమైన,dassek,adj.,/dassēk/,దస్సేక్,दस्सेक,Banjara_telugu.docx
అహంకారం,garab,n.,/garab/,గరబ్,गरब,Banjara_telugu.docx
అల్లడం,guntnaker,n.,/gūntnākēr/,గూంత్నాకేర్,गून्तनाकेर,Banjara_telugu.docx
అల్లిక,gant / gunter,n.,/gāṇṭ/ /guntēr/,గాంట్ / గుంతేర్,गाण्ट / गुन्तेर,Banjara_telugu.docx
అల్లుడు,jamayi,n.,/jamāyi/,జమాయి,जमायि,Banjara_telugu.docx
అవకాశాలు,mokha,n.,/mōkhā/,మోఖా,मोखा,Banjara_telugu.docx
అవగతం కాని,kalenijako,adj.,/kaḷēnijakō/,కళేనిజకొ,कळेनिजको,Banjara_telugu.docx
అవగతం లేని మాటలు,thalivate,n.,/ṭhālivātē/,ఠాలివాతే,ठालिवाते,Banjara_telugu.docx
అవగతమైన,adodchajako,adj.,/adōḍcajakō/,అదోడ్చజకొ,अदोडचजको,Banjara_telugu.docx
అవడానికి,venam,v.,/vēnã/,వేనఁ,वेनं,Banjara_telugu.docx
అవతలికి,parvudi,adv.,/parvuḍi/,పర్వుడి,पर्वुडि,Banjara_telugu.docx
అవధి,gettu,n.,/geṭṭu/,గెట్టు,गेट्टु,Banjara_telugu.docx
అవయవాలు,ang / bhage,n.,/aṅg/ /bhāgē/,అంగ్ / భాగే,अंग / भागे,Banjara_telugu.docx
అవసరం,cavamno,n.,/cāvamnō/,చావఁనో,चावंनो,Banjara_telugu.docx
అవస్థ,bhaveti,n.,/bhāvēṭi/,భావేటి,भावेटि,Banjara_telugu.docx
ఆ నడుమలో,vacchesi,adv.,/vaccēsi/,వచ్చేసి,वच्चेसि,Banjara_telugu.docx
ఆ సమయంలో,o velama,adv.,/ō vēḷāmā/,ఓ వేళామా,ओ वेळामा,Banjara_telugu.docx
ఆంగ్లము,inglish,n.,/iṅgliś/,ఇంగ్లీష్,इंग्लीष,Banjara_telugu.docx
ఆంబోతు,sandiya,n.,/sāṇḍiyā/,సాండియా,सांडिया,Banjara_telugu.docx
ఆకట్టుకో,khyancer,v.,/khyāñcēr/,ఖ్యాంచేర్,ख्याञ्चेर,Banjara_telugu.docx
ఆకలి గొను,bhuketi,v.,/bhūkēti/,భూకేతి,भूकेति,Banjara_telugu.docx
ఆకుకూర,mater bhaji,n.,/māṭēr bhāji/,మాటేర్ భాజీ,माटेर भाजी,Banjara_telugu.docx
ఆకుకూరలు,bhaji,n.,/bhāji/,భాజి,भाजि,Banjara_telugu.docx
ఆకులు,pan,n.,/pān/,పాన్,पान,Banjara_telugu.docx
ఆక్రమించు,khabja / dhanyikar,v.,/khabjā/ /ḍhãnyikar/,ఖబ్జా / ఢఁయికర్,खब्जा / ढंयिकर,Banjara_telugu.docx
ఆగడం,tham,n.,/tham/,థమ్,थम,Banjara_telugu.docx
ఆగు,tham,v.,/tham/,థమ్,थम,Banjara_telugu.docx
ఆకస్మిక,acanak,adj.,/acānak/,అచానక్,अचानक,Banjara_telugu.docx
ఆకస్మికమైన,chankesi,adj.,/cãpkēsi/,ఛఁప్కేసి,छंपकेसि,Banjara_telugu.docx
ఆకారం,vanya / rup,n.,/vaṇyā/ /rūp/,వణ్యా / రూప్,वण्या / रूप,Banjara_telugu.docx
ఆచరణ,thakul,n.,/ṭhakul/,ఠకుల్,ठकुल,Banjara_telugu.docx
ఆచార వ్యవహారం,dhang / isti,n.,/ḍhaṅg/ /isti/,ఢంగ్ / ఇస్తి,ढंग / इस्ति,Banjara_telugu.docx
ఆచూకి వున్న,malam chanjako,adj.,/mālaṃ cãjakō/,మాలం ఛఁజకో,मालम छंजको,Banjara_telugu.docx
ఆజ్ఞ,kero / hukum,n.,/kērō/ /hukum/,కేరో / హుకుమ్,కేరో / हुकुम,Banjara_telugu.docx
ఆట పట్టించు,ramader,v.,/ramādēr/,రమాడేర్,रमाडेर,Banjara_telugu.docx
ఆటంక పరువు,bigadayer,v.,/bigaḍāyēr/,బిగడాయేర్,बिगडायेर,Banjara_telugu.docx
ఆటగాడు,khiladi,n.,/khilāḍi/,ఖిలాడి,खिलाडि,Banjara_telugu.docx
ఆటో,atoriksha,n.,/āṭōrikṣā/,ఆటోరిక్షా,ऑटोरिक्षा,Banjara_telugu.docx
ఆడ కప్ప,mitki,n.,/miṭki/,మిట్కి,मिट्कि,Banjara_telugu.docx
ఆడ కుక్క,kotri,n.,/kotri/,కొత్రి,कोत्रि,Banjara_telugu.docx
ఆడ కోతి,vandri,n.,/vāndri/,వాంద్రి,वान्द्रि,Banjara_telugu.docx
ఆడ గాడిద,gaddi,n.,/gaddi/,గద్ది,गद्दि,Banjara_telugu.docx
ఆడ గుర్రం,ghodi,n.,/ghōḍi/,ఘోడి,घोडि,Banjara_telugu.docx
ఆడ గొర్రె,gorli,n.,/gōrli/,గోర్లి,गोर्लि,Banjara_telugu.docx
ఆడ నక్క,sali,n.,/sāḷi/,సాళి,साळि,Banjara_telugu.docx
ఆడ పిల్లి,bissi,n.,/bissi/,బిస్సి,बिस्सि,Banjara_telugu.docx
ఆడ పులి,janavar,n.,/janāvar/,జనావర్,जनावर,Banjara_telugu.docx
ఆడ మేక,cheli,n.,/chēḷī/,ఛేళీ,छेळी,Banjara_telugu.docx
ఆడంగిగా ఉండే,bayela,adj.,/bāyēla/,బాయేల,बायेला,Banjara_telugu.docx
ఆడపంది,suri,n.,/sūri/,సూరి,सूरि,Banjara_telugu.docx
ఆడవారు డబ్బులు దాచుకొనే మడత సంచి,potidya,n.,/potiḍyā/,పొతిడ్యా,पोतिड्या,Banjara_telugu.docx
ఆదివారం,ditvar,n.,/ditvār/,దిత్వార్,दित्वार,Banjara_telugu.docx
ఆదుకో,dekan,v.,/dēkan/,దేకన్,देकन,Banjara_telugu.docx
ఆధరించు,dhanyikido,v.,/ḍhãnyikidō/,ఢఁయికిదొ,ढंयिकिदो,Banjara_telugu.docx
ఆధారపడటం,abadirer,n.,/abādirēr/,అబాదిరేర్,अबादिरेर,Banjara_telugu.docx
ఆధ్యాత్మిక,devepar bhakti,adj.,/dēvēpar bhakti/,దేవేపర్ భక్తి,देवेपर भक्ति,Banjara_telugu.docx
ఆనందంగా,pharagat,adv.,/farāgat/,ఫరాగత్,फरागत,Banjara_telugu.docx
ఆనంధం,khushal,n.,/khuśāl/,ఖుశాల్,खुशाल,Banjara_telugu.docx
ఆనవాలు,nishani,n.,/niśāni/,నిశాని,निशानि,Banjara_telugu.docx
ఆనుకొని ఉండు,chuntan rer,v.,/cūṇṭan rēr/,చూంటన్ రేర్,चून्टन रेर,Banjara_telugu.docx
ఆపండి,thamad,v.,/thamāḍ/,థమాడ్,थमाड,Banjara_telugu.docx
ఆపద,apti / khatra / thakkar,n.,/āpti/ /khatrā/ /ṭhakkar/,ఆప్తి / ఖత్రా / ఠక్కర్,आप्ति / खत्रा / ठक्कर,Banjara_telugu.docx
ఆపు,tham / thamad,v.,/thām/ /thamāḍ/,థామ్ / థమాడ్,థామ్ / థమాడ్,Banjara_telugu.docx
ఆప్యాయతతో,galkero,adv.,/galkērō/,గల్కేరొ,गल्केरो,Banjara_telugu.docx
ఆఫ్రికా ఖండం,aphrika khandam,n. prop.,/āfrikā khaṇḍaṃ/,ఆఫ్రికా ఖండం,आफ्रिका खण्डं,Banjara_telugu.docx
ఆమె,vor,pron.,/vōr/,వోర్,वोर,Banjara_telugu.docx
ఆయుధం,hatyar,n.,/hatyār/,హత్యార్,हत्यार,Banjara_telugu.docx
ఆరబెట్టు,suakayer,v.,/sūkāyēr/,సూకాయేర్,सूकायेर,Banjara_telugu.docx
ఆరిన,pharkaro,adj.,/farkārō/,ఫర్కారో,फर्कारो,Banjara_telugu.docx
ఆరోగ్యంగా,jiveti,adv.,/jīvēti/,జీవేతి,जीवेति,Banjara_telugu.docx
ఆర్పు,ola,v.,/ōlā/,ఒలా,ओला,Banjara_telugu.docx
ఆర్పేయడం,olayer,n.,/ōlāyēr/,ఓలాయేర్,ओलायेर,Banjara_telugu.docx
ఆలస్యం,dhilo,n.,/ḍhīlō/,ఢీలొ,ढीलो,Banjara_telugu.docx
ఆలస్యం చెయ్యి,alasyam kar,v.,/ālasyaṃ kar/,ఆలస్యం కర్,आलस्यं कर,Banjara_telugu.docx
ఆలోచన,khyal,n.,/khyāl/,ఖ్యాల్,ख्याल,Banjara_telugu.docx
ఆవలించు,bagayi mar,v.,/bagāyi mār/,బగాయి మార్,बगायि मार,Banjara_telugu.docx
ఆవాలు,ramyi,n.,/rāṃyi/,రాఁయి,रांयि,Banjara_telugu.docx
ఆవిరి పోవుట,jayer,v.,/jāyēr/,జాయేర్,जायेर,Banjara_telugu.docx
ఆవు,gavli,n.,/gāvli/,గావ్లి,गावलि,Banjara_telugu.docx
ఆశ,asha,n.,/āśa/,ఆశ,आशा,Banjara_telugu.docx
ఆసక్తి,dhyan / khatar,n.,/dhyān/ /khātar/,ధ్యాన్ / ఖాతర్,ధ్యాన్ / खातर,Banjara_telugu.docx
ఆసనం,byas,n.,/byās/,బ్యాస్,ब्यास,Banjara_telugu.docx
ఆసామి,jammedar,n.,/jammēdār/,జమ్మేదార్,जम्मेदार,Banjara_telugu.docx
ఆసియా ఖండం,asiya khandam,n. prop.,/āsiyā khaṇḍaṃ/,ఆసియా ఖండం,आसिया खण्डं,Banjara_telugu.docx
ఆసుపత్రి,davakhana,n.,/davākhānā/,దవాఖానా,दवाखाना,Banjara_telugu.docx
ఆస్తిపాస్తులు,jayijat,n.,/jāyijāt/,జాఁయిజాత్,जांयिजात,Banjara_telugu.docx
ఆహారం,khayer / dhan / khoraki,n.,/khāyēr/ /dhān/ /khorāki/,ఖాయేర్ / ధాన్ / ఖొరాకి,खायेर / धान / खोरकि,Banjara_telugu.docx
ఇంకా,ajji / hajji,adv.,/ajji/ /hajji/,అజ్జి / హజ్జి,अज्जि / हज्जि,Banjara_telugu.docx
ఇంకా చేయి,ajjikar,v.,/ajjikar/,అజ్జికర్,अज्जिकर,Banjara_telugu.docx
ఇంకి పో,khinchago / suntago,v.,/khīñcāgō/ /suṇṭāgō/,ఖించాగొ / సుంతాగొ,खिन्चागो / सुन्तागो,Banjara_telugu.docx
ఇంగ్లాండ్,ingland,n. prop.,/iṅglāṇḍ/,ఇంగ్లాండ్,इन्ग्लान्ड,Banjara_telugu.docx
ఇచ్చాను,dino,v.,/dīnō/,దీనో,दीनो,Banjara_telugu.docx
ఇచ్చి పుచ్చుకోవడం,leni deni,n.,/lēṇi dēṇi/,లేణి దేణి,लेणि देणि,Banjara_telugu.docx
ఇచ్చివేయడం,denak,v.,/dēnāk/,దేనాక్,देनाक,Banjara_telugu.docx
ఇచ్చేవాడు,devalo,n.,/dēvāḷō/,దేవాళో,देवाळो,Banjara_telugu.docx
ఇటీవల,vacchesi / abbesij,adv.,/vaccēsi/ /abbēsij/,వచ్చేసి / అబ్బేసిజ్,वच्चेसि / अब्बेसिज,Banjara_telugu.docx
ఇటు,evodi / vela,adv.,/ēvōḍi/ /vēla/,ఏవొడి / వెల,एवोडि / वेला,Banjara_telugu.docx
ఇటుక,itika,n.,/iṭika/,ఇటిక,इटिका,Banjara_telugu.docx
ఇట్లా,erju / hanu,adv.,/ērju/ /hanu/,ఏర్జు / హను,एर्जु / हनु,Banjara_telugu.docx
ఇతను,i,pron.,/ī/,ఈ,ई,Banjara_telugu.docx
ఇతర,duse,adj.,/dūsē/,దూసే,दूसे,Banjara_telugu.docx
ఇది కాకుంటే,i nanto,adv.,/ī nāntō/,ఈ నఁతో,ई नंतो,Banjara_telugu.docx
ఇది వరకు ఉండేది,jannaveti,adv.,/jannāvēti/,జన్నావేతి,जन्नावेति,Banjara_telugu.docx
ఇదే,ij,pron.,/īj/,ఈజ్,ईज,Banjara_telugu.docx
ఇద్దరి,jodi,adj.,/jōḍi/,జోడి,जोडि,Banjara_telugu.docx
ఇద్దరిపక్క,doyir paktima,adv.,/dōyir pāktimā/,దోయిర్ పాక్తిమా,दोयिर पाक्तिमा,Banjara_telugu.docx
ఇనుము,loyo,n.,/lōyō/,లోయో,लोयो,Banjara_telugu.docx
ఇప్పటి నుండి,abbeti,adv.,/abbēti/,అబ్బేతి,अब्बेति,Banjara_telugu.docx
ఇప్పుడు,abba,adv.,/abba/,అబ్బ,अब्ब,Banjara_telugu.docx
ఇప్పుడే,abhdal / jaldi,adv.,/abhdāl/ /jaldi/,అభ్దాల్ / జల్ది,अभ्दाल / जल्दि,Banjara_telugu.docx
ఇబ్బంది,khatlo,n.,/khaṭlō/,ఖట్లొ,खट्लो,Banjara_telugu.docx
ఇముడ్చుకో,tarema bhella,v.,/tārēmā bhēḷḷa/,తారేమా భేళ్ళ,तारेमा भेळ्ळा,Banjara_telugu.docx
ఇంగ్లికం,inglikam,n.,/iṅglikam/,ఇంగ్లికం,इन्ग्लिकम,Banjara_telugu.docx
ఇంటి పెద్ద,malik,n.,/mālik/,మాలిక్,मालिक,Banjara_telugu.docx
ఇంటి వాసం,gharer vansa,n.,/gharēr vā̃sa/,ఘరేర్ వాఁసా,घरेर वांसा,Banjara_telugu.docx
ఇంద్రజాలం,garadi,n.,/gāraḍi/,గారడి,गारडि,Banjara_telugu.docx
ఇక్కడ,atta,adv.,/atta/,అత్త,अत्त,Banjara_telugu.docx
ఇక్కడే,attaj,adv.,/attaj/,అత్తజ్,अत्तज,Banjara_telugu.docx
ఇరవై,vis,num.,/vīs/,వీస్,वीस,Banjara_telugu.docx
ఇరికించాడు,hapkadino,v.,/hapkādinō/,హప్కాదినో,हप्कादिनो,Banjara_telugu.docx
ఇరుకైన,sankd,adj.,/sāṅkḍ/,సాంక్డ్,साङ्क्ड,Banjara_telugu.docx
ఇరుగు పొరుగు,sam,n.,/sām/,సామ్,साम,Banjara_telugu.docx
ఇరుసు,irusu,n.,/irusu/,ఇరుసు,इरुसु,Banjara_telugu.docx
ఇలా,eru / hanu,adv.,/ēru/ /hanu/,ఏరు / హను,एरु / हनु,Banjara_telugu.docx
ఇల్లాలు,gharvali,n.,/gharvāḷi/,ఘర్వాళి,घर्वाळि,Banjara_telugu.docx
ఇల్లు,bangla / ghar,n.,/baṅglā/ /ghar/,బంగ్లా / ఘర్,बङ्ला / घर,Banjara_telugu.docx
ఇల్లు వాకిలి,gharbar,n.,/gharbār/,ఘర్బార్,घरबार,Banjara_telugu.docx
ఇవాళ,aj,n.,/āj/,ఆజ్,आज,Banjara_telugu.docx
ఇవి,ye,pron.,/yē/,యే,ये,Banjara_telugu.docx
ఇవ్వ వచ్చు,devasu,v.,/dēvāsu/,దేవాసు,देवासु,Banjara_telugu.docx
ఇవ్వడం,der,n.,/dēr/,దేర్,देर,Banjara_telugu.docx
ఇవ్వు,denak,v.,/dēnāk/,దేనాక్,देनाक,Banjara_telugu.docx
ఇష్టం,khayis,n.,/khāyis/,ఖాయిస్,खायिस,Banjara_telugu.docx
ఇసుక,uska,n.,/uskā/,ఉశ్కా,उश्का,Banjara_telugu.docx
ఇసుక దంతు,cintru,n.,/cintru/,చింత్రు,चिन्त्रु,Banjara_telugu.docx
ఇస్తాను,duncu,v.,/dūñcu/,దూఁచు,दूंचु,Banjara_telugu.docx
ఈ,i,pron.,/ī/,ఈ,ई,Banjara_telugu.docx
ఈ నెలలో,i minama,adv.,/ī mīnāmā/,ఈ మీనామా,ई मीनामा,Banjara_telugu.docx
ఈ రోజు,aj,n.,/āj/,ఆజ్,आज,Banjara_telugu.docx
ఈక,pankodar latta,n.,/paṅkōdār laṭṭā/,పంకోడార్ లట్టా,पन्कोदार लट्टा,Banjara_telugu.docx
ఈకలు,ponkodar latta / ponkoda,n.,/poṅkōdār laṭṭa/ /poṅkōḍā/,పొంకొడార్ లట్ట / పోంకోడా,पोन्कोदार लट्टा / पोन्कोडा,Banjara_telugu.docx
ఈగ,makki,n.,/mākki/,మాక్కి,माक्कि,Banjara_telugu.docx
ఈల,sinti,n.,/sīṇṭi/,సీంటి,सीन्टि,Banjara_telugu.docx
ఈట,mita,n.,/mīṭa/,మీట,मीटा,Banjara_telugu.docx
ఈటె,barci,n.,/barci/,బర్చి,बर्ची,Banjara_telugu.docx
ఉంగరం,vinti,n.,/viṇṭi/,వింటి,विन्टि,Banjara_telugu.docx
ఉత్తమమైనది,khub ach,adj.,/khūb āc/,ఖూబ్ ఆచ్,खूब आच,Banjara_telugu.docx
ఉపవాసం ఉండు,bhuko,v.,/bhukō/,భుకొ,भुको,Banjara_telugu.docx
ఉంచు / నియమించు,rakad,v.,/rakāḍ/,రకాడ్,रकाड,Banjara_telugu.docx
ఉంటాయి,racha,v.,/raca/,రచ,रचा,Banjara_telugu.docx
ఉంటుంది,racha,v.,/raca/,రచ,रचा,Banjara_telugu.docx
ఉండకు,ramat,v.,/ramat/,రమత్,रमत,Banjara_telugu.docx
ఉండటం,rero,n.,/rērō/,రేరొ,रेरो,Banjara_telugu.docx
ఉండవచ్చు,revasu,v.,/rēvāsu/,రేవాసు,रेवासु,Banjara_telugu.docx
ఉండాలి,reno,v.,/rēṇō/,రేణో,रेणो,Banjara_telugu.docx
ఉండేది,rero,v.,/rērō/,రేరొ,रेरो,Banjara_telugu.docx
ఉక్క పోత,uklomarer / umas,n.,/ukḷōmārēr/ /umas/,ఉక్ళోమారేర్ / ఉమస్,उक्ळोमारेर / उमस,Banjara_telugu.docx
ఉచితం,phokat,adj.,/fōkaṭ/,ఫొకట్,फोकट,Banjara_telugu.docx
ఉచితంగా,thalo / nakam,adv.,/ṭhālō/ /nakām/,ఠాలొ / నకామ్,ठालो / नकाम,Banjara_telugu.docx
ఉచ్చపోసిన,muddino,adj.,/mūddinō/,మూద్దినో,मूद्दिनो,Banjara_telugu.docx
ఉచ్చు,phando,n.,/fandō/,ఫందొ,फन्दो,Banjara_telugu.docx
ఉడికించు,vakal,v.,/vakāḷ/,వకాళ్,वकाळ,Banjara_telugu.docx
ఉడికింది,sijo,v.,/sījō/,సీజొ,सीजो,Banjara_telugu.docx
ఉడికిన,ukal,adj.,/ukaḷ/,ఉకళ్,उकळ,Banjara_telugu.docx
ఉడుత,garli,n.,/garli/,గర్లి,गर्लि,Banjara_telugu.docx
ఉడుము,goyi,n.,/gōyi/,గోయి,गोयि,Banjara_telugu.docx
ఉత్తరం,karat / lanka,n.,/kāraṭ/ /laṅkā/,కారట్ / లంకా,कारट / लंका,Banjara_telugu.docx
ఉత్తీర్ణత,pas vego,n.,/pās vēgō/,పాస్ వేగో,पास वेगो,Banjara_telugu.docx
ఉత్పత్తి చెయ్యి,janavam,v.,/jaṇāvã/,జణావఁ,जणावं,Banjara_telugu.docx
ఉత్సాహం,ravana,n.,/ravāna/,రవాన,रवाना,Banjara_telugu.docx
ఉదరం,pet,n.,/pēṭ/,పేట్,पेट,Banjara_telugu.docx
ఉదాహరణ,udaharar,n.,/udāhārār/,ఉదాహారార్,उदाहारार,Banjara_telugu.docx
ఉద్దేశ్యపూర్వకంగా,chartllokan / chavanukan,adv.,/cārṭllōkan/ /cavaṇukan/,చార్ట్ల్లోకన్ / చవణుకన్,चार्टल्लोकान / चवणुकान,Banjara_telugu.docx
ఉద్యోగం,naukari,n.,/naukari/,నౌకరి,नौकरि,Banjara_telugu.docx
ఉద్యోగం పై చేయాలని,naukaripar,v.,/naukaripar/,నౌకరిపర్,नौकरिपर,Banjara_telugu.docx
ఉన్న,valo,adj.,/vāḷō/,వాలొ,वाळो,Banjara_telugu.docx
ఉన్నప్పటికి,ratoyi,conj.,/ratōyi/,రతోయ్,रतोयि,Banjara_telugu.docx
ఉపవాసం,bhuko,n.,/bhūkō/,భూకొ,भूको,Banjara_telugu.docx
ఉపసంహరణ,hatoler,n.,/hāṭōlēr/,హాటొలేర్,हाटोलेर,Banjara_telugu.docx
ఉపాయం,odpu / hupam,n.,/ōḍpu/ /hupām/,ఓడ్పు / హుపామ్,ओडपु / हुपाम,Banjara_telugu.docx
ఉప్పు,nun,n.,/nūṇ/,నూణ్,नूण,Banjara_telugu.docx
ఉప్పు నీరు,kharopani,n.,/khārōpāṇī/,ఖారొపాణీ,खारोपाणी,Banjara_telugu.docx
ఉబ్బసం,mosa,n.,/mōsa/,మోస,मोस,Banjara_telugu.docx
ఉబ్బింది,apriyayo,v.,/āpriyāyō/,ఆప్రియాయొ,आप्रियायो,Banjara_telugu.docx
ఉబ్బిన కడుపు,apar jako pet,n.,/āpar jakō pēṭ/,ఆపర్ జకొ పేట్,आपर जको पेट,Banjara_telugu.docx
ఉబ్బెత్తు,phulo,adj.,/fūlō/,ఫూలో,फूलो,Banjara_telugu.docx
ఉబ్బేటట్టు చెయ్యి,apranju kar,v.,/āprãju kar/,ఆప్రఁజు కర్,आप्रंजु कर,Banjara_telugu.docx
ఉమ్మి,thunk,n.,/thūṅk/,థూంక్,थूङ्क,Banjara_telugu.docx
ఉయ్యాల,hinjolo / jhali,n.,/hiñjōḷō/ /jhāḷi/,హింజోళో / ఝాళి,हिन्जोळो / झाळि,Banjara_telugu.docx
ఉరమడం,garaj,n.,/garaj/,గరజ్,गरज,Banjara_telugu.docx
ఉరుము,garaj,n.,/garaj/,గరజ్,गरज,Banjara_telugu.docx
ఉలికిపడ్డ,janjrago,v.,/jañjrāgō/,జంజ్రాగో,जञ्ज्रागो,Banjara_telugu.docx
ఉతకడం,dhoyer,n.,/dhōyēr/,ధోయేర్,धोयेर,Banjara_telugu.docx
ఉన్ని,un,n.,/ūn/,ఊన్,ऊन,Banjara_telugu.docx
ఉల్టా,vallo,adj.,/vallō/,వల్లొ,वल्लो,Banjara_telugu.docx
ఉతకని,lagale,adj.,/lagalē/,లగలే,लगले,Banjara_telugu.docx
ఉపన్యాసం,bhashan,n.,/bhāṣaṇ/,భాషణ్,भाषण,Banjara_telugu.docx
ఉల్లాకు,kandar pan,n.,/kāndār pān/,కాందార్ పాన్,कान्दार पान,Banjara_telugu.docx
ఉత్తగా,thalo / nakam,adv.,/ṭhālō/ /nakām/,ఠాలొ / నకామ్,ठालो / नकाम,Banjara_telugu.docx
ఉపరి తలం,umparer,n.,/umparēr/,ఉంపరేర్,उम्परेर,Banjara_telugu.docx
ఉల్లి గడ్డ,kanda,n.,/kāndā/,కాందా,कान्दा,Banjara_telugu.docx
ఉషారు,humsyari,adj.,/hũsyāri/,హుఁస్యారి,हुंस्यारि,Banjara_telugu.docx
ఉత్తమ,ach,adj.,/āc/,ఆచ్,आच,Banjara_telugu.docx
ఊగు,hinch,v.,/hīñc/,హీంచ్,हीञ्च,Banjara_telugu.docx
ఊపిరి,vams,n.,/vā̃s/,వాఁస్,वांस,Banjara_telugu.docx
ఊపిరితిత్తులు,phyangpro,n.,/fyāmprō/,ఫ్యాంప్రొ,फ्याम्प्रो,Banjara_telugu.docx
ఊరికే,janan,adv.,/jāṇan/,జాణన్,जाणन,Banjara_telugu.docx
ఊరు,gam,n.,/gām/,గామ్,गाम,Banjara_telugu.docx
ఊరేగింపు,julus,n.,/julūs/,జులూస్,जुलूस,Banjara_telugu.docx
ఊసరవెల్లి,dakja ghodo,n.,/ḍākjā ghōḍō/,డాక్జా ఘోడొ,डाक्जा घोडो,Banjara_telugu.docx
ఊహించలేక,sonchekoni,adv.,/sōñcēkōni/,సోంచెకొని,सोन्चेकोनि,Banjara_telugu.docx
ఊడ్చు వాడు,barevalo,n.,/bārēvāḷō/,బారేవాళో,बारेवाळो,Banjara_telugu.docx
ఊపు,hala,v.,/halā/,హలా,हला,Banjara_telugu.docx
ఊత కర్ర,tekan caler lakshi,n.,/ṭēkan cālēr lakṣī/,టేకన్ చాలేర్ లక్షీ,टेकान चालेर लक्षी,Banjara_telugu.docx
ఊయల,hindodo,n.,/hindōḍō/,హిందొడొ,हिन्दोडो,Banjara_telugu.docx
ఊదడం,phunkar,n.,/fuṅkār/,ఫుంకార్,फुंकार,Banjara_telugu.docx
ఊరగాయ,khvadi,n.,/khvāḍi/,ఖ్వాడి,ख्वाडि,Banjara_telugu.docx
ఊదు,phunkar,v.,/fuṅkār/,ఫుంకార్,फुंकार,Banjara_telugu.docx
ఊరటం,sangpher,n.,/sāṅgfēr/,సాంగ్ఫేర్,सांगफेर,Banjara_telugu.docx
ఋషి,muni,n.,/muni/,ముని,मुनि,Banjara_telugu.docx
ఎగుడు దిగుడుగా ఉన్న,khanca,adj.,/khāñcā/,ఖాంచా,खांचा,Banjara_telugu.docx
ఎదురుదెబ్బ,dhakka,n.,/dhakkā/,ధక్కా,धक्का,Banjara_telugu.docx
ఎండ గొట్టడం,tav domarri,v.,/tāv ḍōmārri/,తావ్ డోమార్రి,ताव डोमार्रि,Banjara_telugu.docx
ఎదుర్కొను,khev,v.,/khēv/,ఖేవ్,खेव,Banjara_telugu.docx
ఎండగా,tadko,adv.,/taḍkō/,తడ్కొ,तडको,Banjara_telugu.docx
ఎదుర్కోవడం,hata,v.,/haṭā/,హటా,हटा,Banjara_telugu.docx
ఎండలో ఎండిన,tadkima sukan,adj.,/taḍkimā sukān/,తడ్కిమా సుకాన్,तडकिमा सुकान,Banjara_telugu.docx
ఎండాకాలం వేసవి,undalo,n.,/undāḷō/,ఉందాళో,उन्दाळो,Banjara_telugu.docx
ఎండిన,suko / suk,adj.,/sūkō/ /sūk/,సూకొ / సూక్,सूको / सूक,Banjara_telugu.docx
ఎంత,kanyikana / kassenam,adv.,/kā̃yikanã/ /kassēnã/,కాఁయికనఁ / కస్సేనఁ,कांयिकानं / कस्सेनं,Banjara_telugu.docx
ఎకరం,ekar,n.,/ēkar/,ఎకర్,एकर,Banjara_telugu.docx
ఎక్కడ,katta,adv.,/katta/,కత్త,कत्त,Banjara_telugu.docx
ఎక్కి ఎక్కి,hupki,adv.,/hupkī/,హుప్కీ,हुप्की,Banjara_telugu.docx
ఎక్కు,chand,v.,/cãḍ/,చఁడ్,चंड,Banjara_telugu.docx
ఎగురు,kud,v.,/kūd/,కూద్,कूद,Banjara_telugu.docx
ఎటు,kevi,adv.,/kēvi/,కేవి,केवि,Banjara_telugu.docx
ఎట్లా,kum,adv.,/kū̃/,కూఁ,कूं,Banjara_telugu.docx
ఎట్లైనా,kumyiti,adv.,/kū̃yiti/,కూఁయితి,कूंयिति,Banjara_telugu.docx
ఎడమ,dav,adj.,/ḍāv/,డావ్,डाव,Banjara_telugu.docx
ఎడారి,uskyar bid,n.,/uskyār bīḍ/,ఉస్క్యార్ బీడ్,उस्क्यार बीड,Banjara_telugu.docx
ఎత్తి చూపడం,padan dikal,v.,/pāḍan dikāḷ/,పాడన్ దికాళ్,पाडन दिकाळ,Banjara_telugu.docx
ఎత్తు,uncha,n.,/uñca/,ఉంచ,उञ्चा,Banjara_telugu.docx
ఎత్తుకు ఎదుగు,badga,v.,/baḍgā/,బడ్గా,बडगा,Banjara_telugu.docx
ఎద్దు,balad,n.,/baḷad/,బళద్,बळद,Banjara_telugu.docx
ఎనభై,assi,num.,/assi/,అస్సి,अस्सि,Banjara_telugu.docx
ఎనిమిది,at,num.,/āṭ/,ఆట్,आट,Banjara_telugu.docx
ఎన్ని,katri,adv.,/katri/,కత్రి,कत्रि,Banjara_telugu.docx
ఎన్నిక,chunler / ot,n.,/cunlēr/ /ōṭ/,చున్లేర్ / ఓట్,चुन्लेर / ओट,Banjara_telugu.docx
ఎన్నో,katrayiko,adj.,/katrāyikō/,కత్రాయికో,कत्रायिको,Banjara_telugu.docx
ఎప్పటికప్పుడు,jannar janna,adv.,/jannār jannā/,జన్నార్ జన్న,जन्नार जन्ना,Banjara_telugu.docx
ఎప్పుడు,kanna,adv.,/kanna/,కన్న,कन्ना,Banjara_telugu.docx
ఎముక,hadka / hadaka,n.,/haḍkā/ /haḍaka/,హడ్కా / హడక,हडका / हडका,Banjara_telugu.docx
ఎక్కువ,jyada / bader / asman / ras / jappa,adj.,/jyādā/ /baḍēr/ /asmān/ /rās/ /jāppā/,జ్యాదా / బడేర్ / అస్మాన్ / రాస్ / జాప్పా,ज्यादा / बडेर / आस्मान / रास / जाप्पा,Banjara_telugu.docx
ఎక్కువ కావడం,badjayer,v.,/baḍjāyēr/,బడ్జాయేర్,बड्जायेर,Banjara_telugu.docx
ఎక్కువ చేయు,ghano kar,v.,/ghaṇō kar/,ఘణో కర్,घणो कर,Banjara_telugu.docx
ఎగ పోయడం,varader,v.,/varāḍēr/,వరాడేర్,वराडेर,Banjara_telugu.docx
ఎగతాళి అపహాస్యం,maskari,n.,/maskari/,మస్కరి,मस्करि,Banjara_telugu.docx
ఎగబాకు,chand,v.,/cãḍ/,చఁడ్,चंड,Banjara_telugu.docx
ఎగరడం,bam,v.,/bam/,బమ్,बम,Banjara_telugu.docx
ఎగరడము,vader,n.,/vaḍēr/,వడేర్,वडेर,Banjara_telugu.docx
ఎగిరిపోవడం,vado,v.,/vaḍō/,వడో,वडो,Banjara_telugu.docx
ఎగిరిపడు,vachkalan pader,v.,/vackaḷan paḍēr/,వచ్కళన్ పడేర్,वच्कळन पडेर,Banjara_telugu.docx
ఎత్తుకో,palda,v.,/pālḍa/,పాల్డ,पाल्डा,Banjara_telugu.docx
ఎత్తులోకి వెళ్ళే దారి,chadav,n.,/caḍāvō/,చడావొ,चडावो,Banjara_telugu.docx
ఎత్తేయడం,panaker,v.,/pāṇākēr/,పాణాకేర్,पाणाकेर,Banjara_telugu.docx
ఎత్తైన,umpram / vuncher,adj.,/umprã/ /vuñcēr/,ఉంప్రఁ / వుంచేర్,उम्प्रं / वुञ्चेर,Banjara_telugu.docx
ఎత్తైన వ్యక్తి,tangalo,n.,/ṭāṅgāḷō/,టాంగాళో,टांगाळो,Banjara_telugu.docx
ఎదగడం,vadago,v.,/vadagō/,వదగో,वदगो,Banjara_telugu.docx
ఎదిరించు,hato / hata,v.,/hāṭō/ /haṭā/,హాటో / హటా,हाटो / हटा,Banjara_telugu.docx
ఎదురు,samnak / angam,adv.,/samnāk/ /āṅgã/,సమ్నాక్ / ఆంగఁ,सम्नाक / आंगं,Banjara_telugu.docx
ఎదురుగా వచ్చు,munang,v.,/muṇāṅg/,ముణాంగ్,मुणांग,Banjara_telugu.docx
ఎరిగిన తెలిపిన,malam,adj.,/mālaṃ/,మాలం,मालम,Banjara_telugu.docx
ఎరుక,malamvegi,n.,/mālaṃvēgi/,మాలంవేగి,मालमवेगि,Banjara_telugu.docx
ఎరుగు,malamchanjako,v.,/mālaṃcãjakō/,మాలంచఁజకో,मालमछंजको,Banjara_telugu.docx
ఎరుపు,ratlo,n.,/rātlō/,రాత్లో,रात्लो,Banjara_telugu.docx
ఎరువు,dava,n.,/davā/,దవా,दवा,Banjara_telugu.docx
ఎర్ర,raldo,adj.,/rāldō/,రాల్డో,రాల్డో,Banjara_telugu.docx
ఎర్రలు వానపాము,sopiliya,n.,/sōpīḷiyā/,సోపీళియా,सोपीळिया,Banjara_telugu.docx
ఎలా,kunkan / kum,adv.,/kuṅkan/ /kū̃/,కుంకన్ / కూఁ,कुंकन / कूं,Banjara_telugu.docx
ఎలా పడితే అలా,kumvajum,adv.,/kũvajũ/,కుఁవజుఁ,कुंवजुं,Banjara_telugu.docx
ఎలాగైనా,pakka / kuyimti,adv.,/pakkā/ /kuyĩti/,పక్కా / కుయిఁతి,पक्का / कुयिंति,Banjara_telugu.docx
ఎదురుచూపులు,vat jo,n.,/vāṭ jō/,వాట్ జో,वाट जो,Banjara_telugu.docx
ఎలుక,undar,n.,/undar/,ఉందర్,उन्दर,Banjara_telugu.docx
ఎల్లవేళలా,kannayitoyi,adv.,/kannāyitōyi/,కన్నాయితోయి,कन्नायितोयि,Banjara_telugu.docx
ఎల్లి గడ్డ / ఎల్లి పాయ,nassan / lassan,n.,/nassaṇ/ /lassaṇ/,నస్సణ్ / లస్సణ్,नस्सण / लस्सण,Banjara_telugu.docx
ఎవరితోనైనా,ketivatoyi,pron.,/kētivatōyi/,కేతివతోయి,केतिवतोयि,Banjara_telugu.docx
ఎవరిది,keniti,pron.,/kēniti/,కేనితి,केनिति,Banjara_telugu.docx
ఎవరు,kun / kun,pron.,/kūṇ/ /kūṇ/,కూణ్ / కూణ్,कूण / कूण,Banjara_telugu.docx
ఎవరైనా,kuniti,pron.,/kuṇiti/,కుణితి,कुणिति,Banjara_telugu.docx
ఏ దిగులు లేని,bana,adj.,/banā/,బనా,बना,Banjara_telugu.docx
ఏమో,kanyiko,adv.,/kā̃yikō/,కాఁయికో,कांयिको,Banjara_telugu.docx
ఏకం చేయి,ek kar,v.,/ēk kar/,ఏక్ కర్,एक कर,Banjara_telugu.docx
ఏదైనా,kunasiti,pron.,/kuṇasiti/,కుణసితి,कुणसिति,Banjara_telugu.docx
ఏరు,chebri vin,n.,/chēbri viṇ/,ఛేబ్రి విణ్,छेब्रि विण,Banjara_telugu.docx
ఏకాంతం,chyant,n.,/chyāṇṭ/,ఛ్యాంట్,छ्यान्ट,Banjara_telugu.docx
ఏకీకరించు,eka karer,v.,/ēka karēr/,ఏక కరేర్,एक करेर,Banjara_telugu.docx
ఏదో,kanyiko,pron.,/kā̃yikō/,కాఁయికో,कांयिको,Banjara_telugu.docx
ఏడాది,varas,n.,/varas/,వరస్,वरस,Banjara_telugu.docx
ఏడో నెల,satme mina,n.,/sātmē mīnā/,సాత్మే మీనా,सात्मे मीना,Banjara_telugu.docx
ఏమి,kanyi,pron.,/kā̃yi/,కాఁయి,कांयि,Banjara_telugu.docx
ఏర్పరచు,bana,v.,/baṇā/,బణా,बणा,Banjara_telugu.docx
ఏమీ లేనిదైన,sunobhat,adj.,/sūnōbhaṭ/,సూనోభట్,सूनोभट,Banjara_telugu.docx
ఏర్పాటు,savalat,n.,/savalat/,సవలత్,सवलत,Banjara_telugu.docx
ఐతది,veja,v.,/vējā/,వేజా,वेजा,Banjara_telugu.docx
ఐదు,panch,num.,/pāñc/,పాంచ్,पाञ्च,Banjara_telugu.docx
ఐదుగురి,panchir,adj.,/pāñcīr/,పాంచీర్,पाञ्चीर,Banjara_telugu.docx
ఒంటరి,yello,adj.,/yēllō/,ఏల్లొ,येल्लो,Banjara_telugu.docx
ఒంటరిగా,yekloj / chiyant,adv.,/yēklōj/ /chiyāṇṭ/,ఏక్లోజ్ / ఛియాంట్,येक्लोज / छियान्ट,Banjara_telugu.docx
ఒకరికి ఒక్కరు,yekin yek,pron.,/ekīn yēk/,ఎకీన్ ఏక్,एकीन एक,Banjara_telugu.docx
ఒడంబడిక,sulaha,n.,/sulahā/,సులహా,सुलहा,Banjara_telugu.docx
ఒంటె,huntadi,n.,/huṇṭaḍi/,హుంటడి,हुन्टडि,Banjara_telugu.docx
ఒకే,yekkaj,adj.,/ekkaj/,ఎక్కజ్,एक्कज,Banjara_telugu.docx
ఒడ్డు,pal / dari,n.,/pāḷ/ /dari/,పాళ్ / దరి,पाळ / दरि,Banjara_telugu.docx
ఒక,yek,num.,/yēk/,ఏక్,एक,Banjara_telugu.docx
ఒకేలా,yekkaj,adv.,/ekkaj/,ఎక్కజ్,एक्कज,Banjara_telugu.docx
ఒడ్డుపై తీసి వెయ్యి,palepa,v.,/pāḷēpa/,పాళెప,पाळेपा,Banjara_telugu.docx
ఒక దానిని,yekkinam,pron.,/ekkinã/,ఎక్కినఁ,एक्किनं,Banjara_telugu.docx
ఒక్క నిమిషం,ghadiya,n.,/ghaḍiyā/,ఘడియా,घडिया,Banjara_telugu.docx
ఒక రకమైన నగలు,kanak,n.,/kāṇāk/,కాణాక్,काणाक,Banjara_telugu.docx
ఒక్కటే,yekkaj,num.,/ekkaj/,ఎక్కజ్,एक्कज,Banjara_telugu.docx
ఒప్పందము,karar,n.,/karār/,కరార్,करार,Banjara_telugu.docx
ఒక వైపు,valpachanam,adv.,/valpacanaṃ/,వల్పచనం,वल्पचनं,Banjara_telugu.docx
ఒప్పించు,pura,v.,/purā/,పురా,पुरा,Banjara_telugu.docx
ఒకటి,yek,num.,/yēk/,ఏక్,एक,Banjara_telugu.docx
ఒక్కరినే,yeklina,pron.,/yēklīna/,ఏక్లీన,एकलीना,Banjara_telugu.docx
ఒప్పుకో,manla,v.,/mānla/,మాన్ల,मानला,Banjara_telugu.docx
ఒకడినే,yekloj,pron.,/yēklōj/,ఏక్లోజ్,येक्लोज,Banjara_telugu.docx
ఒక్కరు,yekkaj,pron.,/ekkaj/,ఎక్కజ్,एक्कज,Banjara_telugu.docx
ఒరగడం,adker,n.,/aḍkēr/,అడ్కేర్,अडकेर,Banjara_telugu.docx
ఒకదాంట్లో ఇంకొకటి,yekimayek,adv.,/yēkīmāyēk/,ఏకీమాఏక్,एकीमाएक,Banjara_telugu.docx
ఒక్కొక్కడు,yekyek,pron.,/yēkyēk/,ఏక్ఎక్,एकएक,Banjara_telugu.docx
ఒకరి,yekkir,pron.,/yekkir/,ఎక్కిర్,एक्किर,Banjara_telugu.docx
ఒక్కొక్కసారి,yekek tayi,adv.,/yēkēk tāyi/,ఏకేక్ తాయి,एकेक तायि,Banjara_telugu.docx
ఓటమి,hargo,n.,/hārgō/,హార్గో,हारगो,Banjara_telugu.docx
ఓటు,ot,n.,/ōṭ/,ఓట్,ओट,Banjara_telugu.docx
ఓదార్పు,manader,n.,/manādēr/,మనాదేర్,मनादेर,Banjara_telugu.docx
ఓర్చుకోడం,tamas,n.,/tāmas/,తామస్,तामस,Banjara_telugu.docx
ఓర చూపు చూస్తున్నాడు,adiankiti dekro,v.,/āḍiāṅkiti dēkrō/,ఆడిఆంకితి దేక్రో,आडिआंकिति देक्रो,Banjara_telugu.docx
ఓర్చుకోను,samal,v.,/sāmāḷ/,సమాళ్,सामाळ,Banjara_telugu.docx
ఓర్పు,opkyi,n.,/ōpkyi/,ఒప్క్యి,ओप्यि,Banjara_telugu.docx
ఓణీ,oni,n.,/ōṇī/,ఓణీ,ओणी,Banjara_telugu.docx
ఓర్చుకో,kham lam,v.,/kham lã/,ఖమ్ లఁ,खम लं,Banjara_telugu.docx
ఓదార్చు,samjam,v.,/samjã/,సమ్జాఁ,सम्जां,Banjara_telugu.docx
ఓర్చుకోగలగటం,khev r,n.,/khēv r/,ఖేవ్ ర్,खेव र,Banjara_telugu.docx
కాచుకొని ఉండు,gandigasevalo,v.,/gaṇḍigāsēvāḷō/,గండిగాసేవాళో,गन्डिगासेवाळो,Banjara_telugu.docx
కంకణం,kolda,n.,/kolḍā/,కొల్డా,कोल्डा,Banjara_telugu.docx
కంకర,kankra / kankara,n.,/kāṅkra/ /kaṅkara/,కాంక్ర / కంకర,कांक्र / कंकरा,Banjara_telugu.docx
కడ్డి,salak,n.,/salāk/,సలాక్,सलाक,Banjara_telugu.docx
కర్ణభేరి,gubli,n.,/gubli/,గుబ్లి,गुబ్లి,Banjara_telugu.docx
కర్తవ్యం / బాధ్యత / పని,karvayi,n.,/kārvāyi/,కార్వాయి,कारवायि,Banjara_telugu.docx
కంకి,makka / sarra,n.,/makkā/ /sarrā/,మక్కా / సర్రా,मक्का / सर्रा,Banjara_telugu.docx
కణతి,kanti,n.,/kanti/,కంతి,कन्ति,Banjara_telugu.docx
కర్మ,ghadi / nasib,n.,/ghaḍi/ /nasīb/,ఘడి / నసీబ్,घडि / नसीब,Banjara_telugu.docx
కంచె,vad,n.,/vāḍ/,వాడ్,वाड,Banjara_telugu.docx
కత్తి,pasna / talvar / chamri,n.,/pāsnā/ /talvār/ /chãri/,పాస్నా / తల్వార్ / ఛఁరి,पास्ना / तलवार / छँरि,Banjara_telugu.docx
కంటె,hamslo,n.,/hā̃slō/,హాఁస్లో,हांस्लो,Banjara_telugu.docx
కత్తి పీట,kattu,n.,/kāṭṭu/,కాట్టు,काट्टु,Banjara_telugu.docx
కల,sapano,n.,/sapanō/,సపనో,सपनो,Banjara_telugu.docx
కండ,lvala,n.,/lvāḷā/,ల్వాళా,ल्वाळा,Banjara_telugu.docx
కత్తిరించు,kotar / kater,v.,/kotar/ /kāṭēr/,కొతర్ / కాటెర్,कोतर / काटेर,Banjara_telugu.docx
కలం,ponti,n.,/poṇṭi/,పొంటి,पोन्टि,Banjara_telugu.docx
కండరాలు,mas,n.,/mās/,మాస్,मास,Banjara_telugu.docx
కత్తెర,kotadni,n.,/kotaḍni/,కొతడ్ని,कोतड्नि,Banjara_telugu.docx
కలగలుపడం,bhel bhal,n.,/bhēḷ bhāḷ/,భేళ్ భాళ్,भेळ भाळ,Banjara_telugu.docx
కండరాలు గల,mams bharo,adj.,/mā̃s bharō/,మాఁస్ భరొ,मांस भरो,Banjara_telugu.docx
కదలకుండా,nahalaju,adv.,/nãhālajū/,నఁహాలజూ,नंहालजू,Banjara_telugu.docx
కలత కలిగించు,bigadayer,v.,/bigaḍāyēr/,బిగడాయేర్,बिगडायेर,Banjara_telugu.docx
కలత చెందు,chamak,v.,/camak/,చమక్,चमक,Banjara_telugu.docx
కందకం,khandam,n.,/khandaṃ/,ఖందం,खन्दं,Banjara_telugu.docx
కదల్చడం,hala,n.,/halā/,హలా,हला,Banjara_telugu.docx
కలప,lakadi,n.,/lakaḍi/,లకడి,लकडि,Banjara_telugu.docx
కందగడ్డ,sakkar gand,n.,/sakkar gand/,సక్కర్ గంద్,शक्कर गन्द,Banjara_telugu.docx
కదిలించు,hala,v.,/halā/,హలా,हला,Banjara_telugu.docx
కలపడం,eka karer,n.,/ēka karēr/,ఏక కరేర్,एक करेर,Banjara_telugu.docx
కందిరీగ,tatiya,n.,/ṭāṭiya/,టాటియ,टाटिया,Banjara_telugu.docx
కలవడానికి,bhalenam,v.,/bhaḷēnã/,భళేనఁ,भळेनं,Banjara_telugu.docx
కంప,dhira,n.,/ḍhīrā/,ఢీరా,ढीरा,Banjara_telugu.docx
కదులు,sarka,v.,/sarkā/,సర్కా,सर्का,Banjara_telugu.docx
కలవరిస్తున్నావు,bakr,v.,/bakr/,బక్ర్,बक्र,Banjara_telugu.docx
కంపనం,dhujer,n.,/dhūjēr/,ధూజేర్,धूजेर,Banjara_telugu.docx
కనపడు,dika,v.,/dikā/,దికా,दिका,Banjara_telugu.docx
కనిపించకుండా పోవడం / మాయమవ్వు,mayaver,v.,/māyāvēr/,మాయావేర్,मायावेर,Banjara_telugu.docx
కలిసారు,bhale,v.,/bhaḷē/,భళె,भळे,Banjara_telugu.docx
కంసాలి,sanar,n.,/sanār/,సనార్,सनार,Banjara_telugu.docx
కలుపు,bhele / kalap,v.,/bhēḷē/ /kalap/,భేళే / కలప్,भेळे / कलप,Banjara_telugu.docx
కక్కు,dakanni,n.,/ḍākaṇṇi/,డాకణ్ణి,डाकण्णि,Banjara_telugu.docx
కనిపించే,dikavajako,adj.,/dikāvajakō/,దికావజకో,दिकावजको,Banjara_telugu.docx
కలుపు తీసే పరికరం,gudeli,n.,/gudēli/,గుదేలి,गुदेलि,Banjara_telugu.docx
కక్ష్య,gheran,n.,/ghēran/,ఘేరన్,घेरान,Banjara_telugu.docx
కనుక్కో,dhund,v.,/ḍhūṇḍ/,ఢూండ్,ढूण्ड,Banjara_telugu.docx
కలుపు మొక్కలు,kalap,n.,/kalap/,కలప్,कलप,Banjara_telugu.docx
కచ్చితంగా,barobar / khara khandi,adv.,/barōbar/ /kharā khaṇḍi/,బరోబర్ / ఖరా ఖండి,बरोबर / खरा खन्डि,Banjara_telugu.docx
కనుగొను,dhund / malamkar,v.,/ḍhūṇḍ/ /mālaṃkar/,ఢూండ్ / మాలంకర్,ढूण्ड / मालमकर,Banjara_telugu.docx
కటకం,arsi,n.,/ārsi/,ఆర్సి,आर्सि,Banjara_telugu.docx
కటికోడు,khatik,n.,/khaṭik/,ఖటిక్,खटिक,Banjara_telugu.docx
కనుగొన్నాను,malamkar do,v.,/mālaṃkar do/,మాలంకర్ దొ,मालमकर दो,Banjara_telugu.docx
కలుసు,bhale,v.,/bhaḷē/,భళె,भळे,Banjara_telugu.docx
కల్పనా,sapano,n.,/sapanō/,సపనో,सपनो,Banjara_telugu.docx
కల్లు,sindi,n.,/sīndi/,సీంది,సీन्दि,Banjara_telugu.docx
కళ్ళజోడు,kajal,n.,/kājaḷ/,కాజళ్,काजळ,Banjara_telugu.docx
కళ్ళు మిటకరించు,tamkar,v.,/ṭamkār/,టమ్కార్,टमकार,Banjara_telugu.docx
కన్నీరు,hamsu,n.,/hā̃su/,హాఁసు,हांसु,Banjara_telugu.docx
కన్ను,anki,n.,/āṅki/,ఆంకి,आंकि,Banjara_telugu.docx
కప్పబడిన,buran jako,adj.,/būran jakō/,బూరన్ జకో,बूरन जको,Banjara_telugu.docx
కప్పు,chap,v.,/chāp/,ఛాప్,छाप,Banjara_telugu.docx
కప్పుకునేది,oder,n.,/ōḍēr/,ఓడేర్,ओडेर,Banjara_telugu.docx
కమలిన,darmago,adj.,/darmāgō/,దర్మాగొ,दर्मागो,Banjara_telugu.docx
కమ్మరి,kamar,n.,/kamār/,కమార్,कमार,Banjara_telugu.docx
కరిగించు,gal,v.,/gāḷ/,గాళ్,गाळ,Banjara_telugu.docx
కరిగినది,galo,adj.,/gaḷō/,గళొ,गळो,Banjara_telugu.docx
కరుగు,paragal,v.,/paragaḷ/,పరగళ్,परगळ,Banjara_telugu.docx
కట్ట,binda / pal,n.,/biṇḍā/ /pāḷ/,బిండా / పాళ్,बिन्डा / पाळ,Banjara_telugu.docx
కట్టడి,hamla,n.,/hamlā/,హమ్లా,हमला,Banjara_telugu.docx
కట్టని,chuto,adj.,/chūṭō/,ఛూటొ,छूटो,Banjara_telugu.docx
కట్టిన,mandejako,adj.,/māṇḍejakō/,మాండెజకో,मान्डेजको,Banjara_telugu.docx
కట్టు,pato,v.,/pāṭō/,పాటొ,पाटो,Banjara_telugu.docx
కట్టుకథ,thalivate,n.,/ṭhālivātē/,ఠాలివాతే,ठालिवाते,Banjara_telugu.docx
కట్టుకోవడం,pyar,v.,/pyār/,ప్యార్,प्यार,Banjara_telugu.docx
కట్టుబడు,vatema rer,v.,/vātēmā rēr/,వాతేమా రేర్,वातेमा रेर,Banjara_telugu.docx
కట్టుబాటు,katbhand,n.,/kaṭbhand/,కట్భంద్,कटभन्द,Banjara_telugu.docx
కట్టేవాడు,bhandevalo,n.,/bhāndēvāḷō/,భాందేవాళో,भान्देवाळो,Banjara_telugu.docx
కట్ల పాము,bandevalo sap,n.,/bandevāḷō sāp/,బందెవాళో సాప్,बन्देवाळो साप,Banjara_telugu.docx
కడకు,kosan,adv.,/kosān/,కొసాన్,कोसान,Banjara_telugu.docx
కడగడం,safkirer,v.,/sāfkirēr/,సాఫ్కిరేర్,साफकिरेर,Banjara_telugu.docx
కడిగివేయడం,dhonaker,v.,/dhonākēr/,ధొనాకేర్,धोनाकेर,Banjara_telugu.docx
కడియం,kolda,n.,/kolḍā/,కొల్డా,कोल्डा,Banjara_telugu.docx
కడుగు,dho,v.,/dhō/,ధో,धो,Banjara_telugu.docx
కన్నం,vej / dalda,n.,/vēj/ /dalḍā/,వేజ్ / దల్డా,वेज / दल्डा,Banjara_telugu.docx
కన్నాలు చేసే పరికరం,barma,n.,/barma/,బర్మ,बर्मा,Banjara_telugu.docx
కవచం,umparer,n.,/umparēr/,ఉంపరేర్,उम्परेर,Banjara_telugu.docx
కవర్,jab,n.,/jāb/,జాబ్,जाब,Banjara_telugu.docx
కష్టం,vela,n.,/vēla/,వేల,वेला,Banjara_telugu.docx
కసాయివాడు,khatik,n.,/khaṭik/,ఖటిక్,खटिक,Banjara_telugu.docx
కసిరించుకోవడం,hadkar,n.,/haḍkār/,హడ్కార్,हडकार,Banjara_telugu.docx
కాంతి,jot,n.,/jōt/,జోత్,जोत,Banjara_telugu.docx
కాకపోతే,nikan,adv.,/nikāṇ/,నికాణ్,निकान,Banjara_telugu.docx
కాకర కాయ,karela,n.,/karēlā/,కరేలా,करेला,Banjara_telugu.docx
కాకర తీగ,karlar vel,n.,/karlār vēl/,కర్లార్ వేల్,कर्लार वेल,Banjara_telugu.docx
కాకి,kakla,n.,/kākla/,కాక్ల,काक्ला,Banjara_telugu.docx
కాగడా,kola,n.,/kōla/,కోల,कोला,Banjara_telugu.docx
కాగితం,chiluku,n.,/ciluku/,చిలుకు,चिलुकु,Banjara_telugu.docx
కాడి,kanni,n.,/kānni/,కాన్ని,कान्नि,Banjara_telugu.docx
కాదు,koni / veni,adv.,/kōni/ /vēni/,కోని / వేని,कोनि / वेनि,Banjara_telugu.docx
కాని,napan,conj.,/napaṇ/,నపణ్,नपण,Banjara_telugu.docx
కానీ,lapan,conj.,/lapaṇ/,లపణ్,लपण,Banjara_telugu.docx
కానుక,kankya,n.,/kānkya/,కాన్క్య,कान्क्या,Banjara_telugu.docx
కాపలా,kavli,n.,/kāvli/,కావ్లి,कावलि,Banjara_telugu.docx
కాపురస్థుడు,gharevalo / nivasi,n.,/gharēvāḷō/ /nivāsi/,ఘరేవాళో / నివాసి,घरेवाळो / निवासि,Banjara_telugu.docx
కాబట్టి (కావున),jana,conj.,/janā/,జనా,जना,Banjara_telugu.docx
కామెర్లు,piliya,n.,/piḷiya/,పిళియ,पिळिया,Banjara_telugu.docx
కారణం,saval puncher,n.,/savāl pūñcēr/,సవాల్ పూంచేర్,सवाल पून्चेर,Banjara_telugu.docx
కారి పోయింది,raddo,v.,/raddō/,రద్దో,रद्दो,Banjara_telugu.docx
కారుట,chuva,v.,/cuvã/,చువఁ,चुवं,Banjara_telugu.docx
కార్ఖానా,karkhana,n.,/kārkhānā/,కార్ఖానా,कार्खाना,Banjara_telugu.docx
కార్యాలయం,daftar,n.,/daftar/,దఫ్తర్,दफ्तर,Banjara_telugu.docx
కాలం,samiyam,n.,/samiyāṃ/,సమియాఁ,समियां,Banjara_telugu.docx
కాలిపోవడం,balo,n.,/baḷō/,బళో,बळो,Banjara_telugu.docx
కాలు,tang,n.,/ṭāṅg/,టాంగ్,टांग,Banjara_telugu.docx
కాలువ,kalva,n.,/kālvā/,కాల్వా,काल्वा,Banjara_telugu.docx
కాలేదు,huyikoni,v.,/huyikōni/,హుయికొని,हुयिकोनि,Banjara_telugu.docx
కాలేయం,kolo,n.,/koḷō/,కొళో,कोळो,Banjara_telugu.docx
కాల్చటానికి,balenam,v.,/bāḷēnã/,బాళేనఁ,बाळेनं,Banjara_telugu.docx
కాల్చు,bal / bhunj,v.,/bāḷ/ /bhūñj/,బాళ్ / భూంజ్,बाळ / भून्ज,Banjara_telugu.docx
కావచ్చు,vachakayiko / vevasu,v.,/vacakāyikō/ /vēvāsu/,వచకాయికో / వేవాసు,वचकायिको / वेवासु,Banjara_telugu.docx
కాస్త,dassek,adj.,/dassēk/,దస్సేక్,दस्सेक,Banjara_telugu.docx
కిరణాలు,jhunch,n.,/jhūñc/,ఝూంచ్,झून्च,Banjara_telugu.docx
కిరోసిన్,gastel,n.,/gāstēl/,గాస్తేల్,गास्तेल,Banjara_telugu.docx
కీటకం,koshari,n.,/kośāri/,కొశారి,कोशारि,Banjara_telugu.docx
కీలక నాయకుడు,motonayak,n.,/mōṭonāyak/,మోటొనాయక్,मोटोनोयक,Banjara_telugu.docx
కూలింది,nausan,v.,/nausan/,నౌసన్,नौसन,Banjara_telugu.docx
కూలీ,kulgo,n.,/kūlgō/,కూల్గో,कूल्गो,Banjara_telugu.docx
కుంచించుకు పోయిన,khinchago,adj.,/khiñcāgō/,ఖించాగొ,खिन्चागो,Banjara_telugu.docx
కుంటివాడు,tunto,n.,/ṭūṇṭō/,టూంటో,टून्टो,Banjara_telugu.docx
కుంటు,khoda,v.,/khoḍā/,ఖొడా,खोडा,Banjara_telugu.docx
కుండ,matla / handi,n.,/māṭlā/ /hāṇḍi/,మాట్లా / హాండి,माट्ला / हान्डि,Banjara_telugu.docx
కేటాయించు,thamer,v.,/thāmēr/,థామేర్,थामेर,Banjara_telugu.docx
కుండ పోత వర్షం,pakkopani,n.,/pakkōpāṇi/,పక్కొపాణి,पक्कोपाणि,Banjara_telugu.docx
కేవలం,ekkaj,adv.,/ekkaj/,ఎక్కజ్,एक्कज,Banjara_telugu.docx
కుందేలు,sasya,n.,/sasyā/,సస్యా,सस्या,Banjara_telugu.docx
కొంచెం,dassek,adj.,/dassēk/,దస్సేక్,दस्सेक,Banjara_telugu.docx
కుక్క,kotra,n.,/kotrā/,కొత్రా,कोट्रा,Banjara_telugu.docx
కొంచెంసేపు,dassek / jarrak vala,adv.,/dassēk/ /jarrāk vaḷā/,దస్సేక్ / జర్రాక్ వళా,दस्सेक / जर्राक वळा,Banjara_telugu.docx
కుటుంబం,katmala,n.,/kaṭmāḷā/,కట్మాళా,कटमाळा,Banjara_telugu.docx
కొండ గొర్రె,jangaler gorli,n.,/jaṅgalēr gōrli/,జంగలేర్ గోర్లి,जंगलेर गोर्లి,Banjara_telugu.docx
కుట్టు,sid / gant,v.,/sīḍ/ /gāṇṭ/,సీడ్ / గాంట్,सीड / गाण्ट,Banjara_telugu.docx
కొండ చిలువ,pal,n.,/paḷ/,పళ్,पळ,Banjara_telugu.docx
కుట్ర,kapat,n.,/kapaṭ/,కపట్,कपट,Banjara_telugu.docx
కొండ నాలుక,kag,n.,/kāg/,కాగ్,కాగ,Banjara_telugu.docx
కుడి,jamano,adj.,/jamaṇō/,జమణో,जमणो,Banjara_telugu.docx
కొండముచ్చు,hanut,n.,/haṇut/,హణుత్,हणुत,Banjara_telugu.docx
కుడివైపు ఉన్న,jamtevadi cham,adj.,/jamṭēvaḍi chã/,జమ్టేవడి ఛం,जमटेवडि छं,Banjara_telugu.docx
కొండి,vanko,n.,/vāṅkō/,వాంకొ,వాन्కో,Banjara_telugu.docx
కుదుపు,hala,n.,/halā/,హలా,हला,Banjara_telugu.docx
కొండ,gatla,n.,/gaṭlā/,గట్లా,गट्ला,Banjara_telugu.docx
కుదుర్చు,khela,v.,/kheḷā/,ఖెళా,खेळा,Banjara_telugu.docx
కుప్ప,rasi,n.,/rāsi/,రాసి,రాసి,Banjara_telugu.docx
కొట్టం,gumsi,n.,/gumsi/,గుమ్సి,गुम्सि,Banjara_telugu.docx
కొట్టడం,marer,n.,/mārēr/,మారేర్,మారేర్,Banjara_telugu.docx
కుమ్మరించడం,redero,n.,/rēḍērō/,రేడేరొ,रेडेरो,Banjara_telugu.docx
కొట్టివెయ్యి,khulanak,v.,/khulānāk/,ఖులానాక్,खुलानाक,Banjara_telugu.docx
కుమ్మరించు,unda / thala,v.,/undā/ /ṭhalā/,ఉందా / ఠలా,उन्दा / ठला,Banjara_telugu.docx
కొట్టు,laga,v.,/lagā/,లగా,लगा,Banjara_telugu.docx
కుమ్మరివాడు,kamar,n.,/kamār/,కమార్,కమార్,Banjara_telugu.docx
కొట్టుకు పోవడం,vyage,n.,/vyāgē/,వ్యాగే,व्यागे,Banjara_telugu.docx
కురుచ,pogga,adj.,/pōggā/,పోగ్గా,पोग्गा,Banjara_telugu.docx
కొట్టుకుపోయింది,kutlego,v.,/kūṭlēgō/,కూట్లేగొ,कूटलेगो,Banjara_telugu.docx
కురుపు,phoda,n.,/fōḍā/,ఫోడా,ఫోడా,Banjara_telugu.docx
కొట్టుకో,marlo,v.,/mārlō/,మార్లో,మార్లో,Banjara_telugu.docx
కుర్చీ,kurci,n.,/kurci/,కుర్చి,కుర్చి,Banjara_telugu.docx
కొడవలి,darli,n.,/dārli/,దార్లి,దార్లి,Banjara_telugu.docx
కులము,jat,n.,/jāt/,జాత్,जाత్,Banjara_telugu.docx
కొడుకు,beta,n.,/bēṭā/,బేటా,బేటా,Banjara_telugu.docx
కుళాయి,nalo,n.,/nālō/,నాలొ,నాలో,Banjara_telugu.docx
కొత్త,navvo,adj.,/navvō/,నవ్వొ,నవ్వో,Banjara_telugu.docx
కుళ్లిపోయిన,gargi / sad,adj.,/gargi/ /saḍ/,గర్గి / సడ్,గర్గి / సడ్,Banjara_telugu.docx
కొత్తగా,navvo,adv.,/navvō/,నవ్వొ,నవ్వో,Banjara_telugu.docx
కుళ్ళిన,gargi,adj.,/gargi/,గర్గి,గర్గి,Banjara_telugu.docx
కొత్తదైన,navvo,adj.,/navvō/,నవ్వొ,నవ్వో,Banjara_telugu.docx
కుష్టు రోగం,kushti,n.,/kuṣṭi/,కుష్టి,కుష్టి,Banjara_telugu.docx
కొత్తిమీర ఆకులు,dhaniyar pan,n.,/dhaṇīyār pān/,ధణీయార్ పాన్,ధణీయార్ పాన్,Banjara_telugu.docx
కుహరం,khobo,n.,/khōbō/,ఖోబొ,ఖోబో,Banjara_telugu.docx
కూటమి,malav,n.,/maḷāv/,మళావ్,మళావ్,Banjara_telugu.docx
కొద్ది,dassek,adj.,/dassēk/,దస్సేక్,దస్సేక్,Banjara_telugu.docx
కూడ బెట్టడం,dhanyikar,n.,/ḍhãnyikar/,ఢఁయికర్,ఢఁయికర్,Banjara_telugu.docx
ఖండం,khand,n.,/khaṇḍ/,ఖండ్,खन्ड,Banjara_telugu.docx
గది,kamara / arra,n.,/kamarā/ /arrā/,కమరా / అర్రా,कमरा / अर्रा,Banjara_telugu.docx
చంక,kanko,n.,/kāṅkō/,కాంకో,कान्को,Banjara_telugu.docx
చందమామ,cand,n.,/cānd/,చాంద్,चान्द,Banjara_telugu.docx
చంద్రుడు,cand,n.,/cānd/,చాంద్,चान्द,Banjara_telugu.docx
చాకలి,dhobi,n.,/dhōbi/,ధోబి,धोबि,Banjara_telugu.docx
చాటించు,kera,v.,/kērā/,కెరా,केరా,Banjara_telugu.docx
చంపడం,marnaker,n.,/mārnākēr/,మార్నాకేర్,मार्नाकेर,Banjara_telugu.docx
చంపిన వాడు,khunikhor,n.,/khūnikhōr/,ఖూనిఖోర్,खूनिखोर,Banjara_telugu.docx
చక్కగా,sudo / kub ac,adv.,/sūdō/ /kūb āc/,సూదో / కూబ్ ఆచ్,सूदो / कूब आच,Banjara_telugu.docx
చక్కర రావడం,gheri ayer,n.,/ghēri āyēr/,ఘేరి ఆయెర్,घेरि आयेर,Banjara_telugu.docx
చక్రం,girra,n.,/girra/,గిర్ర,गिर्र,Banjara_telugu.docx
చాప,sadri,n.,/sādri/,సాద్రి,साद्रि,Banjara_telugu.docx
చామనిచాయ రంగ్,bhinorang,n.,/bhīnōraṅg/,భీనొరంగ్,भीनोरंग,Banjara_telugu.docx
చారు,phalu,n.,/faḷu/,ఫళు,फळु,Banjara_telugu.docx
చాలా,ras / asman / katrayiko / jappa,adj.,/rās/ /asmān/ /katrāyikō/ /jāppā/,రాస్ / అస్మాన్ / కత్రాయికో / జాప్పా,रास / अस्मान / कत्रायिको / जाप्पा,Banjara_telugu.docx
చాలా మంచిగా,khub ac,adv.,/khūb āc/,ఖూబ్ ఆచ్,खूब आच,Banjara_telugu.docx
చాలా మట్టుకు,nayi,adv.,/nāyi/,నయి,नयि,Banjara_telugu.docx
చాలా వరకు,jappa,adv.,/jāppā/,జాప్పా,जाप्पा,Banjara_telugu.docx
చాలినంత,purvajatra,adj.,/pūrvajatrā/,పూర్వజత్రా,पूर्वजत्रा,Banjara_telugu.docx
చావు,margo,n.,/margō/,మర్గో,मर्गो,Banjara_telugu.docx
చావు లేనిది,mvat chenijako,adj.,/mvāt chēnijakō/,మ్వాత్ ఛేనిజకొ,म्वात छेनिजको,Banjara_telugu.docx
చప్పుడు,vaja,n.,/vājā/,వాజా,वाजा,Banjara_telugu.docx
చప్పుడు లేకుండా,gacchap,adv.,/gaccap/,గచ్చప్,गच्चप,Banjara_telugu.docx
చప్పుడు లేని,chup,adj.,/cup/,చుప్,चुप,Banjara_telugu.docx
చమత్కారం,tvalimarer,n.,/ṭvāḷimārēr/,ట్వాళిమారేర్,टवाळिमारेर,Banjara_telugu.docx
చమురు,tel,n.,/tēl/,తేల్,तेल,Banjara_telugu.docx
చర్మం,khalo / khaldi,n.,/khāḷō/ /khaldi/,ఖాళో / ఖాల్డి,खाळो / खाल्डि,Banjara_telugu.docx
చలనం,sarkero,n.,/sarkērō/,సర్కేరో,सर्केरो,Banjara_telugu.docx
చలాకీ యైన,chapkesi,adj.,/chãpkēsi/,ఛఁప్కేసి,छंपकेसि,Banjara_telugu.docx
చలి,si / shil,n.,/sī/ /śiḷ/,సీ / శిళ్,सी / शिळ,Banjara_telugu.docx
చలి కాలం,shiyalo,n.,/śiyāḷō/,శియాళో,शियाळो,Banjara_telugu.docx
చలి కోటు,garam kot,n.,/garam kōṭ/,గరమ్ కోట్,गरम कोट,Banjara_telugu.docx
చలువ,salva,n.,/salvā/,సల్వా,सल्वा,Banjara_telugu.docx
చల్ల బర్చు,shilokar,v.,/śiḷōkar/,శిళోకర్,शिळोकर,Banjara_telugu.docx
చల్లడం,chanak,v.,/chaṇak/,ఛణక్,छणक,Banjara_telugu.docx
చల్లని,silo,adj.,/sīḷō/,సీళో,सीळो,Banjara_telugu.docx
చల్లబడేటట్టు చెయ్యి,shilovego,v.,/śiḷōvēgō/,షిళొవెగో,षिलोवेगो,Banjara_telugu.docx
చల్లార్చు,ola,v.,/ōlā/,ఒలా,ओला,Banjara_telugu.docx
చల్లార్పు,valadam,n.,/valādaṃ/,వలాదం,वलादं,Banjara_telugu.docx
చల్లు,chanak,v.,/chaṇak/,ఛణక్,छणक,Banjara_telugu.docx
చదును,sabet / sapkar,n.,/sabēt/ /sāpkar/,సబేత్ / సాప్కర్,सबेत / साप्कर,Banjara_telugu.docx
చదువు,sadu / padayi,v.,/sadu/ /paḍāyi/,సదు / పడాయి,सदु / पडायि,Banjara_telugu.docx
చనిపోయిన,muyo,adj.,/mūyō/,మూయో,मूयो,Banjara_telugu.docx
చన్ను,bacchir,n.,/baccir/,బచ్చిర్,बच्चिर,Banjara_telugu.docx
చవుడు భూములు,chapti jammi,n.,/capṭi jammi/,చప్టి జమ్మి,चप्टि जम्मि,Banjara_telugu.docx
చిత్తం,sor,n.,/sōr/,సొర్,सोर,Banjara_telugu.docx
చిత్తడినేల,kichaldi jag,n.,/kicalḍi jāg/,కిచల్డి జాగ్,किचल्डि जाग,Banjara_telugu.docx
చాతకాని,vangeni,adj.,/vaṅgēni/,వంగెని,वंगेनि,Banjara_telugu.docx
చిత్ర విచిత్రం,tire tirer,adj.,/tirē tirēr/,తిరె తిరేర్,तिरे तिरेर,Banjara_telugu.docx
చిత్రం,bomma,n.,/bomma/,బొమ్మ,बोम्मा,Banjara_telugu.docx
చిత్రకారుడు,chitrakar,n.,/citrakār/,చిత్రకార్,चित्रकार,Banjara_telugu.docx
చిత్రహింస,vela / bhaveti / gosapado,n.,/vēla/ /bhāvēṭi/ /gōsapāḍō/,వేల / భావేటి / గొసపాడొ,वेला / भावेटि / गोसपाडो,Banjara_telugu.docx
చిత్రించు,murat kad,v.,/mūrat kāḍ/,మూరత్ కాడ్,मूरत काड,Banjara_telugu.docx
చినుకు,chant,n.,/chāṇṭ/,ఛాంట్,छान्ट,Banjara_telugu.docx
చిన్న,nanka / nanki,adj.,/nānkā/ /nāṇki/,నాన్కా / నాణ్కి,नान्का / नाणकि,Banjara_telugu.docx
చిన్న కుండ,patiya,n.,/pāṭiyā/,పాటియా,पाटिया,Banjara_telugu.docx
చిన్న పాత్ర,chapti,n.,/capṭi/,చప్టి,चप्टि,Banjara_telugu.docx
చిన్న బాలిక,piki,n.,/pīki/,పీకి,पीकि,Banjara_telugu.docx
చిన్న బాలుడు,pika,n.,/pīkā/,పీకా,पीका,Banjara_telugu.docx
చిన్న బిందె,sarva,n.,/sarva/,సర్వ,सर्वा,Banjara_telugu.docx
చింత పండు,amli,n.,/āmli/,ఆమ్లి,आम्लि,Banjara_telugu.docx
చిన్నగా,dhilo,adv.,/ḍhīlō/,ఢీలొ,ढीलो,Banjara_telugu.docx
చిన్నగా కదలడం,hal,v.,/hāl/,హాల్,हाल,Banjara_telugu.docx
చిందు వేద్దాం,kudan,v.,/kūdã/,కూదాఁ,कूदां,Banjara_telugu.docx
చిన్నమ్మ,kaki,n.,/kāki/,కాకి,काकि,Banjara_telugu.docx
చింపడం,chir,v.,/cīr/,చీర్,चीर,Banjara_telugu.docx
చిప్ప,kanli,n.,/kānli/,కాన్లీ,कान्ली,Banjara_telugu.docx
చరణం,kadi / gid,n.,/kaḍi/ /gīd/,కడి / గీద్,कडि / गीद,Banjara_telugu.docx
చరిత్ర,charita,n.,/carita/,చరిత,चरिता,Banjara_telugu.docx
చింపు,phad / chir,v.,/fāḍ/ /cīr/,ఫాడ్ / చీర్,फाड / चीर,Banjara_telugu.docx
చికాకు,katal / chidra karer,n.,/kaṭāḷ/ /cidra karēr/,కటాళ్ / చిద్ర కరేర్,कटाळ / छिद्र करेर,Banjara_telugu.docx
చికిత్స,ilaj,n.,/ilāj/,ఇలాజ్,इलाज,Banjara_telugu.docx
చిక్కగా,jadojat,adv.,/jāḍōjaṭ/,జాడొజట్,जाडोजट,Banjara_telugu.docx
చిరకాలం,thetetanu,adv.,/ṭhēṭētāṇu/,ఠేటెతాణు,ठेटेताणु,Banjara_telugu.docx
చిరునవ్వు,hams,n.,/hā̃s/,హాఁస్,हांस,Banjara_telugu.docx
చిలుక,ram chilaka / chilka,n.,/rām cilaka/ /cilka/,రామ్ చిలక / చిల్క,राम चिलका / चिलका,Banjara_telugu.docx
చిల్లర,chirla / cheda,n.,/chirlā/ /chēḍā/,ఛిర్లా / ఛేడ,छिर्ला / छेडा,Banjara_telugu.docx
చివర,konana / kosa,n.,/konānã/ /kōsa/,కొనానఁ / కోస,कोनानं / कोसा,Banjara_telugu.docx
చిక్కుకున్న,attago / halajagi,adj.,/aṭṭagō/ /haḷajāgi/,అట్టగొ / హళజాగి,अट्टगो / हळजागि,Banjara_telugu.docx
చిక్కుడు కాయ,valoli,n.,/vālōḷi/,వాలొళి,వాलोळि,Banjara_telugu.docx
చిక్కుముడి,anto bhander,n.,/āṇṭō bhāndēr/,ఆంటో భాందేర్,आन्टो भान्देर,Banjara_telugu.docx
చిక్కులలో పెట్టు,ghanchema ghaler,v.,/ghāñcēmā ghālēr/,ఘాంచేమా ఘాలేర్,घाञ्चेमा घालेर,Banjara_telugu.docx
చిహ్నము,nishani,n.,/niśāni/,నిశాని,निशानि,Banjara_telugu.docx
చీకటి,andaro,n.,/andārō/,అందారొ,अन्दारो,Banjara_telugu.docx
చీకటిలో,andarema,adv.,/andārēmā/,అందారేమా,अन्दारेमा,Banjara_telugu.docx
చీడ,koshari,n.,/kośāri/,కొశారి,कोशारि,Banjara_telugu.docx
చీదు,sinkad,v.,/sīṅkaḍ/,సింకడ్,सिन्कड,Banjara_telugu.docx
చీపురు,katta / banni,n.,/kaṭṭa/ /bāṇṇi/,కట్ట / బాణ్ణి,कट्टा / बाण्णि,Banjara_telugu.docx
చీమ,rint,n.,/rīṇṭ/,రీంట్,रीन्ट,Banjara_telugu.docx
చీమిడి,rintalo,n.,/rīṇṭāḷō/,రీంటాళో,रीन्टाळो,Banjara_telugu.docx
చీము,rad,n.,/rād/,రాద్,राद,Banjara_telugu.docx
చీల,kil,n.,/kīl/,కీల్,कील,Banjara_telugu.docx
చీలిపో,phankaphut,v.,/fāṅkāfūṭ/,ఫాంకాఫూట్,फांकाफूट,Banjara_telugu.docx
చీలు,phatero,v.,/fāṭērō/,ఫాటేరొ,फाटेरो,Banjara_telugu.docx
చీల్చు,chirra / phad / chir,v.,/cirrā/ /fāḍ/ /cīr/,చిర్రా / ఫాడ్ / చీర్,चिर्रा / फाड / चीर,Banjara_telugu.docx
చీవాట్లు,galider,n.,/gāḷidēr/,గాళిదేర్,गाळिदेर,Banjara_telugu.docx
చుక్క,tara,n.,/tārā/,తారా,तारा,Banjara_telugu.docx
చుట్టడం,vintro / vint,v.,/viṇṭrō/ /vīṇṭ/,వింట్రో / వీంట్,विन्ट्रो / वीन्ट,Banjara_telugu.docx
చుట్టరికం,paman,n.,/pāmaṇ/,పామణ్,पामण,Banjara_telugu.docx
చుట్టు తిరుగుట,gheri pharer,v.,/ghēri farēr/,ఘేరి ఫరేర్,घेरि फरेर,Banjara_telugu.docx
చుట్టు పక్కల,aspas,adv.,/āspās/,ఆస్పాస్,आस्पास,Banjara_telugu.docx
చురుకైన,chapkesi,adj.,/chãpkēsi/,ఛఁప్కేసి,छंपकेसि,Banjara_telugu.docx
చూపెట్టు,vata,v.,/vatā/,వతా,वता,Banjara_telugu.docx
చూడగలిగినట్లు,dekaju,adv.,/dēkajū/,దేకజు,देकजु,Banjara_telugu.docx
చూపండి,vata / dakal,v.,/vatā/ /dakāḷ/,వతా / దకాళ్,वता / दकाळ,Banjara_telugu.docx
చూపు,nanjar / vata,n.,/nañjar/ /vatā/,నంజర్ / వతా,नन्जर / वता,Banjara_telugu.docx
చూపుడువేలు,tagarayer angie,n.,/tagarāyēr āṅgiē/,తగరాయేర్ ఆంగిఏ,तगरायेर आंगिए,Banjara_telugu.docx
చూర్ణం,churo,n.,/cūrō/,చూరొ,चूरो,Banjara_telugu.docx
చూర్ణం చెయ్యి,churokar,v.,/cūrōkar/,చురొకర్,चुरोकर,Banjara_telugu.docx
చూశాను,dito,v.,/dīṭō/,దీటొ,दीटो,Banjara_telugu.docx
చూస్తున్న,dekro,adj.,/dēkrō/,దేక్రో,देक्रो,Banjara_telugu.docx
చెక్కువాడు,chole valo,n.,/chōlē vāḷō/,ఛోలే వాళో,छोले वाळो,Banjara_telugu.docx
చెలక,khet,n.,/khēt/,ఖేత్,खेत,Banjara_telugu.docx
చెట్టు,dava / jhad,n.,/davā/ /jhāḍ/,దవా / ఝాడ్,दवा / झाड,Banjara_telugu.docx
చెడగొట్టు,kharap / bigadayer,v.,/kharāp/ /bigaḍāyēr/,ఖరాప్ / బిగడాయేర్,खराप / बिगडायेर,Banjara_telugu.docx
చెలికాడు,pyaro,n.,/pyārō/,ప్యారొ,प्यारो,Banjara_telugu.docx
చెడు,balla / kharap,n.,/ballā/ /kharāp/,బల్లా / ఖరాప్,बल्ला / खराब,Banjara_telugu.docx
చెడు వాయువు,vasbharan chanjako,n.,/vasbharan cãjakō/,వస్భరన్ ఛఁజకొ,वसभरन छंजको,Banjara_telugu.docx
చెల్లించడం,der,v.,/dēr/,దేర్,देर,Banjara_telugu.docx
చెల్లించు,denak / der,v.,/dēnāk/ /dēr/,దేనాక్ / దేర్,देनाक / देर,Banjara_telugu.docx
చెల్లు,phit ge,v.,/fiṭ gē/,ఫిట్ గే,फिट गे,Banjara_telugu.docx
చెడు వైరం,takkar,n.,/ṭakkar/,టక్కర్,टक्कर,Banjara_telugu.docx
చెల్లె,khyan,n.,/khyān/,ఖ్యాన్,ख्यान,Banjara_telugu.docx
చెవి,kan,n.,/kān/,కాన్,कान,Banjara_telugu.docx
చెత్త కుప్ప,vokalli,n.,/vokalli/,వొకల్లి,वोकल्లి,Banjara_telugu.docx
చెవి కన్నం,kaner vej,n.,/kānēr vēj/,కానేర్ వేజ్,कानेर वेज,Banjara_telugu.docx
చెదరగొట్టు,bhadka yer,v.,/bhaḍkā yēr/,భడ్కా యేర్,भड्का येर,Banjara_telugu.docx
చెవిటితనం,byaro,n.,/byārō/,బ్యారో,ब्यारो,Banjara_telugu.docx
చెదలు,adoyi,n.,/adōyi/,అదోయి,अदोयि,Banjara_telugu.docx
చెవిపోగు,kaner kammal,n.,/kānēr kammal/,కానేర్ కమ్మల్,कानेर कम्मल,Banjara_telugu.docx
చెప్పి పంపు,kemel,v.,/kēmēl/,కేమెల్,केमेल,Banjara_telugu.docx
చెవుడు (చెవిటి),byaro,n.,/byārō/,బ్యారొ,ब्यारो,Banjara_telugu.docx
చెప్పించు,kevad,v.,/kēvāḍ/,కేవాడ్,केवाड,Banjara_telugu.docx
చెవుల పెట్టుకునేది,marki,n.,/marki/,మర్కి,मर्कि,Banjara_telugu.docx
చెప్పినది,kejako,adj.,/kējakō/,కేజకో,केजको,Banjara_telugu.docx
చేతిగుడ్డ,dasti,n.,/dasti/,దస్తి,दस्ति,Banjara_telugu.docx
చేదు,kudi,adj.,/kuḍi/,కుడి,कुडि,Banjara_telugu.docx
చేను,khet,n.,/khēt/,ఖేత్,खेत,Banjara_telugu.docx
చేరిక,sharik / bhale,n.,/śarik/ /bhaḷē/,శరిక్ / భళె,शरिक / भळे,Banjara_telugu.docx
చేరు,bhale,v.,/bhaḷē/,భళె,भळे,Banjara_telugu.docx
చేర్పు,kula,n.,/kulā/,కులా,कुला,Banjara_telugu.docx
చేసిన,kidojako,adj.,/kidōjakō/,కిదొజకొ,किदोजको,Banjara_telugu.docx
చెమట,parisina,n.,/parisīnā/,పరిసిన,परिसिना,Banjara_telugu.docx
చేసిన వస్తువు,ghadojako visra,n.,/ghaḍōjakō visrā/,ఘడొజకొ విస్రా,घडोजको विस्रा,Banjara_telugu.docx
చెందిన,irada,adj.,/irādā/,ఇరాద,इरादा,Banjara_telugu.docx
చెయ్యి,hat,n.,/hāt/,హాత్,हात,Banjara_telugu.docx
చొంగ కార్చు,lale chuvavam,v.,/lāḷē cuvāvã/,లాళే చువావం,लाळे चुवावं,Banjara_telugu.docx
చెంపకాయ,galepar laga,n.,/gālēpar lagā/,గాలేపర్ లగా,गालेपर लगा,Banjara_telugu.docx
చెర,giraftar,n.,/giraftār/,గిరఫ్తార్,गिरफ्तार,Banjara_telugu.docx
చొప్పించు,dharsedan,v.,/dharsēdã/,ధర్సేదఁ,धर्सेदं,Banjara_telugu.docx
చెంబు,lota,n.,/lōṭa/,లోట,लोटा,Banjara_telugu.docx
చెరసాల (కారాగారం),jel,n.,/jēl/,జేల్,जेल,Banjara_telugu.docx
చొరబడు,dhas,v.,/dhas/,ధస్,धस,Banjara_telugu.docx
చెక్క కోసే యంత్రం,rampya,n.,/rampyā/,రంప్యా,रम्प्या,Banjara_telugu.docx
చెరుకు గడ,santa,n.,/sāṇṭā/,సాంటా,सान्टా,Banjara_telugu.docx
చోటు,jag / jammi,n.,/jāg/ /jammi/,జాగ్ / జమ్మి,जाग / जम्मि,Banjara_telugu.docx
చెక్క పెట్టె,chekkar sanduk,n.,/cekkār sanduk/,చెక్కార్ సందుక్,चेक्कार सन्दुक,Banjara_telugu.docx
చెరుపు,kula,n.,/kulā/,కులా,कुला,Banjara_telugu.docx
చౌకీదారు,chaukidar,n.,/caukīdār/,చౌకీదార్,चौकीदार,Banjara_telugu.docx
చెక్కర,sakkar,n.,/sakkar/,సక్కర్,सक्कर,Banjara_telugu.docx
చెరుపు వెయ్యి,bigadayer,v.,/bigaḍāyēr/,బిగడాయేర్,बिगडायेर,Banjara_telugu.docx
చెక్కు,chol,v.,/chōl/,ఛోల్,छोल,Banjara_telugu.docx
చెరువు (కుంట),talaldi,n.,/talālḍi/,తలాల్డి,तलालडि,Banjara_telugu.docx
జంక్శన్,chaurasta,n.,/caurastā/,చౌరస్తా,चौरस्ता,Banjara_telugu.docx
జంట (జత),jodi,n.,/jōḍi/,జోడి,जोडि,Banjara_telugu.docx
జగడాలమారి,kalenki,n.,/kaḷēṅki/,కళెంకి,कळेन्कि,Banjara_telugu.docx
జగత్తు,jagat,n.,/jagat/,జగత్,जगत,Banjara_telugu.docx
జట్టు,shirbha,n.,/śirbha/,సిర్భ,सिर्भा,Banjara_telugu.docx
జడ అల్లు,mulo gunt,v.,/mūḷō gūnt/,మూళో గూంత్,मूळो गून्त,Banjara_telugu.docx
జడీవాన కురువు,jhadir pani,n.,/jhaḍīr pāṇi/,ఝడీర్ పాణి,झडीर पाणि,Banjara_telugu.docx
జత చెయ్యి,jatakar,v.,/jatakār/,జతకర్,जतकर,Banjara_telugu.docx
జనం,jan,n.,/jan/,జన్,जन,Banjara_telugu.docx
జనుము,san,n.,/saṇ/,సణ్,सण,Banjara_telugu.docx
జనుల,malav,n.,/maḷāv/,మళావ్,मळाव,Banjara_telugu.docx
జన్మం,janam,n.,/janam/,జనమ్,जनम,Banjara_telugu.docx
జబ్బు (రోగం),rog,n.,/rōg/,రోగ్,रोग,Banjara_telugu.docx
జమాయిల్ చెట్టు,jamalir jhad,n.,/jamālīr jhāḍ/,జమాలీర్ ఝాడ్,जमालीर झाड,Banjara_telugu.docx
జయం,veralu,n.,/vērāḷu/,వేరాళు,वेराळु,Banjara_telugu.docx
జయించు,jitero / jito,v.,/jītērō/ /jītō/,జీతేరొ / జీతొ,जीतेरो / जीतो,Banjara_telugu.docx
జరగబోతుంది,vajako,v.,/vajakō/,వజకొ,वजको,Banjara_telugu.docx
జరిమానా,dand,n.,/ḍāṇḍ/,డాండ్,डाण्ड,Banjara_telugu.docx
జరుగు,sarka / vanjako,v.,/sarkā/ /vãjakō/,సర్కా / వఁజకో,सर्का / वंजको,Banjara_telugu.docx
జరుపు,sarka,v.,/sarkā/,సర్కా,सर्का,Banjara_telugu.docx
జలధార,pani,n.,/pāṇī/,పాణీ,पाणी,Banjara_telugu.docx
జలపాతం,relki,n.,/rēlki/,రేల్కి,रेल्कि,Banjara_telugu.docx
జలాశయం,kund,n.,/kūṇḍ/,కూండ్,कूण्ड,Banjara_telugu.docx
జల్లచేప,kantra,n.,/kaṇṭrā/,కంట్రా,कन्ट्रा,Banjara_telugu.docx
జల్లుకొట్టు,chanak,v.,/chaṇak/,ఛణక్,छणक,Banjara_telugu.docx
జవాబు,javab,n.,/javāb/,జవాబ్,जवाब,Banjara_telugu.docx
జాకెట్ (రవిక),jakshi,n.,/jākṣi/,జాక్షి,जाक्षि,Banjara_telugu.docx
జాగారం,jagaran,n.,/jāgāraṇ/,జాగారణ్,जागारण,Banjara_telugu.docx
జాగ్రత్త,atkaleti,n.,/aṭkaḷēti/,అట్కళేతి,अटकळेति,Banjara_telugu.docx
జాగ్రత్త పరుచు,dhanyikar / jatan,v.,/ḍhãnyikar/ /jatan/,ఢఁయికర్ / జతన్,ढंयिकर / जतन,Banjara_telugu.docx
జాగ్రత్తగా,dhilo,adv.,/ḍhīlō/,ఢీలొ,ढीलो,Banjara_telugu.docx
జాగ్రత్తగా కదులు,atakaleti sarak,v.,/aṭakaḷēti sarak/,అటకఁళేతి సరక్,अटकंळेति सरक,Banjara_telugu.docx
జాడచూపు,khoj vata,v.,/khōj vatā/,ఖోజ్ వతా,खोज वता,Banjara_telugu.docx
జాతి,jat,n.,/jāt/,జాత్,जात,Banjara_telugu.docx
జానపదం,janapadam,n.,/jānapadaṃ/,జానపదం,जानपदं,Banjara_telugu.docx
జాబితా,jabita,n.,/jābitā/,జాబితా,जाबिता,Banjara_telugu.docx
జామచెట్టు,narangir jhad,n.,/nāraṅgīr jhāḍ/,నారంగీర్ ఝాడ్,नारंगीर झाड,Banjara_telugu.docx
జారడం,rapasan,v.,/rapasan/,రపసన్,रपसन,Banjara_telugu.docx
జింక,chitili,n.,/citili/,చితిలి,चितिलि,Banjara_telugu.docx
జిగట,chiklo,adj.,/ciklō/,చిక్లో,चिक्लो,Banjara_telugu.docx
జిగట విరేచనాలు,pet caler,n.,/pēṭ cālēr/,పేట్ చాలేర్,पेट चालेर,Banjara_telugu.docx
జిగురు,chiktlo,n.,/cikṭlō/,చిక్ట్లో,चिक्ट्लो,Banjara_telugu.docx
జిడ్డు,chiko,adj.,/cikō/,చికో,चिको,Banjara_telugu.docx
జిత్తులమారి,vatkarya / thagevalo,adj.,/vaṭkāryā/ /ṭhagēvāḷō/,వట్కార్య / ఠగెవాళొ,वटकार्या / ठगेवाळो,Banjara_telugu.docx
జిత్తులమారి నక్క,thagevalo salya,n.,/ṭhagēvāḷō sāḷyā/,ఠగెవాళొ సాళ్యా,ठगेवाळो साळ्या,Banjara_telugu.docx
జిలకర్ర,jiro,n.,/jīrō/,జీరో,जीरो,Banjara_telugu.docx
జివిలి,malayi,n.,/maḷāyi/,మళాయి,मळायि,Banjara_telugu.docx
జీడి చెట్టు,bhalamar jhad,n.,/bhalāmār jhāḍ/,భలామార్ ఝాడ్,भलामार झाड,Banjara_telugu.docx
జీతం,bayi,n.,/bāyi/,బాయి,बायि,Banjara_telugu.docx
జీతగాడు,banyan,n.,/bā̃yā̃/,బాఁయాఁ,बांयां,Banjara_telugu.docx
జీర్ణం,galero,n.,/gaḷērō/,గళేరో,गळेरो,Banjara_telugu.docx
జీవిత కాలం,umar bharo,n.,/umar bharō/,ఉమర్ భరొ,उमर भरो,Banjara_telugu.docx
జీవితం,tan / umar,n.,/tan/ /umar/,తన్ / ఉమర్,तन / उमर,Banjara_telugu.docx
జుట్టు (వెంట్రుక),latta,n.,/laṭṭā/,లట్టా,लट्टा,Banjara_telugu.docx
జలగ,jog,n.,/jōg/,జోగ్,जोग,Banjara_telugu.docx
జొన్న,jyar,n.,/jyār/,జ్యార్,ज्यार,Banjara_telugu.docx
జొన్న కండే,jarer rada,n.,/jārēr rāḍā/,జారేర్ రాడా,जारेर राडा,Banjara_telugu.docx
జొన్న రొట్టె,jarer bati,n.,/jārēr bāṭi/,జారేర్ బాటి,जारेर बाटि,Banjara_telugu.docx
జోకడం,toler,v.,/tōlēr/,తోలేర్,तोलेर,Banjara_telugu.docx
జోడు,jodi,n.,/jōḍi/,జోడి,जोडि,Banjara_telugu.docx
జ్ఞాపకార్థంగా ఉండేది,chintani,n.,/cintāṇi/,చింతాణి,चिन्ताणि,Banjara_telugu.docx
జ్ఞాపకార్థము,hardekarlenan,n.,/hārḍēkarlēnã/,హార్డెకర్లేనఁ,हार्डेकर्लेनं,Banjara_telugu.docx
జ్ఞాపకాలు,chintani,n.,/cintāṇi/,చింతాణి,चिन्ताणि,Banjara_telugu.docx
జ్ఞాపకం,hadde,n.,/haddē/,హద్దె,हद्दे,Banjara_telugu.docx
జ్యోతి పెట్టేది,digudi,n.,/diguḍi/,దిగుడి,दिगुडि,Banjara_telugu.docx
జాతకం,jyotishyam,n.,/jyōtiṣyaṃ/,జ్యోతిష్యం,ज्योतिष्यं,Banjara_telugu.docx
జ్వరం,tav,n.,/tāv/,తావ్,ताव,Banjara_telugu.docx
జ్వరమాని,tav ker,n.,/tāv kēr/,తావ్ కేర్,ताव केर,Banjara_telugu.docx
టక్కరి,kiladi,adj.,/kilāḍi/,కిలాడి,खिलाडि,Banjara_telugu.docx
టమాట,bhejra,n.,/bhējra/,భేజ్రా,भेज्रा,Banjara_telugu.docx
టీకా,suyi,n.,/sūyi/,సూయి,सूयि,Banjara_telugu.docx
టీకాలు వెయ్యి,tikal mar,v.,/tikāl mār/,టికాల్ మార్,टिकाल मार,Banjara_telugu.docx
టెకు,saguna,n.,/sāgunā/,సాగునా,सागुना,Banjara_telugu.docx
టెకు చెట్టు,saguna,n.,/sāgunā/,సాగునా,सागुना,Banjara_telugu.docx
టోపీ,topi,n.,/ṭōpi/,టోపి,టోపి,Banjara_telugu.docx
డబ్బా,pipa / buddi,n.,/pipā/ /buddi/,పిపా / బుడ్డి,पिपा / बुद्दि,Banjara_telugu.docx
డబ్బు,pisa / rapiya,n.,/pisa/ /rapiyā/,పిస / రపియా,पिस / రపియా,Banjara_telugu.docx
డబ్బు డబ్బా,sattar,n.,/sattar/,సత్తర్,सत्तर,Banjara_telugu.docx
డబ్బుల పట్టి,chiluku,n.,/ciluku/,చిలుకు,चिलुकु,Banjara_telugu.docx
డోలు,nangara,n.,/naṅgārā/,నంగారా,నగారా,Banjara_telugu.docx
డేగ,rajhari / sakra,n.,/rājhari/ /sakrā/,రాఝారి / సక్రా,రాజహారి / సక్రా,Banjara_telugu.docx
తండా,tando,n.,/tāṇḍō/,తాండో,तान्डो,Banjara_telugu.docx
తండ్రి,bap,n.,/bāp/,బాప్,బాప్,Banjara_telugu.docx
తండ్రి నాన,dada,n.,/dādā/,దాదా,దాదా,Banjara_telugu.docx
తక్కువ,kam / dassek,adj.,/kam/ /dassēk/,కమ్ / దస్సేక్,కమ్ / దస్సేక,Banjara_telugu.docx
తగిలించు,lagad,v.,/lagāḍ/,లగాడ్,లగాడ్,Banjara_telugu.docx
తగిన / తగ్గ,purvajatra / cavajatra,adj.,/pūrvajatrā/ /cāvajatrā/,పూర్వజత్రా / చావజత్రా,పూర్వజత్రా / చావజత్రా,Banjara_telugu.docx
తగ్గు,navas,v.,/navas/,నవస్,నవస్,Banjara_telugu.docx
తటాకం,talav,n.,/taḷāv/,తళావ్,తళావ్,Banjara_telugu.docx
తట్టు,tongla,v.,/tōṅglā/,తోంగ్లా,తోంగ్లా,Banjara_telugu.docx
తట్టుకో,khamad,v.,/khamāḍ/,ఖమాడ్,ఖమాడ్,Banjara_telugu.docx
తట్టుకుంది,pader go,v.,/paḍēr gō/,పడేర్ గో,పడేర్ గో,Banjara_telugu.docx
తడి,bhin,adj.,/bhīn/,భీన్,భీన్,Banjara_telugu.docx
తడిగా,padan,adv.,/padan/,పదన్,పదన్,Banjara_telugu.docx
తడిగావున్న,olo salo,adj.,/ōḷō sāḷō/,ఓలో సాలో,ఓలో सालो,Banjara_telugu.docx
తడుపు,bhinjod,v.,/bhiñjōḍ/,భింజోడ్,భింజోడ్,Banjara_telugu.docx
తద్దినం,dado,n.,/dāḍō/,దాడొ,దాడో,Banjara_telugu.docx
తన,or,pron.,/ōr/,ఓర్,ఓర్,Banjara_telugu.docx
తనదే,or,pron.,/ōr/,ఓర్,ఓర్,Banjara_telugu.docx
తనిఖీ,khvale,n.,/khvāḷē/,ఖ్వాలే,ఖ్వాళే,Banjara_telugu.docx
తన్నుకో,marlo,v.,/mārlō/,మార్లో,మార్లో,Banjara_telugu.docx
తన్నులబడు,kutaler,v.,/kuṭāḷēr/,కుటాలేర్,కుటాలేర్,Banjara_telugu.docx
తపస్సు,tapas,n.,/tapas/,తపస్,తపస్,Banjara_telugu.docx
తపాలా కార్యాలయము,tapparapis,n.,/ṭappārāpīs/,టప్పార్ఆపీస్,టప్పారాపీస్,Banjara_telugu.docx
తప్పక,pakka,adv.,/pakkā/,పక్కా,పక్కా,Banjara_telugu.docx
తప్పకుండా,kuyimti / nam,adv.,/kū̃yiti/ /nã/,కూఁయితి / నఁ,కూఁయితి / నఁ,Banjara_telugu.docx
తప్పతాగు,piyot,v.,/piyōṭ/,పియోట్,పియోట్,Banjara_telugu.docx
తప్పి పోవడం,bhuladi pad / jayer,v.,/bhūḷāḍi paḍ/ /jāyēr/,భూలాడి పడ్ / జాయేర్,భూలాడి పడ్ / జాయేర్,Banjara_telugu.docx
తప్పించు,tapa,v.,/tapā/,తపా,తపా,Banjara_telugu.docx
తప్పు,kharap / balla,n.,/kharāp/ /ballā/,ఖరాప్ / బల్లా,ఖరాప్ / బల్లా,Banjara_telugu.docx
తప్పు చెయ్యి,ballakar,v.,/ballākar/,బల్లాకర్,బల్లాకర్,Banjara_telugu.docx
తప్పు మోపు,badnam pader,v.,/badnām pāḍēr/,బదనామ్ పాడేర్,బదనామ్ పాడేర్,Banjara_telugu.docx
తమ్ముడు,bhayi,n.,/bhāyi/,భాయి,భాయి,Banjara_telugu.docx
తయారు చెయ్యి,bana / sodar,v.,/banā/ /sōdār/,బణా / సొదార్,బణా / సొదార్,Banjara_telugu.docx
తయారు చేయు,bana,v.,/banā/,బణా,బణా,Banjara_telugu.docx
తయారుచేయి,bana,v.,/banā/,బణా,బణా,Banjara_telugu.docx
తరగతి,taragat,n.,/taragat/,తరగత్,తరగత్,Banjara_telugu.docx
తరుచు,jannaj,adv.,/jannāj/,జన్నాజ్,జన్నాజ్,Banjara_telugu.docx
తరుము,bhadkayer,v.,/bhaḍkāyēr/,భడ్కాయేర్,భడ్కాయేర్,Banjara_telugu.docx
తర్వాతి,paccher,adj.,/paccēr/,పచ్చేర్,పచ్చేర్,Banjara_telugu.docx
తల,mate / matter / mundi,n.,/mātē/ /māttēr/ /muṇḍi/,మాతే / మాత్తేర్ / ముండి,మతే / మత్తేర్ / మున్డి,Banjara_telugu.docx
తలకిందులైన,vallo,adj.,/vallō/,వల్లొ,వల్లో,Banjara_telugu.docx
తలగడ,sarano,n.,/sarāṇō/,సరాణో,సరాణో,Banjara_telugu.docx
తలచుకో,yadkarlam,v.,/yādkarlã/,యాద్కర్లం,యాద్కర్లం,Banjara_telugu.docx
తలపాగ,rumal,n.,/rūmāl/,రూమాల్,రూమాల్,Banjara_telugu.docx
తలపై బట్ట చుట్ట,gala,v.,/gāḷā/,గాలా,గాలా,Banjara_telugu.docx
తలుపు,kavadi,n.,/kavāḍi/,కవాడి,కవాడి,Banjara_telugu.docx
తళతళ,talak talak / dhag dhag,n.,/taḷak taḷak/ /dhag dhag/,తళక్ తళక్ / ధగ్ ధగ్,తళక్ తళక్ / ధగ్ ధగ్,Banjara_telugu.docx
తవుడు,bali,n.,/bāḷi/,బాలి,బాలి,Banjara_telugu.docx
తవ్వు,khod,v.,/khōd/,ఖోద్,ఖోద్,Banjara_telugu.docx
తాకడం,lago,v.,/lāgō/,లాగో,లాగో,Banjara_telugu.docx
తాకని,chumteni,adj.,/cūṇṭēni/,చూంటేని,చూంటేని,Banjara_telugu.docx
తాగించడం,paranak,v.,/parāṇāk/,పరానాక్,పరానాక్,Banjara_telugu.docx
తాగు,pi,v.,/pī/,పి,పి,Banjara_telugu.docx
తాగుబోతు,piyot,n.,/piyōṭ/,పియోట్,పియోట్,Banjara_telugu.docx
తాగేయడం,piler,v.,/pīḷēr/,పీలేర్,పీలేర్,Banjara_telugu.docx
తాజా,tadder,adj.,/taḍḍēr/,తడ్డేర్,తడ్డేర్,Banjara_telugu.docx
తీరం,konora,n.,/konorā/,కొనొరా,కొనొరా,Banjara_telugu.docx
తాటి చెట్టు,tader jhad,n.,/tāḍēr jhāḍ/,తాడెర్ ఝాడ్,తాడెర్ ఝాడ్,Banjara_telugu.docx
తీరిక,chute vela,n.,/chūṭē vēḷā/,ఛూటే వేళా,ఛూటే వేళా,Banjara_telugu.docx
తాడు,gala,n.,/gāḷā/,గాళా,గాళా,Banjara_telugu.docx
తీరు,tarika / gon / dhang,n.,/tarika/ /gōṇ/ /ḍhaṅg/,తరిక / గొణ్ / ఢoగ్,తరిక / గొణ్ / ఢoగ్,Banjara_telugu.docx
తాత సోదరి,nani,n.,/nāni/,నాని,నాని,Banjara_telugu.docx
తీర్చు,phed,v.,/fēḍ/,ఫేడ్,ఫేడ్,Banjara_telugu.docx
తాతయ్య,dada / nana,n.,/dādā/ /nānā/,దాదా / నానా,దాదా / నానా,Banjara_telugu.docx
తీర్పు,nasab / tapsa,n.,/nasāb/ /tapsā/,నసాబ్ / తప్శా,నసాబ్ / తప్శా,Banjara_telugu.docx
తాత్కాలిక,ghadikesaru,adj.,/ghaḍikēsāru/,ఘడికెసారు,ఘడికెసారు,Banjara_telugu.docx
తీసివెయ్యి,kanak,v.,/kāṇāk/,కాణాక్,కాణాక్,Banjara_telugu.docx
తాపీవాడు,sutari,n.,/sutāri/,సుతారి,సుతారి,Banjara_telugu.docx
తీసుకు వచ్చిన,layojako,adj.,/lāyōjakō/,లాయోజకొ,లాయోజకొ,Banjara_telugu.docx
తాబేలు,kabo,n.,/kābō/,కాబొ,కాబొ,Banjara_telugu.docx
తీసుకుని పోయేవాడు,jayevala,n.,/jāyēvāḷā/,జాయేవాళ,జాయేవాళ,Banjara_telugu.docx
తాయత్తు,mandolya,n.,/maṇḍōḷyā/,మందొళ్యా,మందొళ్యా,Banjara_telugu.docx
తారీఖు,tarik,n.,/tārik/,తారిక్,తారిక్,Banjara_telugu.docx
తీసుకున్నాను,rakashidino,v.,/rakāśīdīnō/,రకాశీదినో,రకాశీదినో,Banjara_telugu.docx
తాళం,burra,n.,/burra/,బుర్ర,బూర్ర,Banjara_telugu.docx
తీసుకో,lelan / liya,v.,/lēḷã/ /līyā/,లేలఁ / లీయా,లేలఁ / లీయా,Banjara_telugu.docx
తాళం చెవి,kunji,n.,/kuñji/,కుంజి,కుంజి,Banjara_telugu.docx
తుంటి ఎముక,guler hadaka,n.,/gūḷēr haḍakā/,గూలేర్ హడక,గూలేర్ హడక,Banjara_telugu.docx
తాళింపు,vangaro,n.,/vaṅgārō/,వంగారో,వంగారో,Banjara_telugu.docx
తుడవడం,luyer,v.,/lūyēr/,లూయేర్,లూయేర్,Banjara_telugu.docx
తాళు,pen,v.,/pēṇ/,పేణ్,పేణ్,Banjara_telugu.docx
తుడిచేవాడు,luyevala,n.,/lūyēvāḷā/,లుయేవాళ,లుయేవాళ,Banjara_telugu.docx
తాళ్ళు,gala,n.,/gāḷā/,గాళా,గాళా,Banjara_telugu.docx
తుడుచు,luyer,v.,/lūyēr/,లూయేర్,లూయేర్,Banjara_telugu.docx
తాళ్ళు పేనడం,gala meler,v.,/gāḷā mēḷēr/,గాళా మేళేర్,గాళా మేళేర్,Banjara_telugu.docx
తుడువు,lu / kula,v.,/lū/ /kuḷā/,లూ / కులా,లూ / కులా,Banjara_telugu.docx
తిండిపోతైన,khavumit,adj.,/khāvumīt/,ఖావుమీత్,ఖావుమీత్,Banjara_telugu.docx
తుత్తుర ఊదు,punglibola,v.,/puṅgḷibōla/,పుంగ్ళిబొల,పుంగ్ళిబొల,Banjara_telugu.docx
తిట్టడం,boli bhander,v.,/bōḷi bhāṇḍēr/,బోలి భాండేర్,బోలి భాండేర్,Banjara_telugu.docx
తునక,tunka,n.,/tunka/,తున్క,తున్క,Banjara_telugu.docx
తిట్టు,bhando / sarap,v.,/bhāṇḍō/ /sarāp/,భాండో / సరాప్,భాండో / సరాప్,Banjara_telugu.docx
తునుక,tunka,n.,/tunka/,తున్క,తున్క,Banjara_telugu.docx
తినకూడనిది,banakhayer,n.,/banākhāyēr/,బనాఖాయేర్,బనాఖాయేర్,Banjara_telugu.docx
తుపాకి,banduk,n.,/bandūk/,బందూక్,బందూక్,Banjara_telugu.docx
తినడం,khayer,v.,/khāyēr/,ఖాయేర్,ఖాయేర్,Banjara_telugu.docx
తుపాకి పేలుడు,banduker chot,n.,/bandūkēr cōṭ/,బందుకేర్ చోట్,బందుకేర్ చోట్,Banjara_telugu.docx
తినదగిన,khayer,adj.,/khāyēr/,ఖాయేర్,ఖాయేర్,Banjara_telugu.docx
తుపాకీతో కాల్చడం,banduketi,v.,/bandūkēti/,బందుకేతి,బందుకేతి,Banjara_telugu.docx
తినిపించు,khora / bhaler,v.,/khōrā/ /bhaḷēr/,ఖొరా / భాళేర్,ఖొరా / భాళేర్,Banjara_telugu.docx
తినెయ్యి,khala,v.,/khāla/,ఖాల,ఖాల,Banjara_telugu.docx
తుప్పు,cilam,n.,/cilam/,చిలం,చిలం,Banjara_telugu.docx
తిన్నగా,sudo,adv.,/sūdō/,సూదో,సూదో,Banjara_telugu.docx
తుఫాను,jhadi,n.,/jhaḍi/,ఝడి,ఝడి,Banjara_telugu.docx
తిన్నాను,khado,v.,/khādō/,ఖాదో,ఖాదో,Banjara_telugu.docx
తుమ్మ చెట్టు,bommoolir jhad,n.,/bommōḷīr jhāḍ/,బొమ్మోళీర్ ఝాడ్,బొమ్మోళీర్ ఝాడ్,Banjara_telugu.docx
తిప్పడం,pher,v.,/fēr/,ఫేర్,ఫేర్,Banjara_telugu.docx
తిమ్మిరి,battar,n.,/baṭṭar/,బట్టర్,బట్టర్,Banjara_telugu.docx
తుమ్మెద,phunda,n.,/fūndā/,ఫూందా,ఫూందా,Banjara_telugu.docx
తియ్యని,mito,adj.,/mīṭō/,మీటొ,మీటొ,Banjara_telugu.docx
తుర్పాలు పట్టడం,varader,v.,/varāḍēr/,వరాడేర్,వరాడేర్,Banjara_telugu.docx
తియ్యని డబల్ రొట్టె,mit dabal roti,n.,/mīṭ dabal rōṭi/,మీట్ డబల్ రోటి,మీట్ డబల్ రోటి,Banjara_telugu.docx
తులసి,tolchim,n.,/toḷcĩ/,తొళ్చిఁ,తొళ్చిఁ,Banjara_telugu.docx
తూకం,toler,n.,/tōlēr/,తోలేర్,తోలేర్,Banjara_telugu.docx
తియ్యి,kad,v.,/kāḍ/,కాడ్,కాడ్,Banjara_telugu.docx
తూయడం,joker,v.,/jōkēr/,జోకేర్,జోకేర్,Banjara_telugu.docx
తిరగ బడిన,hata,adj.,/haṭā/,హటా,హటా,Banjara_telugu.docx
తూర్పువైపు,hetal sam,adv.,/heṭāḷ sām/,హెటాల్ సామ్,హెటాల్ సామ్,Banjara_telugu.docx
తిరగడం,phar,v.,/far/,ఫర్,ఫర్,Banjara_telugu.docx
తెంచు,tod,v.,/tōḍ/,తోడ్,తోడ్,Banjara_telugu.docx
తిరస్కరించడం,hata,v.,/haṭā/,హటా,హటా,Banjara_telugu.docx
తెంపు,tod,v.,/tōḍ/,తోడ్,తోడ్,Banjara_telugu.docx
తిరస్కరించు,chod / nikalr,v.,/chōḍ/ /nikāḷr/,ఛోడ్ / నికాళ్ర్,ఛోడ్ / నికాళ్ర్,Banjara_telugu.docx
తెగ,pada,n.,/pāḍā/,పాడా,పాడా,Banjara_telugu.docx
తెగిన,katago,adj.,/kaṭāgō/,కటాగొ,కటాగొ,Banjara_telugu.docx
తిరుగు,phar,v.,/far/,ఫర్,ఫర్,Banjara_telugu.docx
తెగులు,rog,n.,/rōg/,రోగ్,రోగ్,Banjara_telugu.docx
తిరుగు లేని,adam cheni,adj.,/āḍaṃ chēni/,ఆడం ఛేని,ఆడం ఛేని,Banjara_telugu.docx
తీక్షణంగా చూడటం,kato deker,v.,/kāṭō dēkēr/,కాటో దేకేర్,కాటో దేకేర్,Banjara_telugu.docx
తీగ,vel / tant / vel,n.,/vēl/ /tānt/ /vēl/,వేల్ / తాంత్ / వేల్,వేల్ / తాంత్ / వేల్,Banjara_telugu.docx
తీపి పిండి వంటలు,mitamataayi,n.,/mīṭamaṭāyi/,మీటమటాయి,మీటమటాయి,Banjara_telugu.docx
దండించు,siksa kar,v.,/śikṣa kar/,శిక్ష కర్,शिक्षा कर,Banjara_telugu.docx
దంతం,dant,n.,/dānt/,దాంత్,दान्त,Banjara_telugu.docx
దంపతులు,jodi,n.,/jōḍi/,జోడి,जोडि,Banjara_telugu.docx
దయ,daya / dharam,n.,/dayā/ /dharam/,దయ / ధరమ్,దయ / धरम,Banjara_telugu.docx
దరఖాస్తు,karat,n.,/kāraṭ/,కారట్,कारट,Banjara_telugu.docx
దరిద్రం,garib,n.,/garīb/,గరీబ్,गरीब,Banjara_telugu.docx
దారి,khoj / vat,n.,/khōj/ /vāṭ/,ఖోజ్ / వాట్,खोज / वाट,Banjara_telugu.docx
దారి చూపు,vat vata,v.,/vāṭ vatā/,వాట్ వతా,वाट वता,Banjara_telugu.docx
దారిలో,vata / vatema,adv.,/vāṭā/ /vāṭēmā/,వాటా / వాతేమా,वाटा / वातेमा,Banjara_telugu.docx
దారం,dora,n.,/dōrā/,దోర,दोरा,Banjara_telugu.docx
దర్జీ,sidarvalo,n.,/sīdārvāḷō/,సీదార్వాళొ,सीदार्वाळो,Banjara_telugu.docx
దర్పణం,arsi,n.,/ārsi/,ఆర్సి,आर्सि,Banjara_telugu.docx
దర్శనం,darshan,n.,/darśan/,దర్శన్,दर्शन,Banjara_telugu.docx
దళం,patalam / jatti,n.,/paṭāḷaṃ/ /jaṭṭi/,పటాళం / జట్టి,पटाळं / जट्टि,Banjara_telugu.docx
దహనం,baler,n.,/bāḷēr/,బాళేర్,बाळेर,Banjara_telugu.docx
దాహం,taras,n.,/taras/,తరస్,तरस,Banjara_telugu.docx
దాచు,jatan kar,v.,/jatan kar/,జతన్ కర్,जतन कर,Banjara_telugu.docx
దాటడం,lanka / hutar,v.,/laṅkā/ /hutār/,లంకా / హుతార్,लंका / हुतार,Banjara_telugu.docx
దాటు,lanka,v.,/laṅkā/,లంకా,लंका,Banjara_telugu.docx
దాడి,hamla,n.,/hamlā/,హమ్లా,हमला,Banjara_telugu.docx
దానం,dharam,n.,/dharam/,ధరమ్,धरम,Banjara_telugu.docx
దారిద్ర్యం,garibi,n.,/garībī/,గరీబీ,गरीबी,Banjara_telugu.docx
దాసి,dasi,n.,/dāsi/,దాసి,దాసి,Banjara_telugu.docx
దిండు,sarano,n.,/sarāṇō/,సరాణో,సరాణో,Banjara_telugu.docx
దిక్కు,sam,n.,/sām/,సామ్,साम,Banjara_telugu.docx
దిగడం,hutar,v.,/hutār/,హుతార్,हुतार,Banjara_telugu.docx
దిగులు,vicara,n.,/vicārā/,విచార,विचारा,Banjara_telugu.docx
దిగువ,tal,adv.,/taḷ/,తళ్,తళ,Banjara_telugu.docx
దినం,dado / dadi,n.,/dāḍō/ /daḍi/,దాడొ / దడి,దాడో / దడి,Banjara_telugu.docx
దిష్టి,nanjar,n.,/nañjar/,నంజర్,నన్జర్,Banjara_telugu.docx
దీపం,diyo / diyebatti,n.,/dīyō/ /dīyēbatti/,దీయో / దీయేబత్తి,దీయో / దీయేబత్తి,Banjara_telugu.docx
దీర్ఘకాలం,thet,adv.,/ṭhēṭ/,ఠేట్,ठेट,Banjara_telugu.docx
దువ్వెన,kangsi,n.,/kāṅgsi/,కాంగ్సి,కాంగ్సి,Banjara_telugu.docx
దుస్తులు,latta,n.,/laṭṭā/,లట్టా,లట్టా,Banjara_telugu.docx
దుకాణం,angadi / dukan,n.,/aṅgaḍi/ /dukān/,అంగడి / దుకాన్,అంగడి / దుకాన్,Banjara_telugu.docx
దుప్పటి,jankhana,n.,/jaṃkhāna/,జంఖాన,జంఖాన,Banjara_telugu.docx
దురద,khaj,n.,/khāj/,ఖాజ్,ఖాజ్,Banjara_telugu.docx
దురదృష్టం,balla nasib,n.,/ballā nasīb/,బల్లా నసీబ్,బల్లా నసీబ్,Banjara_telugu.docx
దుర్బలమైన,navgo,adj.,/navgō/,నవ్గో,నవ్గో,Banjara_telugu.docx
దుశ్మని,dushman,n.,/duśmaṇ/,దుశ్మణ్,దుశ్మణ్,Banjara_telugu.docx
దున్నడం,nagar / dun,v.,/nāgar/ /dūṇ/,నాగర్ / దూణ్,నాగర్ / దూణ్,Banjara_telugu.docx
దూడ,pida / baccha,n.,/pīḍā/ /baccha/,పీడా / బచ్చ,పీడా / బచ్చ,Banjara_telugu.docx
దూరం,lanka / dharagidiya,adv.,/laṅkā/ /dharagiḍiyā/,లంకా / ధర్అగిడియా,లంకా / ధర్అగిడియా,Banjara_telugu.docx
దూరిన,dhasjako,adj.,/dhasjakō/,ధస్జకొ,ధస్జకొ,Banjara_telugu.docx
దూలము,lakada,n.,/lākaḍā/,లాకడ,లాకడ,Banjara_telugu.docx
దెబ్బ,marer / chot,n.,/mārēr/ /cōṭ/,మారేర్ / చోట్,మారేర్ / చోట్,Banjara_telugu.docx
దూబల,navga,adj.,/navgā/,నవ్గా,నవ్గా,Banjara_telugu.docx
దమము,mosa,n.,/mōsa/,మోస,మోస,Banjara_telugu.docx
దోసకాయ,kakdi,n.,/kākḍi/,కక్డి,కాక్డి,Banjara_telugu.docx
దేహం,jiva / tan,n.,/jīvā/ /tan/,జీవా / తన్,జీవా / తన్,Banjara_telugu.docx
దేవుడు,devo / dhariya,n.,/dēvō/ /dhariyā/,దేవొ / ధరియా,దేవో / ధరియా,Banjara_telugu.docx
దేవలయం,deval,n.,/dēvaḷ/,దేవళ్,దేవళ్,Banjara_telugu.docx
దొంగ,chor,n.,/cōr/,చోర్,చోర్,Banjara_telugu.docx
దొరకడం,lano,v.,/lāṇō/,లాణో,లాణో,Banjara_telugu.docx
దోషం,khod / khot,n.,/khōḍ/ /khōṭ/,ఖోడ్ / ఖోట్,ఖోడ్ / ఖోట్,Banjara_telugu.docx
దౌర్జన్యం,anyayi / julum,n.,/anyāyi/ /juluṃ/,అన్యాయి / జులుం,అన్యాయి / జులుం,Banjara_telugu.docx
ద్వేషం,ris,n.,/rīs/,రీస్,రీస్,Banjara_telugu.docx
ధనం,pisa / nagad,n.,/pisa/ /nagad/,పిస / నగద్,పిస / నగద్,Banjara_telugu.docx
ధైర్యం,himmat / opkyi,n.,/himmat/ /ōpkyi/,హిమ్మత్ / ఒప్క్యి,హిమ్మత్ / ఒప్క్యి,Banjara_telugu.docx
ధాన్యం,dhan / sal,n.,/dhān/ /sāḷ/,ధాన్ / సాళ్,ధాన్ / సాళ్,Banjara_telugu.docx
ధర్మం,dharam,n.,/dharam/,ధరమ్,ధరమ్,Banjara_telugu.docx
ధరించు,pyar,v.,/pyār/,ప్యార్,ప్యార్,Banjara_telugu.docx
ధూళి,angolo,n.,/aṅgōḷō/,అంగొళో,అంగొళో,Banjara_telugu.docx
నక్క,salyia,n.,/sāḷyia/,సాళియ,సాళియ,Banjara_telugu.docx
నగలు,visra / ghada,n.,/visrā/ /ghaḍā/,విస్రా / ఘడ,విస్రా / ఘడ,Banjara_telugu.docx
నగ్నంగా,nango,adv.,/naṅgō/,నంగో,నంగో,Banjara_telugu.docx
నచ్చజెప్పడం,puraver,v.,/purāvēr/,పురావేర్,పురావేర్,Banjara_telugu.docx
నడిచేవాడు,calevalo,n.,/cālēvāḷō/,చాలేవాళొ,చాలేవాళొ,Banjara_telugu.docx
నడవడం,cal / jayero,v.,/cāl/ /jāyērō/,చాల్ / జాయేరో,చాల్ / జాయేరో,Banjara_telugu.docx
నది,vin / nandi / chebri,n.,/viṇ/ /nandi/ /cēbri/,విణ్ / నంది / ఛేబ్రి,విణ్ / నంది / ఛేబ్రి,Banjara_telugu.docx
నమ్మకం,dhapan / niyat,n.,/dhāpan/ /niyat/,ధాపన్ / నియత్,ధాపన్ / నియత్,Banjara_telugu.docx
నరకం,narakam,n.,/narakam/,నరకం,నరకం,Banjara_telugu.docx
నరం,nara,n.,/nara/,నర,నర,Banjara_telugu.docx
నల్ల,kalo,adj.,/kāḷō/,కాళో,కాళో,Banjara_telugu.docx
నలుపు,kalo,n.,/kāḷō/,కాళో,కాళో,Banjara_telugu.docx
నలభై,calis,num.,/cālīs/,చాలీస్,చాలీస్,Banjara_telugu.docx
నల్లకుక్క,kalo kotra,n.,/kāḷō kotrā/,కాళో కొత్రా,కాళో కొత్రా,Banjara_telugu.docx
నల్లి,dhen,n.,/dhēṇ/,ధేణ్,ధేణ్,Banjara_telugu.docx
నవ్వడం,hams / hamser,v.,/hā̃s/ /hāṃsēr/,హాఁస్ / హాఁసేర్,హాఁస్ / హాఁసేర్,Banjara_telugu.docx
నష్ట పరిహారం,jurmana,n.,/jurmānā/,జుర్మాన,జుర్మాన,Banjara_telugu.docx
నష్టం,ghata,n.,/ghāṭā/,ఘాటా,ఘాటా,Banjara_telugu.docx
నా,mam / maro,pron.,/maṃ/ /mārō/,మం / మారో,మం / మారో,Banjara_telugu.docx
నాకడం,nacho,v.,/nacō/,నచొ,నచొ,Banjara_telugu.docx
నాగలి,nagar,n.,/nāgar/,నాగర్,నాగర్,Banjara_telugu.docx
నాటడం,gad,v.,/gāḍ/,గాడ్,గాడ్,Banjara_telugu.docx
నాటకం,ramti / bomma,n.,/ramti/ /bomma/,రమ్తి / బొమ్మ,రమ్తి / బొమ్మ,Banjara_telugu.docx
నాడు,dado / dadi,n.,/dāḍō/ /daḍi/,దాడొ / దడి,దాడో / దడి,Banjara_telugu.docx
నాన్న,bap,n.,/bāp/,బాప్,బాప్,Banjara_telugu.docx
నాభి,dunti / punti,n.,/duṇṭi/ /puṇṭi/,దుంటి / పుంటి,దుంటి / పుంటి,Banjara_telugu.docx
నామము,nam,n.,/nām/,నామ్,నామ్,Banjara_telugu.docx
నామకరణం,nam,n.,/nām/,నామ్,నామ్,Banjara_telugu.docx
నాయకత్వం,nayaki,n.,/nāyakī/,నాయకీ,నాయకీ,Banjara_telugu.docx
నాయకుడు,nayak / raj,n.,/nayak/ /raj/,నాయక్ / రాజ్,నాయక్ / రాజ్,Banjara_telugu.docx
నిప్పు,angar,n.,/aṅgār/,అంగార్,అంగార్,Banjara_telugu.docx
నిజం,khara / niyat,n.,/khara/ /niyat/,ఖరా / నియత్,ఖరా / నియత్,Banjara_telugu.docx
నిశ్చయం,niyat / tapsa,n.,/niyat/ /tapsā/,నియత్ / తప్సా,నియత్ / తప్సా,Banjara_telugu.docx
నిద్ర,nind,n.,/nīnd/,నీంద్,నీంద్,Banjara_telugu.docx
నిద్రించు,sojo,v.,/sōjō/,సోజొ,సోజొ,Banjara_telugu.docx
నిన్న,kal,n.,/kāl/,కల్,కల్,Banjara_telugu.docx
నియమం,dhang / tarika,n.,/dhang/ /tarika/,ఢంగ్ / తరిక,ఢంగ్ / తరిక,Banjara_telugu.docx
నిలబడడం,tham,v.,/tham/,థమ్,థమ్,Banjara_telugu.docx
నిలిపివెయ్యి,thamad,v.,/thamāḍ/,థమాడ్,థమాడ్,Banjara_telugu.docx
నివాసం,ghar / bangla,n.,/ghar/ /bangla/,ఘర్ / బంగ్లా,ఘర్ / బంగ్లా,Banjara_telugu.docx
నీ,tum / taro,pron.,/tum/ /taro/,తూమ్ / తారో,తూమ్ / తారో,Banjara_telugu.docx
నీరు,pani,n.,/pāṇī/,పాణీ,పాణీ,Banjara_telugu.docx
నీడ,chandi,n.,/chāndi/,ఛాంది,ఛాంది,Banjara_telugu.docx
నువ్వు,tum,pron.,/tum/,తూమ్,తూమ్,Banjara_telugu.docx
నెమలి,mor,n.,/mōr/,మోర్,మోర్,Banjara_telugu.docx
నూనె,tel,n.,/tēl/,తేల్,తేల్,Banjara_telugu.docx
నూరు,so,num.,/sō/,సో,సో,Banjara_telugu.docx
నేడు,aj,n.,/āj/,ఆజ్,ఆజ్,Banjara_telugu.docx
నేర్చుకో,sikh lam,v.,/sīkh lam/,సీఖ్ లఁ,సీఖ్ లఁ,Banjara_telugu.docx
నోరు,hot / mona,n.,/hōṭ/ /mōnā/,హోట్ / మోనా,హోట్ / మోనా,Banjara_telugu.docx
పంపిణి,vyant / angola,n.,/vyāṇṭ/ /aṅgōḷa/,వ్యాంట్ / అంగోళ,వ్యాంట్ / अंगोळ,Banjara_telugu.docx
పక్కన,dhamyi / sam,adv.,/dhamyi/ /sām/,ధమ్యి / సామ్,धम्यि / साम,Banjara_telugu.docx
పక్షి,pitta,n.,/piṭṭa/,పిట్ట,पिट्टा,Banjara_telugu.docx
పగ (వైరం),dushman / ris,n.,/duśmaṇ/ /rīs/,దుశ్మణ్ / రీస్,దుశ్మణ / रीस,Banjara_telugu.docx
పగిలిపోయింది,phutgo / phatkego,v.,/fūṭgō/ /fātkēgō/,ఫూట్గొ / ఫాత్కేగొ,फूटगो / फात्केगो,Banjara_telugu.docx
పచ్చ (రంగు),liro,adj.,/līrō/,లీరో,लीरो,Banjara_telugu.docx
పచ్చడి,khvadi,n.,/khvāḍi/,ఖ్వాడి,ख्वाडि,Banjara_telugu.docx
పటము (చిత్రం),bomma,n.,/bomma/,బొమ్మ,बोम्मा,Banjara_telugu.docx
పడటం,pader,v.,/paḍēr/,పడేర్,पडेर,Banjara_telugu.docx
పడమర,hetal,n.,/hēṭaḷ/,హేటళ్,हेटळ,Banjara_telugu.docx
పది,das,num.,/das/,దస్,दस,Banjara_telugu.docx
పద్నాలుగు,cauda,num.,/cauda/,చౌద,चौदा,Banjara_telugu.docx
పనస పండు,phanas,n.,/fanas/,ఫనస్,फनस,Banjara_telugu.docx
పని,kam,n.,/kām/,కామ్,काम,Banjara_telugu.docx
పనివాడు,bamyi / banyan,n.,/bāmyi/ /bā̃yā̃/,బామ్యి / బాఁయాఁ,बाम्यि / बांयां,Banjara_telugu.docx
పండుగ,tevar / jatara,n.,/tēvār/ /jātara/,తేవార్ / జాతర,तेवार / जातरा,Banjara_telugu.docx
పంది,sur,n.,/sūr/,సూర్,सूर,Banjara_telugu.docx
పంపించు,kera / kemel,v.,/kērā/ /kēmēl/,కెరా / కేమెల్,केरा / केमेल,Banjara_telugu.docx
పక్కా,khara / pakka,adj.,/khara/ /pakkā/,ఖరా / పక్కా,खरा / पक्का,Banjara_telugu.docx
పగలు,dadi / dado,n.,/daḍi/ /dāḍō/,దడి / దాడొ,దడి / दाडो,Banjara_telugu.docx
పడగ,phun,n.,/fūṇ/,ఫూణ్,फूण,Banjara_telugu.docx
పడక,sarano / sodo,n.,/sarāṇō/ /sōḍō/,సరాణో / సోడొ,సరాणो / सोडो,Banjara_telugu.docx
పడవ,padi / donga,n.,/pāḍi/ /ḍōṅga/,పాడి / డొంగ,पाडि / डौन्गा,Banjara_telugu.docx
పద్ధతి,tarika / dhang,n.,/tarika/ /ḍhaṅg/,తరిక / ఢంగ్,తరకా / ढंग,Banjara_telugu.docx
పప్పు,dal,n.,/dāḷ/,దాళ్,దాళ,Banjara_telugu.docx
పదిహేను,pandara,num.,/pandarā/,పందర,पन्दरा,Banjara_telugu.docx
పదిహేడు,satram,num.,/satram/,సత్రమ్,सत्रम,Banjara_telugu.docx
పదెనిమిది,atharam,num.,/athāram/,అథారమ్,अथारम,Banjara_telugu.docx
పందొమ్మిది,unnis,num.,/unnis/,ఉన్నిస్,उन्नीस,Banjara_telugu.docx
పదివేలు,das hajar,num.,/das hajār/,దస్ హజార్,दस हजार,Banjara_telugu.docx
పనిముట్టు,hatyar / misni,n.,/hatyār/ /misni/,హత్యార్ / మిస్ని,हत्यार / मिस्नि,Banjara_telugu.docx
పప్పాయి పండు,pappayi,n.,/pappāyi/,పప్పాయి,पप्पायि,Banjara_telugu.docx
పరమశివుడు,shivo,n. prop.,/śivō/,షివో,षिवो,Banjara_telugu.docx
పరీక్ష,pariksa,n.,/parīkṣa/,పరీక్ష,परीक्षा,Banjara_telugu.docx
పరుపు,sodo,n.,/sōḍō/,సోడొ,सोडो,Banjara_telugu.docx
పలక,pati / patiya,n.,/paṭi/ /paṭiyā/,పటి / పటియా,पटि / पटिया,Banjara_telugu.docx
పలకరించు,malam kar,v.,/mālaṃ kar/,మాలం కర్,मालम कर,Banjara_telugu.docx
పల్లేరు కాయ,bhokdi,n.,/bhōkḍi/,భోక్డి,भोक्डि,Banjara_telugu.docx
పళ్ళు తోముకోవడం,datan,v.,/dātaṇ/,దాతణ్,दातण,Banjara_telugu.docx
పవనము,vayar,n.,/vayār/,వయార్,वयार,Banjara_telugu.docx
పశువు,janavar / gavdi,n.,/janāvar/ /gāvdi/,జనావర్ / గావ్ది,जनावर / गाव्दि,Banjara_telugu.docx
పశ్చాత్తాపము,vichara,n.,/vicārā/,విచార,विचारा,Banjara_telugu.docx
పాత,juno,adj.,/jūnō/,జూనో,जूनो,Banjara_telugu.docx
పాట,gid,n.,/gīd/,గిద్,गीद,Banjara_telugu.docx
పాతాళం,khad / banta,n.,/khāḍ/ /baṇṭa/,ఖాడ్ / బంట,खाड / बन्टा,Banjara_telugu.docx
పాత్ర,tokani,n.,/tōkaṇi/,టోకణి,टोकणि,Banjara_telugu.docx
పాదం,dhap / tang,n.,/dhap/ /ṭāṅg/,ధప్ / టాంగ్,धप / टांग,Banjara_telugu.docx
పాదుకా,jute,n.,/jūtē/,జూతే,जूते,Banjara_telugu.docx
పాము,sap,n.,/sāp/,సాప్,साप,Banjara_telugu.docx
పాలు,dud,n.,/dūd/,దూద్,दूद,Banjara_telugu.docx
పావురం,pareva,n.,/parēvā/,పరేవా,परेवा,Banjara_telugu.docx
పావు శేరు,pav,n.,/pāv/,పావ్,पाव,Banjara_telugu.docx
పిండి,ato,n.,/āṭō/,ఆటో,आटो,Banjara_telugu.docx
పితామహుడు,dada,n.,/dādā/,దాదా,దాదా,Banjara_telugu.docx
పిట్ట,pitta,n.,/piṭṭa/,పిట్ట,పिट्टా,Banjara_telugu.docx
పిన్ని,masi,n.,/māsi/,మాసి,మాసి,Banjara_telugu.docx
పిలవటం,pakar,v.,/pakār/,పకార్,పకార్,Banjara_telugu.docx
పిలిపించు,pakard,v.,/pakārd/,పకార్ద్,పకార్ద్,Banjara_telugu.docx
పిల్లి,bisso / bissi,n.,/bissō/ /bissi/,బిస్సో / బిస్సి,బిస్సో / బిస్సి,Banjara_telugu.docx
పిడుగు,bijli,n.,/bījlī/,బీజ్లీ,బీజ్లీ,Banjara_telugu.docx
పిడి,pidi / mutti,n.,/piḍi/ /muṭṭi/,పిడి / ముట్టి,పిడి / ముట్టి,Banjara_telugu.docx
పీట,pida / guntka,n.,/pīḍa/ /gūṇṭkā/,పీడ / గూంట్కా,పీడ / గూంట్కా,Banjara_telugu.docx
పీడించు,hadkar,v.,/haḍkār/,హడ్కార్,హడ్కార్,Banjara_telugu.docx
పుంటి కూర,bhaji,n.,/bhāji/,భాజి,భాజి,Banjara_telugu.docx
పుండు,gumdi / chot,n.,/gumḍi/ /cōṭ/,గుమ్డి / చోట్,గుమ్డి / చోట్,Banjara_telugu.docx
పుట్టిన రోజు,janam dado,n.,/janam dāḍō/,జనమ్ దాడొ,జనమ్ దాడో,Banjara_telugu.docx
పుట్టింటి వారు,piyer,n.,/piyēr/,పియేర్,పియేర్,Banjara_telugu.docx
పుట్టుక,janam,n.,/janam/,జనమ్,జనమ్,Banjara_telugu.docx
పుత్రుడు,beta,n.,/bēṭā/,బేటా,బేటా,Banjara_telugu.docx
పుత్రి,beti,n.,/bēṭi/,బేటి,బేటి,Banjara_telugu.docx
పుదీనా ఆకులు,pudina,n.,/pudīnā/,పుదీనా,పుదీనా,Banjara_telugu.docx
పురాణం,itihas,n.,/itihās/,ఇతిహాస్,ఇతిహాస్,Banjara_telugu.docx
పురుషుడు,admi / manas,n.,/ādmī/ /māṇas/,ఆద్మీ / మాణస్,ఆద్మీ / మాణస్,Banjara_telugu.docx
పులి,sinkos / janavar,n.,/siṅkōs/ /janāvar/,సింకోస్ / జనావర్,సింకోస్ / జనావర్,Banjara_telugu.docx
పువ్వు,phul,n.,/fūl/,ఫూల్,ఫూల్,Banjara_telugu.docx
పుస్తకం,poti,n.,/pōṭi/,పోటి,పోటి,Banjara_telugu.docx
పువ్వులు,phul,n.,/fūl/,ఫూల్,ఫూల్,Banjara_telugu.docx
పూజ,bhakti / puja,n.,/bhakti/ /pūjā/,భక్తి / పూజ,భక్తి / పూజ,Banjara_telugu.docx
పూజారి,bamman / pujari,n.,/bāmmaṇ/ /pūjāri/,బామ్మణ్ / పూజారి,బామ్మణ్ / పూజారి,Banjara_telugu.docx
పూసలు,pot,n.,/pōṭ/,పోట్,పోట్,Banjara_telugu.docx
పృథ్వీ,dharti,n.,/dharti/,ధర్తి,ధర్తి,Banjara_telugu.docx
పెంచడం,pal / bader,v.,/pāḷ/ /baḍēr/,పాళ్ / బడేర్,పాళ్ / బడేర్,Banjara_telugu.docx
పెట్టడం,rakad,v.,/rakāḍ/,రకాడ్,రకాడ్,Banjara_telugu.docx
పెట్టె,sanduk / dabbo,n.,/sanduk/ /dabbō/,సందుక్ / దబ్బో,సందుక్ / దబ్బో,Banjara_telugu.docx
పెద్ద,moto / bado,adj.,/mōṭō/ /baḍō/,మోటో / బడో,మోటో / బడో,Banjara_telugu.docx
పెద్ద నాన్న,baba,n.,/bābā/,బాబా,బాబా,Banjara_telugu.docx
పెద్దమ్మ,moto mami,n.,/mōṭō māmi/,మోటో మామి,మోటో మామి,Banjara_telugu.docx
పెదవి,hot,n.,/hōṭ/,హోట్,హోట్,Banjara_telugu.docx
పెళ్లి,vaya,n.,/vāyā/,వాయా,వాయా,Banjara_telugu.docx
పెసర పప్పు,pesarlat dal,n.,/pēsarḷat dāḷ/,పేసర్లత్ దాళ్,పేసర్లత్ దాళ,Banjara_telugu.docx
పెరుగు,dhayi,n.,/dhayi/,ధయి,ధయి,Banjara_telugu.docx
పైన,umpar,adv.,/ūmpar/,ఊంపర్,ఊంపర్,Banjara_telugu.docx
పైకప్పు,oder / chappar,n.,/ōḍēr/ /chappar/,ఓడేర్ / ఛప్పర్,ఓడేర్ / ఛప్పర్,Banjara_telugu.docx
పొగ,dhunvã,n.,/dhū̃vã/,ధూఁవఁ,ధూంవం,Banjara_telugu.docx
పొగాకు,tambaku,n.,/tambākū/,తంబాకూ,తంబాకూ,Banjara_telugu.docx
పొట్ట,pet,n.,/pēṭ/,పేట్,పేట్,Banjara_telugu.docx
పొట్టి,pogga,adj.,/pōggā/,పోగ్గా,పోగ్గా,Banjara_telugu.docx
పొడవు,tangalo / uncha,adj.,/ṭāṅgāḷō/ /uñca/,టాంగాళో / ఉంచ,టాంగాళో / ఉంచా,Banjara_telugu.docx
పొలం,khet / jammi,n.,/khēt/ /jammi/,ఖేత్ / జమ్మి,ఖేత్ / జమ్మి,Banjara_telugu.docx
పొలిమేర,gettu,n.,/geṭṭu/,గెట్టు,గెట్టు,Banjara_telugu.docx
పొద్దున,savaro,n.,/savārō/,సవారో,సవారో,Banjara_telugu.docx
పొయ్యి,chulo,n.,/chūḷō/,ఛూళో,ఛూళో,Banjara_telugu.docx
పొరపాటు,bhul / galat,n.,/bhūl/ /galat/,భూల్ / గలత్,భూల్ / గలత్,Banjara_telugu.docx
పొరుగు వారు,samar,n.,/sāmār/,సామార్,సామార్,Banjara_telugu.docx
పోటీ,jagat,n.,/jagat/,జగత్,జగత్,Banjara_telugu.docx
పోరాటం,lad,n.,/laḍ/,లడ్,లడ్,Banjara_telugu.docx
పోలిక,rup / vanya,n.,/rūp/ /vaṇyā/,రూప్ / వణ్యా,రూప్ / వణ్యా,Banjara_telugu.docx
పోగు చెయ్యి,dhanyikar,v.,/ḍhãnyikar/,ఢఁయికర్,ఢంయికర్,Banjara_telugu.docx
ప్రక్కటెముక,paktima hasra,n.,/pāktimā hasrā/,పాక్తిమా హస్రా,పాక్తిమా హస్రా,Banjara_telugu.docx
ప్రకాశం,vajalo,n.,/vajāḷō/,వజాళో,వజాళో,Banjara_telugu.docx
ప్రకృతి,prakrti,n.,/prakṛti/,ప్రకృతి,ప్రకృతి,Banjara_telugu.docx
ప్రజలు,jan / malav,n.,/jan/ /maḷāv/,జన్ / మళావ్,జన్ / మళావ్,Banjara_telugu.docx
ప్రతి రోజు,dadi dadi,adv.,/daḍi daḍi/,దడి దడి,దడి దడి,Banjara_telugu.docx
ప్రతిబింబం,chandi / bomma,n.,/chāndi/ /bomma/,ఛాంది / బొమ్మ,ఛాంది / బోమ్మా,Banjara_telugu.docx
ప్రతిమ,bomma / murat,n.,/bomma/ /mūrat/,బొమ్మ / మూరత్,బోమ్మా / మూరత్,Banjara_telugu.docx
ప్రథమ చికిత్స,pena ilaj,n.,/pēnā ilāj/,పేనా ఇలాజ్,పేనా ఇలాజ్,Banjara_telugu.docx
ప్రధాన ద్వారం,galama,n.,/galamā/,గలమా,గలమా,Banjara_telugu.docx
ప్రయాణం,dhang / jayer,n.,/ḍhaṅg/ /jāyēr/,ఢంగ్ / జాయేర్,ढंग / जायेर,Banjara_telugu.docx
ప్రవాహం,rungi / veri,n.,/ruṅgi/ /vēri/,రుంగి / వేరి,रुन्गि / वेरि,Banjara_telugu.docx
ప్రశ్న,saval,n.,/savāl/,సవాల్,సవాల్,Banjara_telugu.docx
ప్రసాదం,prasad,n.,/prasād/,ప్రసాద్,ప్రసాద్,Banjara_telugu.docx
ప్రసూతి,pide,n.,/pīḍē/,పీడే,పీడే,Banjara_telugu.docx
ప్రార్థన,bhakti / vinti,n.,/bhakti/ /vinti/,భక్తి / వింతి,భక్తి / వింతి,Banjara_telugu.docx
ప్రేమ,pyar / jhal,n.,/pyār/ /jhāḷ/,ప్యార్ / ఝాళ్,प्यार / झाळ,Banjara_telugu.docx
ప్రేమించు,pyarkar,v.,/pyārkar/,ప్యార్కర్,प्यारकर,Banjara_telugu.docx
పక్షపాతం,hamso,n.,/haṃsō/,హఁసొ,हंसो,Banjara_telugu.docx
ఫలానా,palan,adj.,/pāḷāṇ/,పాళాణ్,पाळाण,Banjara_telugu.docx
ఫలితం,nasib / dadi,n.,/nasīb/ /daḍi/,నసీబ్ / దడి,नसीब / దడి,Banjara_telugu.docx
ఫలహారం,mit dabal roti / mitamataayi,n.,/mīṭ dabal rōṭi/ /mīṭamaṭāyi/,మీట్ డబల్ రోటి / మీటమటాయి,మీట్ డబల్ రోటి / మీటమటాయి,Banjara_telugu.docx
ఫౌంటెన్ పెన్,ponti,n.,/poṇṭi/,పొంటి,पोन्टि,Banjara_telugu.docx
ఫాంటం,chandi,n.,/chāndi/,ఛాంది,छांदी,Banjara_telugu.docx
ఫిర్యాదు,phiryad,n.,/firyād/,ఫిర్యాద్,फिर्याद,Banjara_telugu.docx
బంక,gūnd,n.,/gūnd/,గూంద్,गून्द [cite: 1983,Banjara_telugu.docx
బంకమన్ను,māḷērdhūḍ,n.,/māḷērdhūḍ/,మాళేర్ధూడ్,माळेरधूड़ [cite: 1986,Banjara_telugu.docx
బంగారం,suvarna,n.,/suvarṇa/,సువర్ణ,సువర్ణ [cite: 1987],Banjara_telugu.docx
బంగాళా దుంప,āl gaḍa,n.,/āl gaḍa/,ఆల్ గడ,आल गडा [cite: 1988,Banjara_telugu.docx
బంజారా తండా,gvārer tāṇḍō,n.,/gvārēr tāṇḍō/,గ్వారెర్ తాండో,ग्वारेर तान्डो [cite: 1990],Banjara_telugu.docx
బంజారా భాష,banjāra,n.,/bañjāra/,బంజార,बञ्जारा [cite: 1991,Banjara_telugu.docx
బ్లేడు,patti,n.,/patti/,పత్తి,పత్తి [cite: 2218,Banjara_telugu.docx
బహిరంగమవ్వు,bār pāడ్,v.,/bār pāḍ/,బార్ పాడ్,బార్ పాడ్ [cite: 1997,Banjara_telugu.docx
బహుమానం,inām,n.,/inām/,ఇనామ్,ఇనామ్ [cite: 1997,Banjara_telugu.docx
బురద,kītch / kichalḍō,n.,/kītch/ /kicalḍō/,కీట్చ్ / కిచల్డో,కీట్చ్ / కిచల్డో [cite: 1999,Banjara_telugu.docx
బురద నేల,kinchēvāḷ jammī,n.,/kiñcēvāḷ jammī/,కించేవాళ్ జమ్మి,కించేవాళ్ జమ్మి [cite: 2001,Banjara_telugu.docx
బంతి,cheṇḍu,n.,/ceṇḍu/,చెండూ,చెండూ [cite: 2003,Banjara_telugu.docx
బహుశా,andājō,adv.,/andājō/,అందాజొ,అందాజొ [cite: 2005,Banjara_telugu.docx
బూజు,bussi,n.,/bussi/,బుస్సి,బుస్సి [cite: 2007,Banjara_telugu.docx
బకెట్,bokkena,n.,/bokkēna/,బొక్కెన,బోక్కెన [cite: 2009,Banjara_telugu.docx
బాగా,rās / asmān,adv.,/rās/ /asmān/,రాస్ / అస్మాన్,రాస్ / అస్మాన్ [cite: 2011,Banjara_telugu.docx
బూట్లు,būṇṭ,n.,/būṇṭ/,బూంట్,బూంట్ [cite: 2013,Banjara_telugu.docx
బచ్చలి,vāḍēr bhajjī,n.,/vāḍēr bhājjī/,వాడేర్ భజ్జి,వాడేర్ భజ్జి [cite: 2015,Banjara_telugu.docx
బాగు చేయి,vārukar,v.,/vārukar/,వారుకర్,వారుకర్ [cite: 2017,Banjara_telugu.docx
బూడిద,rāk,n.,/rāk/,రాక్,రాక్ [cite: 2019,Banjara_telugu.docx
బట్టలు,latokgā,n.,/latōkgā/,లతొక్గా,లతొక్గా [cite: 2021,Banjara_telugu.docx
బాజా బజంత్రీలు,bājā bajantrīlu,n.,/bājā bajantrīlu/,బాజా బజంత్రీలు,బాజా బజంత్రీలు [cite: 2023],Banjara_telugu.docx
బెండకాయ,bhiṇḍa,n.,/bhiṇḍa/,భిండ,భిండ [cite: 2024,Banjara_telugu.docx
బడవా నేల,bāḍavā,n.,/bāḍavā/,బాడవా,బాడవా [cite: 2026,Banjara_telugu.docx
బాడిసె,bāra,n.,/bāra/,బారా,బారా [cite: 2028,Banjara_telugu.docx
బతకమ్మ,tīj,n.,/tīj/,తీజ్,తీజ్ [cite: 2037,Banjara_telugu.docx
బాతు,batak,n.,/batak/,బతక్,బతక్ [cite: 2039,Banjara_telugu.docx
బెదిరించి,chamkān,v.,/camkān/,చమ్కాన్,చమ్కాన్ [cite: 2041,Banjara_telugu.docx
బతిమిలాడు,nvārā,v.,/nvārā/,న్వారా,న్వారా [cite: 2043,Banjara_telugu.docx
బాదు,mār,v.,/mār/,మార్,మార్ [cite: 2045,Banjara_telugu.docx
బెదిరించే,chamkān,adj.,/camkān/,చమ్కాన్,చమ్కాన్ [cite: 2047,Banjara_telugu.docx
బతుకు,jīvaṇi,v.,/jīvaṇi/,జీవణి,జీవణి [cite: 2049,Banjara_telugu.docx
బాధ,hāyi,n.,/hāyi/,హాయి,హాయి [cite: 2051,Banjara_telugu.docx
బెరడు,chōḍkā,n.,/chōḍkā/,ఛోడ్కా,ఛోడ్కా [cite: 2053,Banjara_telugu.docx
బాధ్యత,jimmedāri,n.,/jimmēdāri/,జిమ్మెదారి,జిమ్మెదారి [cite: 2056,Banjara_telugu.docx
బెలూటు,paṭṭeḍā,n.,/paṭṭēḍā/,పట్టెడా,పట్టెడా [cite: 2058,Banjara_telugu.docx
బదులు,hāṭō,n.,/hāṭō/,హాటో,హాటో [cite: 2060,Banjara_telugu.docx
బాధ్యత గల,jimmedāri,adj.,/jimmēdāri/,జిమ్మెదారి,జిమ్మెదారి [cite: 2062,Banjara_telugu.docx
బెల్లం,gōḷ,n.,/gōḷ/,గోళ్,గోళ్ [cite: 2064,Banjara_telugu.docx
బద్దలవ్వు,phuṭēr,v.,/fuṭēr/,ఫుటేర్,ఫుటేర్ [cite: 2066,Banjara_telugu.docx
బాలుడు,chvārā,n.,/cvārā/,ఛ్వారా,ఛ్వారా [cite: 2068,Banjara_telugu.docx
బేరం,mōlkarēr,n.,/mōlkarēr/,మోల్కరేర్,మోల్కరేర్ [cite: 2070,Banjara_telugu.docx
బద్దలుకొట్టు,phōḍ,v.,/fōḍ/,ఫోడ్,ఫోడ్ [cite: 2072,Banjara_telugu.docx
బావ,bhanōyi,n.,/bhanōyi/,భనోయి,భనోయి [cite: 2074,Banjara_telugu.docx
బావి,ḍhāb,n.,/ḍhāb/,ఢాబ్,ఢాబ్ [cite: 2080,Banjara_telugu.docx
బొంతు కూర,rajānēr,n.,/rajānēr/,రజానేర్,రజానేర్ [cite: 2082,Banjara_telugu.docx
బయలుదేరు,nikaḷ / nisar,v.,/nikaḷ/ /nisar/,నికళ్ / నిసర్,నికళ్ / నిసర్ [cite: 2084],Banjara_telugu.docx
బాహువు,khavō / kāndō,n.,/khavō/ /kāndō/,ఖవొ / కాందో,ఖవొ / కాందో [cite: 2085,Banjara_telugu.docx
బొంద,khāḍ,n.,/khāḍ/,ఖాడ్,ఖాడ్ [cite: 2087,Banjara_telugu.docx
బయానా,bayānā,n.,/bayānā/,బయానా,బయానా [cite: 2089,Banjara_telugu.docx
బరువు,bhāri / vajan,n.,/bhāri/ /vajan/,భారి / వజన్,భారి / వజన్ [cite: 2093,Banjara_telugu.docx
బూర్,būr,n.,/būr/,బూర్,బూర్ [cite: 2095,Banjara_telugu.docx
బర్మా,barma,n.,/barma/,బర్మ,బర్మ [cite: 2097,Banjara_telugu.docx
బిగించు,kāṭṭō kar / kas,v.,/kāṭṭō kar/ /kas/,కాట్టో కర్ / కస్,కాట్టో కర్ / కస్ [cite: 2099,Banjara_telugu.docx
బొందల గడ్డ,masāṇ,n.,/masāṇ/,మసాణ్,మసాణ్ [cite: 2101,Banjara_telugu.docx
బిగ్గరగా,jōrti,adv.,/jōrti/,జోర్తి,జోర్తి [cite: 2105,Banjara_telugu.docx
బొక్క,vēj,n.,/vēj/,వేజ్,వేజ్ [cite: 2107,Banjara_telugu.docx
బలం లేని తనం,vanddeni,n.,/vanddēni/,వంద్దెని,వంద్దెని [cite: 2109,Banjara_telugu.docx
బిచ్చం,bhīk,n.,/bhīk/,భీక్,భీక్ [cite: 2111,Banjara_telugu.docx
బొక్కల గాజులు,baliya,n.,/baḷiya/,బలియ,బలియ [cite: 2113,Banjara_telugu.docx
బలంగా,dhāpan,adv.,/dhāpan/,ధాపన్,ధాపన్ [cite: 2115,Banjara_telugu.docx
బొగ్గు,kolyā,n.,/koḷyā/,కొల్యా,కొల్యా [cite: 2118,Banjara_telugu.docx
బియ్యం,chāvaḷ,n.,/cāvaḷ/,చావళ్,చావళ్ [cite: 2122,Banjara_telugu.docx
బొచ్చు,ūn,n.,/ūn/,ఊన్,ఊన్ [cite: 2124,Banjara_telugu.docx
బలం / శక్తి,jōr,n.,/jōr/,జోర్,జోర్ [cite: 2132,Banjara_telugu.docx
బిరుదు,puraskār,n.,/puraskār/,పురస్కార్,పురస్కార్ [cite: 2134,Banjara_telugu.docx
బొడ్డు,suṇṭi,n.,/suṇṭi/,సుంటి,సుంటి [cite: 2136,Banjara_telugu.docx
బలవంతం,jōrbār tī,n.,/jōrbār tī/,జోర్బార్ తి,జోర్బార్ తి [cite: 2138,Banjara_telugu.docx
బొత్తిగా,naṭṭam,adv.,/naṭṭam/,నట్టమ్,నట్టమ్ [cite: 2142,Banjara_telugu.docx
బలవంతుడు,balvān,n.,/baḷvān/,బల్వాన్,బల్వాన్ [cite: 2144,Banjara_telugu.docx
బీడు,paḍāv,n.,/paḍāv/,పడావ్,పడావ్ [cite: 2146,Banjara_telugu.docx
బొద్దింక,koshāri,n.,/kośāri/,కొశారి,కొశారి [cite: 2148,Banjara_telugu.docx
బలహీనం,kam jōr,n.,/kam jōr/,కమ్ జోర్,కమ్ జోర్ [cite: 2150,Banjara_telugu.docx
బీద,garīb,n.,/garīb/,గరీబ్,గరీబ్ [cite: 2152,Banjara_telugu.docx
బలహీనమైన,banā tāktērō,adj.,/banā tāktērō/,బనా తాక్తేరొ,బనా తాక్తేరొ [cite: 2156,Banjara_telugu.docx
బీమా చెయ్యి,bhīmākar,v.,/bhīmākar/,భీమాకర్,భీమాకర్ [cite: 2158,Banjara_telugu.docx
బొప్పాయి,pāpaḍ kāya,n.,/pāpaḍ kāyā/,పాపడ్ కాయ,పాపడ్ కాయ [cite: 2160,Banjara_telugu.docx
బీరకాయ,tōri,n.,/tōri/,తోరి,తోరి [cite: 2164,Banjara_telugu.docx
బొబ్బ,phōḍā,n.,/fōḍā/,ఫోడా,ఫోడా [cite: 2166,Banjara_telugu.docx
బలి ఇవ్వు,polimār,v.,/poḷimār/,పొలిమార్,పొలిమార్ [cite: 2168,Banjara_telugu.docx
బీరువా,almār,n.,/almār/,అల్మార్,అల్మార్ [cite: 2170,Banjara_telugu.docx
బుడ్డ,ḍvādō,n.,/ḍvādō/,డ్వాడో,డ్వాడో [cite: 2176,Banjara_telugu.docx
బల్బు,bugga,n.,/buggā/,బుగ్గ,బుగ్గ [cite: 2182,Banjara_telugu.docx
బుద్ధి చెప్పు,gyān kam,v.,/gyān kam/,గ్యాన్ కం,గ్యాన్ కం [cite: 2197,Banjara_telugu.docx
బుద్ధి / తెలివి,gyān,n.,/gyān/,జ్ఞాన్,జ్ఞాన్ [cite: 2206,Banjara_telugu.docx
బ్రతుకు,bañch,v.,/bañc/,బంచ్,బంచ్ [cite: 2208,Banjara_telugu.docx
బుధవారం,badvār,n.,/badvār/,బద్వార్,బద్వార్ [cite: 2211,Banjara_telugu.docx
బహిరంగంగా,khullaṃkhulla,adv.,/khullaṃkhullā/,ఖుల్లంఖుల్ల,ఖుల్లంఖుల్ల [cite: 2213,Banjara_telugu.docx
బురఖా,burkā,n.,/burkā/,బుర్కా,బుర్కా [cite: 2215,Banjara_telugu.docx
భంగిమ,navērō,n.,/navērō/,నవేరొ,నవేరొ [cite: 2220,Banjara_telugu.docx
భద్రమైన,jatan,adj.,/jatan/,జతన్,జతన్ [cite: 2225,Banjara_telugu.docx
భయం,chamak / ḍar,n.,/camak/ /ḍar/,చమక్ / డర్,చమక్ / డర్ [cite: 2225,Banjara_telugu.docx
భాగం,haṃsō,n.,/haṃsō/,హంసో,హంసో [cite: 2227,Banjara_telugu.docx
భాగస్వామి,hissādār,n.,/hissādār/,హిస్సాదార్,హిస్సాదార్ [cite: 2230,Banjara_telugu.docx
భుజం,sāndēr,n.,/sāndēr/,సాందేర్,సాందేర్ [cite: 2230,Banjara_telugu.docx
భూమి,jāg / jammī / dhartī,n.,/jāg/ /jammī/ /dhartī/,జాగ్ / జమ్మి / ధర్తి,జాగ్ / జమ్మి / ధర్తి [cite: 2232,Banjara_telugu.docx
మంగలివాడు,navi,n.,/nāvi/,నావి,नावि,Banjara_telugu.docx
మంగళవారం,mangal var,n.,/maṅgal vār/,మంగళ వార్,मंगल वार,Banjara_telugu.docx
మంచము,palang,n.,/palaṅg/,పలంగ్,पलङ्ग,Banjara_telugu.docx
మంచి,ach / achcho / varuj,adj.,/āc/ /āccō/ /vāruj/,ఆచ్ / ఆచ్చొ / వారుజ్,आच / आच्चो / वारुज,Banjara_telugu.docx
మంచి మాటలు,achchi vate,n.,/āccī vātē/,ఆచ్చీవాతే,आच्चीवाते,Banjara_telugu.docx
మంచిది,ach / sorer,adj.,/āc/ /sōrēr/,ఆచ్ / సొరేర్,आच / सोरेर,Banjara_telugu.docx
మంచు,baramper / bharap,n.,/baraṃpēr/ /bharap/,బరఁపేర్ / భరప్,बरंपेर / भरप,Banjara_telugu.docx
మంచు తుఫాను,vanevalo pani,n.,/vaṇēvāḷō pāṇī/,వనేవాళో పాణీ,वनेवाळो पाणी,Banjara_telugu.docx
మంట,holi / angar,n.,/hōḷi/ /aṅgār/,హోళి / అంగార్,होळी / अङ्गार,Banjara_telugu.docx
మంట ఆర్పు,angar ola,v.,/aṅgār ōlā/,అంగార్ ఒలా,अङ्गार ओला,Banjara_telugu.docx
మంట పెంచడం,anch jadakar,v.,/āñc jādākar/,ఆంచ్ జదాకర్,आञ्च जदाकर,Banjara_telugu.docx
మంట మండు,lagra,v.,/lāgrā/,లాగ్రా,लाग्रा,Banjara_telugu.docx
మండు,lagra,v.,/lāgrā/,లాగ్రా,लाग्रा,Banjara_telugu.docx
మండుతుంది,batrocha,v.,/batrōcã/,బత్రోచఁ,बत्रोचां,Banjara_telugu.docx
మండువా,mandva,n.,/maṇḍvā/,మండ్వా,मण्ड्वा,Banjara_telugu.docx
మంత్రం,mattar,n.,/mattar/,మత్తర్,मत्तर,Banjara_telugu.docx
మంత్రగాడు,bhakat,n.,/bhakat/,భకత్,भकत,Banjara_telugu.docx
మంత్రించు,mantar mar,v.,/mantar mār/,మంతర్ మార్,मन्तर मार,Banjara_telugu.docx
మంద,khadu / manda,n.,/khāḍu/ /manda/,ఖాడు / మంద,खाडु / मन्दा,Banjara_telugu.docx
మందగూడు,malav,n.,/maḷāv/,మళావ్,मळाव,Banjara_telugu.docx
మందు,dava / jhad,n.,/davā/ /jhāḍ/,దవా / ఝాడ్,దవా / झाड,Banjara_telugu.docx
మందులు,davayi,n.,/davāyi/,దవాయి,दवायि,Banjara_telugu.docx
మగ,marad,adj.,/marad/,మరద్,मरद,Banjara_telugu.docx
మగ కప్ప,mitka,n.,/miṭkā/,మిట్కా,मिटका,Banjara_telugu.docx
మగ కోతి,vandar,n.,/vāndar/,వాందర్,वान्दर,Banjara_telugu.docx
మగ గాడిద,gada,n.,/gada/,గద,गद,Banjara_telugu.docx
మగ తొండ,dikan thondo,n.,/ḍikāṇ thōṇḍō/,దికణ్ థొండో,दिक्षण थोन्डो,Banjara_telugu.docx
మగ నక్క,salya,n.,/sāḷyā/,సాళ్యా,साळ्या,Banjara_telugu.docx
మగ పంది,sur,n.,/sūr/,సూర్,सूर,Banjara_telugu.docx
మగ పిల్లి,bissa,n.,/bissā/,బిస్సా,बिस्सा,Banjara_telugu.docx
మగ లేడి,chitala,n.,/citaḷa/,చితల,चितळा,Banjara_telugu.docx
మగజింక,chitala,n.,/citaḷa/,చితల,चितळा,Banjara_telugu.docx
మగవారు,tander,n.,/ṭāṇḍēr/,టాండేర్,टान्डेर,Banjara_telugu.docx
మగ,n.,మగాడు,tander,/ṭāṇḍēr/,టాండేర్,Banjara_telugu.docx
మచ్చపడు,gat padigi / maraka,v.,/gāṭ paḍigi/ /maraka/,గాట్ పడిగి / మరక,गाट पडिगि / मरका,Banjara_telugu.docx
మచ్చు,saya,n.,/sāya/,సాయ,साय,Banjara_telugu.docx
మజిలీ,thakana,n.,/ṭhakāṇā/,ఠకాణా,ठकाणा,Banjara_telugu.docx
మట్టం చేయడం,matrangi,v.,/matraṅgi/,మట్రంగి,मत्रङ्गि,Banjara_telugu.docx
మట్టి,dud / dhud,n.,/dūḍ/ /dhūḍ/,దూడ్ / ధూడ్,दूड़ / धूड़,Banjara_telugu.docx
మట్టి నీరు,gadbho pani,n.,/gadbhō pāṇī/,గద్భొ పాణీ,गदभो पाणी,Banjara_telugu.docx
మట్టెలు,chantki,n.,/cãṭki/,చఁట్కి,चंट्कि,Banjara_telugu.docx
మడత,dhadi,n.,/ḍhaḍi/,ధడి,धडि,Banjara_telugu.docx
మడమ,edi,n.,/ēḍi/,ఏడి,एडि,Banjara_telugu.docx
మడుగు,khad / banta,n.,/khāḍ/ /baṇṭa/,ఖాడ్ / బంట,खाड / बन्टा,Banjara_telugu.docx
మడులు,madi,n.,/maḍi/,మడి,मडि,Banjara_telugu.docx
మరిది,devar,n.,/dēvar/,దేవర్,देवर,Banjara_telugu.docx
మరిన్ని,ajji at,adj.,/ajji at/,అజ్జి అత్,अज्जि अत,Banjara_telugu.docx
మరియు,vajji / ujji,conj.,/vajji/ /ujji/,వజ్జి / ఉజ్జి,वज्जि / उज्जि,Banjara_telugu.docx
మరుగు,uka,v.,/ukã/,ఉకఁ,उकां,Banjara_telugu.docx
మరుగుజ్జు,podga / potiya,n.,/pōḍgā/ /pōṭiyā/,పోడ్గా / పోటియా,पोड्गा / पोटिया,Banjara_telugu.docx
మరుసటి,paccher,adj.,/paccēr/,పచ్చేర్,पच्चेर,Banjara_telugu.docx
మరొక,shayir,adj.,/śāyir/,శాయిర్,शायिर,Banjara_telugu.docx
మర్చిపోవడం,bhuler,v.,/bhūlēr/,భూలేర్,भूलेर,Banjara_telugu.docx
మతిమరుపు,bhuler,n.,/bhūlēr/,భూలేర్,भूलेर,Banjara_telugu.docx
మత్తు,rimma / nisar,n.,/rimmā/ /nisār/,రిమ్మా / నిసార్,रिम्मा / निसार,Banjara_telugu.docx
మత్య్సకారుడు,jhimra,n.,/jhīmrā/,ఝిమ్రా,झिम्रा,Banjara_telugu.docx
మద్య బిడ్డ,vacchet beta,n.,/vaccēṭ bēṭā/,వచ్చేట్ బేటా,वच्चेट बेटा,Banjara_telugu.docx
మద్యవర్తి,vacchela,n.,/vaccēla/,వచ్చేల,वच्चेला,Banjara_telugu.docx
మనం,apan,pron.,/apaṇ/,ఆపణ్,आपण,Banjara_telugu.docx
మనః దశ,manati,n.,/manati/,మనతి,मनति,Banjara_telugu.docx
మనః స్థితి,manati,n.,/manati/,మనతి,मनति,Banjara_telugu.docx
మనకు మనం,ati apan,pron.,/ati apaṇ/,అతి ఆపణ్,अति आपण,Banjara_telugu.docx
మనది,apan,pron.,/apaṇ/,ఆపణ్,आपण,Banjara_telugu.docx
మనలో ఒక్కరు,apane-ma ek,pron.,/apaṇēmā ēk/,ఆపణేమ ఏక్,आपणेमा एक,Banjara_telugu.docx
మనవరాలు,poti,n.,/pōti/,పోతి,పోతి,Banjara_telugu.docx
మనసు లాగడం,jhurer,v.,/jhūrēr/,ఝూరేర్,झूरेर,Banjara_telugu.docx
మనుమడు,natera,n.,/natērā/,నతేరా,नतेरा,Banjara_telugu.docx
మనోవిజ్ఞాన శాస్త్రం,man jnaner shastram,n.,/man jñāṇēr śāstraṃ/,మన్ జ్ఞానేర్ శాస్త్రం,मन ज्ञानेर शास्त्रं,Banjara_telugu.docx
మబ్బు,vajal,n.,/vājaḷ/,వాజళ్,वाजळ,Banjara_telugu.docx
మరణం,margo,n.,/margō/,మర్గో,मर्गो,Banjara_telugu.docx
మరణించిన,samago-jako,adj.,/samāgōjakō/,సమాగొజకొ,समागोजको,Banjara_telugu.docx
మరణించు,margo,v.,/margō/,మర్గో,मर्गो,Banjara_telugu.docx
మరణించుట,margo,v.,/margō/,మర్గో,मर्गो,Banjara_telugu.docx
మరదలు,sali,n.,/sāḷi/,సాళి,साळि,Banjara_telugu.docx
మరమ్మత్తు చేసేవాడు,achchokarevalo,n.,/āccōkarēvāḷō/,ఆచ్చొకరెవాళో,आच्चोकरेवाळो,Banjara_telugu.docx
మలం,gu,n.,/gū/,గూ,गू,Banjara_telugu.docx
మల్లెపూల్,malle phul,n.,/māllē fūl/,మల్లే ఫూల్,मल्ले फूल,Banjara_telugu.docx
మళ్లించు,pher,v.,/fēr/,ఫేర్,फेर,Banjara_telugu.docx
మసక,andaro,n.,/andārō/,అందారొ,अन्दारो,Banjara_telugu.docx
మసాలా,masalo,n.,/masālō/,మసాలో,मसालो,Banjara_telugu.docx
మసీదు,miyar deval,n.,/mīyār dēvaḷ/,మీయార్ దేవళ్,मीयार देवळ,Banjara_telugu.docx
మసులుతుంది,ukallo,v.,/ukaḷḷō/,ఉకళ్లో,उकळ्ळो,Banjara_telugu.docx
మహా సముద్రం,motosamr,n.,/mōṭōsāmr/,మోటొసమ్ర్,मोटोसम्र,Banjara_telugu.docx
మహిళలు,bayilog,n.,/bāyilōg/,బాయిలోగ్,बायीलोग,Banjara_telugu.docx
మాట,vat,n.,/vāt/,వాత్,वात,Banjara_telugu.docx
మాటరాని,gungo,adj.,/gūṅgō/,గూoగొ,गूङ्गो,Banjara_telugu.docx
మాట్లాడించు,rok,v.,/rōk/,రోక్,रोक,Banjara_telugu.docx
మాట్లాడు,bol / pachar,v.,/bōḷ/ /pacār/,బోల్ / పచార్,बोळ / पचार,Banjara_telugu.docx
మొసలి,mangar,n.,/maṅgar/,మంగర్,मंगर,Banjara_telugu.docx
మొక్క,molka,n.,/molkā/,మొక్క,मोल्का,Banjara_telugu.docx
మొక్కజొన్న,makka,n.,/makkā/,మక్కా,मक्का,Banjara_telugu.docx
మొక్కలు,molka,n.,/molkā/,మొక్కలు,मोल्का,Banjara_telugu.docx
మొక్కలు నాటడం,molka,v.,/molkā/,మొల్కా,मोल्का,Banjara_telugu.docx
మాడు / కాల్చు / దహించు,baḷḷō,v.,/baḷḷō/,బళ్లో,बळ्ळो,Banjara_telugu.docx
మాదిరి,ōrnayi,n.,/ōrnayi/,ఓర్నయి,ओर्नयि,Banjara_telugu.docx
మాధ్యమిక,vacchēla,adj.,/vacchēla/,వచ్చేల,वच्चेला,Banjara_telugu.docx
మానవతా,mānavat,n.,/mānavat/,మానవత్,मानवत,Banjara_telugu.docx
మానసికమైన,manēr,adj.,/manēr/,మనేర్,मनेर,Banjara_telugu.docx
మానించు,samāḷ lã,v.,/samāḷ lã/,సమాళ్ లఁ,समाळ लं,Banjara_telugu.docx
మామ,sasrō / māma,n.,/sasrō/ /māma/,సస్రో / మామ,सस्रो / मामा,Banjara_telugu.docx
మామిడి కాయ,āmbā,n.,/āmbā/,ఆంబా,आंबा,Banjara_telugu.docx
మాయాజాలం,nañjar band,n.,/nañjar band/,నంజర్ బంద్,नञ्जर बन्द,Banjara_telugu.docx
మారడం,badalāyēr,v.,/badalāyēr/,బదలాయేర్,बदलायेर,Banjara_telugu.docx
మారుమూల,konārō,n.,/konārō/,కొనారొ,कोनारो,Banjara_telugu.docx
మార్చడం,badalāyēr,v.,/badalāyēr/,బదలాయేర్,बदलायेर,Banjara_telugu.docx
మార్చు,phēr,v.,/fēr/,ఫేర్,फेर,Banjara_telugu.docx
మాల,hār,n.,/hār/,హార్,हार,Banjara_telugu.docx
మింగు,galō,v.,/galō/,గలో,गलो,Banjara_telugu.docx
మిగలడం,nayi,v.,/nayi/,నయి,नयि,Banjara_telugu.docx
మిగిలిన,rēgōjakō,adj.,/rēgōjakō/,రేగొజకో,रेगोजको,Banjara_telugu.docx
మిట్ట పగటి పూట,khāṇ doppēr,n.,/khāṇ doppēr/,ఖాన్ దొప్పెర్,खाण दोप्पेर,Banjara_telugu.docx
మిఠాయి,mītō,n.,/mīṭō/,మీటొ,मीटो,Banjara_telugu.docx
మిఠాయిలు,maṭāyi,n.,/maṭāyi/,మటాయి,मटायि,Banjara_telugu.docx
మిణుకు మిణుకు,cham cham,adj.,/cam cam/,చమ్ చమ్,चम चम,Banjara_telugu.docx
మిత్రుడు,sōpti,n.,/sōpti/,సోప్తి,सोप्ति,Banjara_telugu.docx
మిరప,marcā,n.,/marcā/,మర్చా,मर्चा,Banjara_telugu.docx
మిరప కాయ,marcā,n.,/marcā/,మర్చా,मर्चा,Banjara_telugu.docx
మిరియాల,kāḷi marcē,n.,/kāḷi marcē/,కాళి మర్చే,काळि मर्चे,Banjara_telugu.docx
మిర్చి,marcā,n.,/marcā/,మర్చా,मर्चा,Banjara_telugu.docx
మీకు చెందిన,tamār,adj.,/tamār/,తమార్,तमार,Banjara_telugu.docx
మీరు,tam,pron.,/tam/,తమ్,तम,Banjara_telugu.docx
మీసాలు,mūchē,n.,/mūcē/,మూచే,मूचे,Banjara_telugu.docx
ముంగీస,muṅgēsa,n.,/muṅgēsa/,ముంగేస,मुन्गेसा,Banjara_telugu.docx
ముంచడం,ḍabōḷ,v.,/ḍabōḷ/,డబోళ్,डबोळ,Banjara_telugu.docx
ముంచిండు,buḍādinō,v.,/buḍādinō/,బుడాదినో,बुडादिनो,Banjara_telugu.docx
ముంచు,ḍubāḍ / ḍobāḷ,v.,/ḍubāḍ/ /ḍobāḷ/,డుబాడ్ / డొబళ్,डुबाड / डोबळ,Banjara_telugu.docx
ముంచెత్తు,ḍubāḍnāk,v.,/ḍubāḍnāk/,డుబాడ్నాక్,डुबाडनाक,Banjara_telugu.docx
ముంజ కాయ,gēr lāṃ,n.,/gēr lāṃ/,గేర్ లాం,गेर लां,Banjara_telugu.docx
ముంత,kōlḍi,n.,/kōlḍi/,కోల్డి,कोल्डि,Banjara_telugu.docx
ముందరి,dharāgiḍiyā,adj.,/dharāgiḍiyā/,ధర్అగిడియా,धरअगिडिया,Banjara_telugu.docx
ముందు,āṅgã / dharāgaḍiyā,adv.,/āṅgã/ /dharāgaḍiyā/,ఆంగఁ / ధర్అగడియా,आंगं / धरअगडिया,Banjara_telugu.docx
ముందు చేయాలి,dharāgaḍiyā,v.,/dharāgaḍiyā/,ధర్అగడియా,धरअगडिया,Banjara_telugu.docx
ముక్క,ḍaḷi / ṭolḍā,n.,/ḍaḷi/ /ṭolḍā/,డళి / టొల్డా,डळि / टोल्डा,Banjara_telugu.docx
ముక్కలుముక్కలుగా విసరడం,chīṇṭ chāṇṭ,v.,/cīṇṭ cāṇṭ/,ఛీంట్ ఛాంట్,छीन्ट छान्ट,Banjara_telugu.docx
ముక్కు,nāk,n.,/nāk/,నాక్,नाक,Banjara_telugu.docx
ముక్కు పుడక,phulā / bhūriya,n.,/fulā/ /bhūriya/,ఫులా / భూరియ,फुला / भूरिय,Banjara_telugu.docx
ముక్కు పోగు,bhūriya,n.,/bhūriya/,భూరియ,भूरिय,Banjara_telugu.docx
ముక్కుతో పీల్చు,sūṅg,v.,/sūṅg/,సూంగ్,सूंङ्ग,Banjara_telugu.docx
ముగించకు,purōkarmat,v.,/purōkarmat/,పురొకర్మత్,पुरोकर्मत,Banjara_telugu.docx
ముగించు,khuṭāḍ,v.,/khuṭāḍ/,ఖుటాడ్,खुटाड,Banjara_telugu.docx
ముగింపు,tapshā,n.,/tapśā/,తప్శా,तपशा,Banjara_telugu.docx
ముగియు,pūr vēgō,v.,/pūr vēgō/,పూర్ వేగో,पूर वेगो,Banjara_telugu.docx
ముగిసిన,pūr vēgō / vēgōjakō,adj.,/pūr vēgō/ /vēgōjakō/,పూర్ వేగో / వేగొజకొ,पूर वेगो / वेगोजको,Banjara_telugu.docx
ముగ్గురికి మూడు,tinin tīn,adv.,/tinin tīn/,తినిన్ తీన్,तिनिन तीन,Banjara_telugu.docx
ముట్టని,chipēkōnijakō,adj.,/chipēkōnijakō/,ఛిపేకోనిజకొ,छिपेकोनिजको,Banjara_telugu.docx
ముట్టు,chīp,v.,/chīp/,ఛీప్,छीप,Banjara_telugu.docx
ముడి,gāṇṭ,n.,/gāṇṭ/,గాంట్,गान्ट,Banjara_telugu.docx
ముత్తాత,paḍ dādā,n.,/paḍ dādā/,పడ్ దాదా,पड दादा,Banjara_telugu.docx
ముదిరిన,buḍōyēgō,adj.,/buḍōyēgō/,బుడొయేగో,बुडोयेगो,Banjara_telugu.docx
ముదురు ఎరుపు,lālōchaṭak,adj.,/lālōcaṭak/,లాలొచటక్,लालोचटक,Banjara_telugu.docx
ముద్ద,bukka / kvāḷ,n.,/bukka/ /kvāḷ/,బుక్క / క్వాళ్,बुक्का / क्वाळ,Banjara_telugu.docx
ముద్దగా చెయ్యి,muddakar,v.,/muddakar/,ముద్దకర్,मुद्दकर,Banjara_telugu.docx
ముద్దు,chūm,n.,/cūm/,చూమ్,चूम,Banjara_telugu.docx
ముద్దు మాటలు,mīṭi vātē,n.,/mīṭi vātē/,మీటి వాతే,मीटी वाते,Banjara_telugu.docx
ముద్దుగా,lāḍēti,adv.,/lāḍēti/,లాడేతి,लाडेती,Banjara_telugu.docx
ముద్దుల బిడ్డ,hū̃ssēr bēṭā,n.,/hū̃ssēr bēṭā/,హూఁస్సేర్ బేటా,हूँसेर बेटा,Banjara_telugu.docx
ముద్దులాడు,chumajakō,v.,/cumajakō/,చుమజకో,चुमजको,Banjara_telugu.docx
ముద్ర,mōr,n.,/mōr/,మోర్,मोर,Banjara_telugu.docx
ముద్రించు,chapāyēr,v.,/chapāyēr/,ఛపాయేర్,छपायेर,Banjara_telugu.docx
మునిగింది,ḍūbdī,v.,/ḍūbdī/,డూబ్ది,ड़बदी,Banjara_telugu.docx
మునుగు,ḍūsgō / ḍūbrō,v.,/ḍūsgō/ /ḍūbrō/,డూస్గో / డూబ్రో,डूसगो / डूबरो,Banjara_telugu.docx
మునుపటి పెండ్లం,agir tāṇḍri,n.,/agir tāṇḍri/,అగిర్ టాండ్రి,अगिर तान्ड्रि,Banjara_telugu.docx
మునుపటి మొగడు,agḍir gharēvāḷō tāṇడēr,n.,/agḍir gharēvāḷō tāṇḍēr/,అగ్డిర్ ఘరేవాళో టాండేర్,अग्डिर घरेवाळो तान्डेर,Banjara_telugu.docx
ముప్ఫై,tīs,num.,/tīs/,తీస్,तीस,Banjara_telugu.docx
మురికి,myāl,n.,/myāl/,మ్యాల్,म्याल,Banjara_telugu.docx
మురికి చెయ్యి,mēḷāḷō hat,v.,/mēḷāḷō hāt/,మెళాళో హాత్,मेळाळो हात,Banjara_telugu.docx
మురికైన,myāl,adj.,/myāl/,మ్యాల్,म्याल,Banjara_telugu.docx
ముల్లంగి,mullaṅgi,n.,/mullaṅgi/,ముల్లంగి,मुल्लङ्गि,Banjara_telugu.docx
ముళ్ళ కప్ప,kāṇṭāḷi miṭiki,n.,/kāṇṭāḷi miṭiki/,కాంటాళి మిటికి,कान्टाळी मिटीकी,Banjara_telugu.docx
ముసలి,buḍō,adj.,/buḍō/,బుడొ,बुडो,Banjara_telugu.docx
ముసలి వ్యక్తి,bhalāādmī,n.,/bhalāādmī/,భలాఆద్మీ,भलाआदमी,Banjara_telugu.docx
మేకపోతు,bakrā,n.,/bakrā/,బక్రా,बक्रा,Banjara_telugu.docx
మేడ,baṅglā,n.,/baṅglā/,బంగ్లా,बङ्गला,Banjara_telugu.docx
మేత,mēta,n.,/mēta/,మేత,मेता,Banjara_telugu.docx
మేతపెట్టు,khaḍghāl,v.,/khaḍghāl/,ఖడ్ఘాల్,खड्घाल,Banjara_telugu.docx
మేనత్త,māmi / phupir,n.,/māmi/ /fupir/,మామి / ఫుపిర్,మామీ / ఫుపీర్,Banjara_telugu.docx
మేనల్లుడు,bhāṇ jō,n.,/bhāṇ jō/,భాణ్ జో,भाण जो,Banjara_telugu.docx
మేపు,charā,v.,/charā/,చరా,చరా,Banjara_telugu.docx
మేము,ham,pron.,/ham/,హమ్,हम,Banjara_telugu.docx
మేయుట,charēr,v.,/charēr/,చరేర్,చరేర్,Banjara_telugu.docx
మేలు కొలిపిన,jhagāyē,adj.,/jhagāyē/,ఝగాయె,झगाये,Banjara_telugu.docx
మేలుకొలుపు,jagāvō,n.,/jagāvō/,జగావొ,జగావో,Banjara_telugu.docx
మైదానం,maidān,n.,/maidān/,మైదాన్,మైదాన్,Banjara_telugu.docx
మైనం,myāṇ,n.,/myāṇ/,మ్యాణ్,మ్యాణ్,Banjara_telugu.docx
మొండి,nasaldō,adj.,/nasaldō/,నసల్డో,నసల్డో,Banjara_telugu.docx
మొదటి,āṅgēr / tōlchūr,adj.,/āṅgēr/ /tōlcūr/,ఆంగేర్ / తోల్చూర్,ఆన్గేర్ / తోల్చూర్,Banjara_telugu.docx
మొదటి పేరు,āgḍiyār nām,n.,/āgḍiyār nām/,ఆగ్డియార్ నామ్,ఆగ్డియార్ నామ్,Banjara_telugu.docx
మొదటి మొగడు,aggīr tāṇḍēr,n.,/aggīr tāṇḍēr/,అగ్గీర్ టాండేర్,అగ్గీర్ టాండేర్,Banjara_telugu.docx
మొదటి సగం,mūṅgāṇēr ādō,n.,/mūṅgāṇēr ādō/,మూంగాణేర్ ఆదొ,మూన్గాణేర్ ఆదొ,Banjara_telugu.docx
మొదటిది,agḍrō,adj.,/agḍrō/,అగ్డ్రో,అగ్డ్రో,Banjara_telugu.docx
మొదట్లో,āṅga,adv.,/āṅga/,ఆంగ,ఆన్గా,Banjara_telugu.docx
మొదలు,saru / suru,n.,/saru/ /suru/,సరు / సురు,సరు / సురు,Banjara_telugu.docx
మొదలుపెట్టే దశ,dhar āgḍiyār,n.,/dhar āgḍiyār/,ధర్ ఆగ్డియార్,ధర్ ఆగ్డియార్,Banjara_telugu.docx
మొన,tikkō / phūṅg,n.,/tikkō/ /fūṅg/,తిక్కొ / ఫూంగ్,తిక్కొ / ఫూంగ్,Banjara_telugu.docx
మొర,pakārēr,n.,/pakārēr/,పకారేర్,పకారేర్,Banjara_telugu.docx
మొరటైన,anāḍi / nasaldō,adj.,/anāḍi/ /nasaldō/,అనాడి / నసల్డో,అనాడి / నసల్డో,Banjara_telugu.docx
మొరుగుడు,bhasērō,n.,/bhasērō/,భసేరొ,భసేరో,Banjara_telugu.docx
మొల తాడు,kaṇ dōrō,n.,/kaṇ dōrō/,కణ్ దోరో,కణ దోరో,Banjara_telugu.docx
మొలతాడు,kaṇadōri,n.,/kaṇadōri/,కణదోరి,కణదోరీ,Banjara_telugu.docx
మొలిచింది,hūgō,v.,/hūgō/,హూగో,హూగో,Banjara_telugu.docx
మొలిచినది,hugyāyō,adj.,/hugyāyō/,హుగ్యాయో,హుగ్యాయో,Banjara_telugu.docx
మొసలి,maṅgar,n.,/maṅgar/,మంగర్,మన్గర్,Banjara_telugu.docx
మొద్దు,lakaḍ,n.,/lakaḍ/,లాకడ్,లాకడ్,Banjara_telugu.docx
మొనగాడు,tāṇḍēr,n.,/tāṇḍēr/,టాండేర్,టాండేర్,Banjara_telugu.docx
మొక్కు,dhōk,v.,/dhōk/,ధోక్,ధోక్,Banjara_telugu.docx
మొనలేని,būṇṭlō,adj.,/būṇṭlō/,బూంట్లో,బూంట్లో,Banjara_telugu.docx
మొగడు,dhaṇi,n.,/dhaṇi/,ధణి,ధణీ,Banjara_telugu.docx
యంత్రం,misni,n.,/misni/,మిస్ని,మిస్ని,Banjara_telugu.docx
యమున నది,yamuna nandi,n.,/yamuna nandi/,యమున నంది,యమునా నందీ,Banjara_telugu.docx
యాంత్రికుడు,bhāndēvāḷō,n.,/bhāndēvāḷō/,భాందేవాళో,భాందేవాళో,Banjara_telugu.docx
యాత్ర,jātara,n.,/jātara/,జాతర,జాతరా,Banjara_telugu.docx
యుక్త వయసు,moṭiyār,n.,/mōṭiyār/,మొటియార్,మొటియార్,Banjara_telugu.docx
యువకుడు,navējavān,n.,/navējavān/,నవేజవాన్,నవేజవాన్,Banjara_telugu.docx
యువత,navējavān,n.,/navējavān/,నవేజవాన్,నవేజవాన్,Banjara_telugu.docx
యజమాని,gharēvāḷō / mālik / jammēdār,n.,/gharēvāḷō/ /mālik/ /jammēdār/,యజమాని,యజమానీ,Banjara_telugu.docx
యువతి,navajavāni,n.,/navajavāni/,నవజవాని,నవజవానీ,Banjara_telugu.docx
యొక్క,ōr,prep.,/ōr/,ఓర్,ఓర్,Banjara_telugu.docx
యజమానురాలు,nāyakaṇ,n.,/nāyakaṇ/,నాయకణ్,నాయకణ్,Banjara_telugu.docx
యోగ్యత,tāhat,n.,/tāhat/,తాహత్,తాహత్,Banjara_telugu.docx
యజ్ఞం,bhaṇḍārō,n.,/baṇḍārō/,భండారొ,భండారో,Banjara_telugu.docx
రాక్షసుడు,dānā,n.,/dānā/,దానా,దానా,Banjara_telugu.docx
రాగి వన్నె కలసిన,bhūr raṅgēr,adj.,/bhūr raṅgēr/,భూర్ రంగేర్,భూర్ రంగేర్,Banjara_telugu.docx
రాగుల గడక,korrār daḷyā,n.,/korrār daḷyā/,కొర్రార్ దళ్యా,కొర్రార్ దళ్యా,Banjara_telugu.docx
రాగులు,bhalḍu,n.,/bhalḍu/,భల్డు,భల్డు,Banjara_telugu.docx
రాజ భవనం,ghaḍ,n.,/ghaḍ/,ఘడ్,ఘడ్,Banjara_telugu.docx
రాజ మందిరం,rāj mandīr,n.,/rāj mandīr/,రాజ్ మందీర్,రాజ్ మందీర్,Banjara_telugu.docx
రాజకీయాలు,rājanīti,n.,/rājanīti/,రాజనీతి,రాజనీతి,Banjara_telugu.docx
రాజీ,rāji,n.,/rāji/,రాజి,రాజీ,Banjara_telugu.docx
రాజీ చెయ్యి,sañjāyēr,v.,/sañjāyēr/,సంజాయేర్,సంజాయేర్,Banjara_telugu.docx
రద్దు,rad,n.,/rad/,రద్,రద్,Banjara_telugu.docx
రకమైన,naṃyī,adj.,/naṃyī/,నఁయీ,నఁయీ,Banjara_telugu.docx
రబ్బరు,labbar,n.,/labbar/,లబ్బర్,లబ్బర్,Banjara_telugu.docx
రవిక,kāñchḷī,n.,/kāñcḷī/,కాంచ్ళీ,కాంచ్ళీ,Banjara_telugu.docx
రక్కసిగడ్డి,kāṭēvāḷōkhaḍ,n.,/kāṭēvāḷōkhaḍ/,కాటేవాళోఖడ్,కాటేవాళోఖడ్,Banjara_telugu.docx
రసం,falchu / ras / rābdhi,n.,/falcu/ /ras/ /rābdhi/,రసం,రసం,Banjara_telugu.docx
రక్తం,lōyi,n.,/lōyi/,లోయి,లోయీ,Banjara_telugu.docx
రహస్యం,bhēdō,n.,/bhēdō/,భేదొ,భేదో,Banjara_telugu.docx
రక్తం గడ్డకట్టింది,lōyi jamlē,v.,/lōyi jamlē/,లోయి జమ్లె,లోయీ జమ్లే,Banjara_telugu.docx
రహస్యంగా,bhēdō,adv.,/bhēdō/,భేదొ,భేదో,Banjara_telugu.docx
రచన,rachana,n.,/racana/,రచన,రచనా,Banjara_telugu.docx
రచించు,jōḍērō,v.,/jōḍērō/,జోడేరొ,జోడేరో,Banjara_telugu.docx
రాకడం,ghasērō,n.,/ghasērō/,ఘసేరొ,ఘసేరో,Banjara_telugu.docx
రాజీనామా,chōḍ,n.,/chōḍ/,ఛోడ్,ఛోడ్,Banjara_telugu.docx
రాజ్యం,rāj,n.,/rāj/,రాజ్,రాజ్,Banjara_telugu.docx
రాజు ముద్ర,rājērō mōr,n.,/rājērō mōr/,రాజేరో మోర్,రాజేరో మోర్,Banjara_telugu.docx
రహస్యంగా,bhēదō,adv.,/bhēdō/,భేదొ,భేదో [cite: 5411,Banjara_telugu.docx
రాణి,rāṇi,n.,/rāṇi/,రాణీ,రాణి [cite: 5422],Banjara_telugu.docx
రాత్రి,rāt,n.,/rāt/,రాత్,రాత్రి [cite: 5422],Banjara_telugu.docx
రాపిడి,ghasāri,n.,/ghasāri/,ఘసారి,ఘసారి [cite: 5422],Banjara_telugu.docx
రాబడి,āyēr,n.,/āyēr/,ఆయేర్,ఆయేర్ [cite: 5422],Banjara_telugu.docx
రాబోయే,āvajakō,adj.,/āvajakō/,ఆవజకో,ఆవజకో [cite: 5422],Banjara_telugu.docx
రామ చిలుక,chilka,n.,/cilka/,చిల్క,చిల్కా [cite: 5422],Banjara_telugu.docx
రాయి,bhāṭā,n.,/bhāṭā/,భాత,భాతా [cite: 5422],Banjara_telugu.docx
రాలు,jhaḍā,v.,/jhaḍā/,ఝడ,ఝడా [cite: 5422],Banjara_telugu.docx
రాళ్ళలో,bhāṭāmā,adv.,/bhāṭāmā/,భాటామా,భాటామా [cite: 5422],Banjara_telugu.docx
రావడం,āvō,n.,/āvō/,ఆవో,ఆవో [cite: 5422],Banjara_telugu.docx
రుచి,savād,n.,/savād/,సవాద్,సవాద్ [cite: 5422],Banjara_telugu.docx
రుద్దు,chopaḍ,v.,/cōpaḍ/,చొపడ్,చోపడ్ [cite: 5422],Banjara_telugu.docx
రుచిచూడు,chākan dēk,v.,/cākan dēk/,చాకన్ దేక్,చాకన్ దేక్ [cite: 5422],Banjara_telugu.docx
రుద్దడం,masaḷēr,n.,/masaḷēr/,మసళేర్,మసళేర్ [cite: 5422],Banjara_telugu.docx
రుబ్బు,rūp / vāṇṭ,v.,/rūp/ /vāṇṭ/,రూప్ / వాంట్,రూప్ / వాంట్ [cite: 5422],Banjara_telugu.docx
రుమాలు,pākṣi,n.,/pākṣi/,పాక్షి,పాక్షి [cite: 5422],Banjara_telugu.docx
రూపం,rūp / tarika,n.,/rūp/ /tarika/,రూప్ / తరిక,రూప్ / తరిక [cite: 5422],Banjara_telugu.docx
రూపకం,ōrnayi,n.,/ōrnayi/,ఓర్నయి,ఓర్నయి [cite: 5422],Banjara_telugu.docx
రెండవ,dūmō,adj.,/dūmō/,దీమో,దీమో [cite: 5422],Banjara_telugu.docx
రెండింతలు,dīvaṇā,adj.,/dīvaṇā/,దీవణా,దీవణా [cite: 5422],Banjara_telugu.docx
రెండు,dūyi,num.,/dūyi/,యి,యి [cite: 5422],Banjara_telugu.docx
రెక్క,poṅkoḍā,n.,/poṅkoḍā/,పొంకొడ,పొంకొడా [cite: 5422],Banjara_telugu.docx
రెగ్గాయ,bōr,n.,/bōr/,బోర్,బోర్ [cite: 5422],Banjara_telugu.docx
రెచ్చగొట్టు,ucchāyēr,v.,/ucchāyēr/,ఉచ్ఛాయేర్,ఉచ్ఛాయేర్ [cite: 5422],Banjara_telugu.docx
రెచ్చిపోవడం,āగ్ būkāri,n.,/āg būkāri/,ఆగ్ బూకరి,ఆగ్ బూకరి [cite: 5422],Banjara_telugu.docx
రెప్ప,bhamrā,n.,/bhamrā/,భమ్ర,భమ్ర [cite: 5422],Banjara_telugu.docx
రైతు,jammēdār,n.,/jammēdār/,జమ్మేదార్,జమ్మేదార్ [cite: 5422],Banjara_telugu.docx
రేటు,bhāv,n.,/bhāv/,భావ్,భావ్ [cite: 5422],Banjara_telugu.docx
రేపు,savār,n.,/savār/,సవార్,సవార్ [cite: 5422],Banjara_telugu.docx
రొచ్చు,rābō,adj.,/rābō/,రాబొ,రాబొ [cite: 5422],Banjara_telugu.docx
రొట్టె,bāṭi,n.,/bāṭi/,బాటి,బాటి [cite: 5422],Banjara_telugu.docx
రొమ్ము,hīk / chāṃtti,n.,/hīk/ /chāṃtti/,హీక్ / ఛాఁత్తి,హీక్ / ఛాఁత్తి [cite: 5422],Banjara_telugu.docx
రొయ్య,jhiṅgā,n.,/jhiṅgā/,ఝింగా,ఝింగా [cite: 5422],Banjara_telugu.docx
రోకలి,ukli / sōṭā,n.,/ukli/ /sōṭā/,ఉక్కి / సోటా,ఉక్కి / సోటా [cite: 5422],Banjara_telugu.docx
రోగం,dok / rōg,n.,/dok/ /rōg/,దొక్ / రోగ్,దొక్ / రోగ్ [cite: 5422],Banjara_telugu.docx
రోగగ్రస్త,dok,adj.,/dok/,దొక్,దొక్ [cite: 5422],Banjara_telugu.docx
రోగము,bimāri,n.,/bimāri/,బిమారి,బిమారి [cite: 5422],Banjara_telugu.docx
రోజు,dāḍō / dāḍi,n.,/dāḍō/ /dāḍi/,దాడొ / దడి,దాడొ / దడి [cite: 5422],Banjara_telugu.docx
రోడు,saḍak,n.,/saḍak/,సడక్,సడక్ [cite: 5422],Banjara_telugu.docx
లంచం,lāñch,n.,/lāñch/,లాంచ్,లాంచ్ [cite: 5423],Banjara_telugu.docx
లక్షణాలు,gōṇ,n.,/gōṇ/,గొణ్,గొణ్ [cite: 5423],Banjara_telugu.docx
లటుక్కున,dankē / latkēsi,adv.,/dankē/ /latkēsi/,దన్కే / లట్కేసి,దన్కే / లట్కేసి [cite: 5423],Banjara_telugu.docx
లవంగాలు,lūṅg,n.,/lūṅg/,లూంగ్,లూంగ్ [cite: 5423],Banjara_telugu.docx
లాంటి,ōrnayi,adj.,/ōrnayi/,ఓర్నయి,ఓర్నయి [cite: 5423],Banjara_telugu.docx
లాంతరు,dīō,n.,/dīō/,దీయో,దీయో [cite: 5423],Banjara_telugu.docx
లాక్కో,khōslā,v.,/khōslā/,ఖోస్ల,ఖోస్ల [cite: 5423],Banjara_telugu.docx
లాగడం,khyāñcēr,n.,/khyāñcēr/,ఖ్యాంచేర్,ఖ్యాంచేర్ [cite: 5423],Banjara_telugu.docx
లాగివేయుట,khyāñcnāik,v.,/khyāñcnāik/,ఖ్యాంచ్నైక్,ఖ్యాంచ్నైక్ [cite: 5423],Banjara_telugu.docx
లాగు,khīñc,v.,/khīñc/,ఖీంచ్,ఖీంచ్ [cite: 5423],Banjara_telugu.docx
లాభం,phāyēదō,n.,/fāyēdō/,ఫాయేదొ,ఫాయేదొ [cite: 5423],Banjara_telugu.docx
లాలించు,lāḍ karā,v.,/lāḍ karā/,లాడ్ కరా,లాడ్ కరా [cite: 5423],Banjara_telugu.docx
లావాటి,jāḍō,adj.,/jāḍō/,జాడొ,జాడొ [cite: 5423],Banjara_telugu.docx
లావు అవడం,jāḍōvēr,v.,/jāḍōvēr/,జాడోవేర్,జాడోవేర్ [cite: 5423],Banjara_telugu.docx
లెక్క,lekkō,n.,/lekkō/,లెక్కొ,లెక్కొ [cite: 5423],Banjara_telugu.docx
లెక్కపెట్టు,lekkōkar,v.,/lekkōkar/,లెక్కొకర్,లెక్కొకర్ [cite: 5423],Banjara_telugu.docx
లెక్కల పుస్తకం,gaṇēr vai,n.,/gaṇēr vai/,గణేర్ వై,గణేర్ వై [cite: 5423],Banjara_telugu.docx
లేడి,citili,n.,/citili/,చితిలి,చితిలి [cite: 5423],Banjara_telugu.docx
లేత,piṇdyā / naramō,adj.,/piṇḍyā/ /naramō/,పింద్యా / నరమో,పింద్యా / నరమో [cite: 5423],Banjara_telugu.docx
లేతరంగు,bhīnōraṅg,n.,/bhīnōraṅg/,భీనొరంగ్,భీనొరంగ్ [cite: 5423],Banjara_telugu.docx
లేదు,chēni,adv.,/chēni/,ఛేని,ఛేని [cite: 5423],Banjara_telugu.docx
లేపు,vaṭāḍ,v.,/vaṭāḍ/,వటాడ్,వటాడ్ [cite: 5423],Banjara_telugu.docx
లొంగిపో,havālō vēg,v.,/havālō vēg/,హవాలొ వేజ్,హవాలొ వేజ్ [cite: 5423],Banjara_telugu.docx
లోతట్టు,hēṭāḷēmā / chēḍār,n.,/hēṭāḷēmā/ /chēḍār/,హెటాలేమా / ఛేడార్,హెటాలేమా / ఛేడార్ [cite: 5423],Banjara_telugu.docx
లోతు,ūṇḍō / uṇḍēmā,n.,/ūṇḍō/ /uṇḍēmā/,ఊండో / ఉండేమా,ఊండో / ఉండేమా [cite: 5423],Banjara_telugu.docx
లోతైన,ūṇḍō,adj.,/ūṇḍō/,ఊండో,ఊండో [cite: 5423],Banjara_telugu.docx
లోన,māyi,prep.,/māyi/,మాయి,మాయి [cite: 5423],Banjara_telugu.docx
లోపం,khōḍ / khōṭ,n.,/khōḍ/ /khōṭ/,ఖోడ్ / ఖోట్,ఖోడ్ / ఖోట్ [cite: 5423],Banjara_telugu.docx
లోపల,māyi,adv.,/māyi/,మాయి,మాయి [cite: 5423],Banjara_telugu.docx
లోపలి,māyi,adj.,/māyi/,మాయి,మాయి [cite: 5423],Banjara_telugu.docx
లోపలి అవయవాలు,jīvēmār āṅg,n.,/jīvēmār āṅg/,జీవెమార్ ఆంగ్,జీవెమార్ ఆంగ్ [cite: 5423],Banjara_telugu.docx
లోబడి,māyij,prep.,/māyij/,మాయిజ్,మాయిజ్ [cite: 5423],Banjara_telugu.docx
లోయ,khōbō,n.,/khōbō/,ఖోబొ,ఖోబొ [cite: 5423],Banjara_telugu.docx
లోహం,lōyō,n.,/lōyō/,లోయో,లోయో [cite: 5423],Banjara_telugu.docx
వంకర,valo / val,n.,/vāḷō/ /vāḷ/,వాళో / వాళ్,वाळो / वाळ,Banjara_telugu.docx
వంచదగిన,navajako,adj.,/navajakō/,నవఁజకో,नवंज़को,Banjara_telugu.docx
వంటకం,ramder,n.,/rāmdēr/,రాందేర్,रामदेर,Banjara_telugu.docx
వంకాయ,vyangan,n.,/vyāṅgaṇ/,వ్యాంగణ్,व्यंगण,Banjara_telugu.docx
వంట చెరుకు,chuler lakshi,n.,/chūlēr lakṣī/,చూలేర్ లక్షీ,चूलेर लक्षी,Banjara_telugu.docx
వంట నూనె,mito tel,n.,/mīṭō tēl/,మిటొతేల్,मिटो तेल,Banjara_telugu.docx
వంతెన,tantya,n.,/taṇtyā/,తంత్యా,तन्त्या,Banjara_telugu.docx
వంద,so,num.,/sō/,సో,सो,Banjara_telugu.docx
వందల సార్లు,so hapta,adv.,/sō hapta/,సోహప్త,सो हप्ता,Banjara_telugu.docx
వంపులు,navan,n.,/navan/,నవన్,नवन,Banjara_telugu.docx
వంశం,vel / pidi / valad,n.,/vēl/ /piḍi/ /valād/,వేల్ / పిడి / వలాద్,वेल / पिडि / वलाद,Banjara_telugu.docx
వగరు,kudi,n.,/kuḍi/,కుడి,कुडि,Banjara_telugu.docx
వట్టిగా,thalo / nakam,adv.,/ṭhālō/ /nakām/,ఠాలొ / నకామ్,ठालो / नकाम,Banjara_telugu.docx
వడ్రంగి,khatti,n.,/khātti/,ఖాత్తి,खात्ति,Banjara_telugu.docx
వత్తి,diyerbatti,n.,/dīyērbatti/,దీయేర్బత్తి,दीयेरबत्ती,Banjara_telugu.docx
వదిన,bhojayi,n.,/bhōjāyi/,భోజాయి,भोजायि,Banjara_telugu.docx
వదులు,polo,adj.,/pōḷō/,పోలొ,पोळो,Banjara_telugu.docx
వయసు,id / umar,n.,/īḍ/ /umar/,ఈడ్ / ఉమర్,ईड / उमर,Banjara_telugu.docx
వరద,khalya / rungbi / rel,n.,/khāḷyā/ /ruṅgbi/ /rēl/,ఖాళ్యా / రుంగ్బి / రేల్,खाळ्या / रुंग्బి / रेल,Banjara_telugu.docx
వరస,pant,n.,/pāṇṭ/,పాంత్,पान्त,Banjara_telugu.docx
వరి,sal,n.,/sāḷ/,సాళ్,సాళ,Banjara_telugu.docx
వరుస,hari,n.,/hāri/,హారి,हारि,Banjara_telugu.docx
వరం,pani,n.,/pāṇī/,పాణీ,పాణి,Banjara_telugu.docx
వల,jhal,n.,/jhāḷ/,ఝాళ్,झाळ,Banjara_telugu.docx
విరేచనాలు,pet caler,n.,/pēṭ cālēr/,పేట్ చాలేర్,पेट चालेर,Banjara_telugu.docx
విజ్ఞాన శాస్త్రం,jnander shastram,n.,/jñāṇdēr śāstraṃ/,జ్ఞాన్దేర్ శాస్త్రం,ज्ञानदेर शास्त्रं,Banjara_telugu.docx
విడాకులు,mamletodero,n.,/māmlētōḍērō/,మామ్లెతోడేరొ,मामलेतोडेरो,Banjara_telugu.docx
వితంతువు,rand,n.,/rāṇḍ/,రాండ్,रान्ड,Banjara_telugu.docx
విత్తులు,potara,n.,/pōtara/,పొతర,पोतरा,Banjara_telugu.docx
విద్యుత్తు,karant,n.,/karant/,కరంట్,करन्ट,Banjara_telugu.docx
విను,samal / samaj,v.,/sāmāḷ/ /samaj/,సామళ్ / సమజ్,सामाळ / समज,Banjara_telugu.docx
వినోదం,khushal,n.,/khuśāl/,ఖుశాల్,खुशाल,Banjara_telugu.docx
విప్లవం,kranti,n.,/krānti/,క్రాంతి,क्रान्తి,Banjara_telugu.docx
విమానం,havayi,n.,/havāyi/,హవాయి,हवायि,Banjara_telugu.docx
విందు,khoraki,n.,/khorāki/,ఖొరాకి,खोरकि,Banjara_telugu.docx
విగ్రహం,bomma,n.,/bomma/,బొమ్మ,बोम्मा,Banjara_telugu.docx
వెడల్పు,chvad,adj.,/cvāḍ/,చ్వాడ్,च्वाड,Banjara_telugu.docx
వెన్న,nuni,n.,/nūṇi/,నూణి,नूणि,Banjara_telugu.docx
వెయ్యి,hajar,num.,/hajār/,హజార్,हजार,Banjara_telugu.docx
వేగం,jorti,n.,/jōrti/,జోర్తి,जोर्ति,Banjara_telugu.docx
వేట,shikar,n.,/śikār/,షికార్,शिकार,Banjara_telugu.docx
వేడి,tato,adj.,/tātō/,తాతొ,तातो,Banjara_telugu.docx
వేరు,nali / jad,n.,/ṇāḷi/ /jaḍ/,నాళి / జడ్,नाळि / जड,Banjara_telugu.docx
వేరు శెనగ,chana,n.,/caṇā/,చణా,चणा,Banjara_telugu.docx
వేలు ముద్ర,anguti,n.,/āṅūṭi/,ఆంగూటి,आंगूटि,Banjara_telugu.docx
వేళ్ళు,angbhi,n.,/āṅgbhi/,ఆంగ్భి,आंग्భి,Banjara_telugu.docx
వైరం,vyar,n.,/vyār/,వ్యార్,व्यार,Banjara_telugu.docx
వ్యక్తి,admi / manikya / manas,n.,/ādmī/ /manikyā/ /māṇas/,ఆద్మీ / మనిక్యా / మాణస్,आदमी / मनिक्या / माणस,Banjara_telugu.docx
వ్యవసాయం,yesami,n.,/yēsāmi/,యెసామి,येसामి,Banjara_telugu.docx
వ్యాపారం,vyapar,n.,/vyāpār/,వ్యాపార్,व्यापार,Banjara_telugu.docx
వ్రాత,lakani,n.,/lakaṇi/,లకణి,लकణి,Banjara_telugu.docx
శక్తి,takat,n.,/tākat/,తాకత్,తాకత్,Banjara_telugu.docx
శత్రువు,dushman,n.,/duśmaṇ/,దుశ్మణ్,దుశ్మణ,Banjara_telugu.docx
శనివారము,thavar,n.,/thāvar/,థావర్,थावर,Banjara_telugu.docx
శిష్యుడు,chela,n.,/cēḷā/,చేళా,चेळा,Banjara_telugu.docx
శీలం,gon,n.,/gōṇ/,గొణ్,गोण,Banjara_telugu.docx
సరళం,holiyant,adj.,/hoḷiyānt/,హొళియాంత్,होळियान्त,Banjara_telugu.docx
సరిహద్దు,gettu,n.,/geṭṭu/,గెట్టు,గేట్టు,Banjara_telugu.docx
సర్కార్,sarkar,n.,/sarkār/,సర్కార్,सरकार,Banjara_telugu.docx
సర్పం,sap,n.,/sāp/,సాప్,साप,Banjara_telugu.docx
సర్వం,sari / se,adj.,/sāri/ /sē/,సారి / సే,सारि / से,Banjara_telugu.docx
సవతి తల్లి,masi / swaker,n.,/māsi/ /svākēr/,మాసి / స్వాకేర్,మాసీ / స్వాకేర్,Banjara_telugu.docx
సహాయం,asaro,n.,/āsarō/,ఆసరో,आसरो,Banjara_telugu.docx
సన్నని,pathlo,adj.,/pāthḷō/,పాత్ళో,पाथळో,Banjara_telugu.docx
సన్యాసి,sanyasi,n.,/sanyāsi/,సన్యాసి,सन్యాసి,Banjara_telugu.docx
సమాది,masan / gori,n.,/masāṇ/ /gōri/,మసాణ్ / గోరి,మసాణ్ / గోరీ,Banjara_telugu.docx
సంత,angadi,n.,/aṅgaḍi/,అంగడి,अంగడొ,Banjara_telugu.docx
సంపద,kamayi,n.,/kamāyi/,కమాయి,కమాయొ,Banjara_telugu.docx
సంసారం,katmala,n.,/kaṭmāḷā/,కట్మాళా,కట్మాళా,Banjara_telugu.docx
సగం,ado,n.,/āḍō/,ఆదొ,ఆడో,Banjara_telugu.docx
సాక్షి,gavayi,n.,/gavāyi/,గవాయి,గవాయొ,Banjara_telugu.docx
సూటిగా,sudo,adv.,/sūdō/,సూదో,సూదో,Banjara_telugu.docx
సూర్యుడు,dado,n.,/dāḍō/,దాడొ,దాడో,Banjara_telugu.docx
స్నానం,chatrayi / hangoli,n.,/catrāyi/ /haṅgōḷi/,చత్రాయి / హంగోళి,चత్రాయి / హన్గోళి,Banjara_telugu.docx
సేవ,seva,n.,/sēvā/,సేవా,సేవా,Banjara_telugu.docx
హంతకుడు,khunikhor,n.,/khūnikhōr/,ఖూనిఖోర్,ఖూనిఖోర్,Banjara_telugu.docx
హక్కు,hak,n.,/hak/,హక్,హక్,Banjara_telugu.docx
హత్య,marnaker,n.,/mārnākēr/,మార్నాకేర్,మార్నాకేర్,Banjara_telugu.docx
హారం,har,n.,/hār/,హార్,హార్,Banjara_telugu.docx
హోళి పండగ,holi,n.,/hōḷi/,హోళి,హోళి,Banjara_telugu.docx
అకల్,/akal/,n.,mind,बुद्धि; अक्ल; ज्ञान,రాస్ అకల్ ఛఁ.,telugu_banjara_dictionary_master_file.docx
మునుపటి మొగడు,/agḍir gharēvālē/,n.,ex-husband,पूर्व पति,ఆగిర్ ఘరేవాళో అయో.,telugu_banjara_dictionary_master_file.docx
మునుపటి పెండ్లం,/agḍir tandri/,n.,ex-wife,पूर्व पत्नी,అగ్డిర్ టాండ్రి ధాంస్ గిఁ.,telugu_banjara_dictionary_master_file.docx
మొదటి మొగడు,/agḍir tandēr/,n.,first husband,प्रथम पति,అబ్బ ఛఁజే టాండేరేతి అన్డీర్ టాండేర్.,telugu_banjara_dictionary_master_file.docx
మొదటిది,/agdird/,adj.,first one,पहला,అగ్డ్రో బేట రాస్ ఆచ్చొ.,telugu_banjara_dictionary_master_file.docx
అకస్మాత్తుగా,/acanak/,adv.,accidentally,अकस्मात; सहसा,తెలియకుండా అకస్మాత్తుగా పడేర్.,telugu_banjara_dictionary_master_file.docx
ఆకస్మిక,/acanak/,adj.,accidental,आकस्मिक,అచానక్ మఁ ఆంకిఫరన్ హేటఁపడ్ గో.,telugu_banjara_dictionary_master_file.docx
పచ్చడి,/acār/,n.,chutney,चटनी,ఆంబార్ అచార్ ఘాల్.,telugu_banjara_dictionary_master_file.docx
ఇంకా,/ajji/,adv.,more,और; अधिक,వూ అజ్జి పీసా దీనో.,telugu_banjara_dictionary_master_file.docx
మరిన్ని,/ajjiatrā/,adv.,more,और अधिक,అజ్జిఅత్రా ఝల్లా.,telugu_banjara_dictionary_master_file.docx
ఇంకా చేయి,/ajjikar/,v.,still do it,अभी भी करो,అజ్జికర్.,telugu_banjara_dictionary_master_file.docx
వాము,/ajmo/,n.,seed of Bishop's weed,अजवाइन,వాము తింటే దగ్గు పోతుంది.,telugu_banjara_dictionary_master_file.docx
అజీర్ణం,/ajīrti/,n.,indigestion,अजीर्ण; बदहजमी,రాత్రి తిన్న ఆహారం జీర్ణం కాలేదు.,telugu_banjara_dictionary_master_file.docx
అజాగ్రత్తతో కూడిన,/ataklēti chēnijako/,adj.,with carelessness,असावधानी से,అజాగ్రత్తతో కూడిన.,telugu_banjara_dictionary_master_file.docx
తట్టుకుంది,/atak go/,adj.,weathered; stuck,अटक गया,ఘోగేమా ధాన్ ఆటక్ గొ.,telugu_banjara_dictionary_master_file.docx
జాగ్రత్తగా కదులు,/atakarmēti sarak/,v.,move carefully,सावधानी से हिलो,అటకఁళేతి సరక్.,telugu_banjara_dictionary_master_file.docx
అమర్చు,/atka/,v.,to arrange,व्यवस्थित करो; तैयार करो,అట్క.,telugu_banjara_dictionary_master_file.docx
జాగ్రత్త,/atkalēti/,n.,care,सावधानी; चौकसी,అట్కళేతి జాన్.,telugu_banjara_dictionary_master_file.docx
అటక,/atku/,n.,loft,मचान,విస్రానఁ అట్కూపర్ మేల్.,telugu_banjara_dictionary_master_file.docx
చిక్కుకున్న,/attaggo/,adj.,stuck,फँसा हुआ,అట్టగొ.,telugu_banjara_dictionary_master_file.docx
పద్దెనిమిది,/atharam/,num.,eighteen,अठारह,అయ్యప్ప దేవ్శేనఁ అట్హారఁ ఖప్తిరచఁ.,telugu_banjara_dictionary_master_file.docx
వినబడని,/atayēni/,adj.,inaudible,अश्राव्य,అటాయేని.,telugu_banjara_dictionary_master_file.docx
వినిపించేట్టు నములు,/atāvajūm cāb/,v.,to make noise while chewing,चबाते समय आवाज करना,బటాణీ అటావజూఁ చాబ్.,telugu_banjara_dictionary_master_file.docx
వాలిపోవడం,/adker/,v.,lie back on to a support,सहारा लेकर लेटना,అడ్కేర్.,telugu_banjara_dictionary_master_file.docx
చెమట పొక్కులు,/anāyi/,n.,heat rash; prickly heat,घमौरियाँ,ఊక్ళో మారఁజన్న అణాయి వేజావఁ.,telugu_banjara_dictionary_master_file.docx
ఇక్కడే,/attaj/,n.,right here,यहीं,అత్తజ్ ఘర్ భాందే.,telugu_banjara_dictionary_master_file.docx
సుగంధ ద్రవ్యం,/attar/,n.,scent,इत्र; सुगंध,అత్తర్ ఘమ్కొ గందావె.,telugu_banjara_dictionary_master_file.docx
గజిబిజి చెయ్యి,/attar pattar kar/,v.,do jumble,गड़बड़ करना,అత్తర్ పత్తర్ కర్.,telugu_banjara_dictionary_master_file.docx
ఇక్కడ నుండి,/atteti/,adv.,from here,यहाँ से,అత్తేతి కన్న జాయే చి?,telugu_banjara_dictionary_master_file.docx
ఇక్కడ,/attam/,n.,hereinafter; here,यहाँ,అత్త.,telugu_banjara_dictionary_master_file.docx
అత్యాచారం,/atyācār/,v.,to assault,अत्याचार; हमला करना,అత్యాచార్ కరేర్ రాస్ ఖరాప్ కామ్.,telugu_banjara_dictionary_master_file.docx
అంత కాదు,/atrakoni/,adv.,not that much,उतना नहीं,హమ్ దేర్ అత్రా కొని.,telugu_banjara_dictionary_master_file.docx
అదును,/adan/,n.,chance; opportunity,अवसर; मौका,అబ్బఁ కేరా దూనేర్ అదన్.,telugu_banjara_dictionary_master_file.docx
అల్లం,/adarak/,n.,ginger,अदरक,నఁరతో నొంగ్వాణ్ సవాద్ రేని.,telugu_banjara_dictionary_master_file.docx
అవగతం (అర్థం),/adōd/,n.,meaning,अर्थ; मतलब,సాకీర్ అదోడ్.,telugu_banjara_dictionary_master_file.docx
అర్థంలేని,/adöd chēnijako/,adj.,meaningless,निरर्थक,అదోడ్ ఛేనిజకొ.,telugu_banjara_dictionary_master_file.docx
అవగతమైన,/adodcajako/,adj.,understood; known,समझ में आया हुआ,తు ఁ అదోడ్చజకొ వాత్ కఁ.,telugu_banjara_dictionary_master_file.docx
చెదలు,/adoyi/,n.,termites,दीमक,అదోయి.,telugu_banjara_dictionary_master_file.docx
అమాయకులు,/an kaltā/,n.,innocents,भोले-भाले; नासमझ,కాయి మాలం ఛేనిజకొ మనిక్యానఁ అన్ కళ్తా కన్ కఁచఁ.,telugu_banjara_dictionary_master_file.docx
సంత (అంగడి),/angadi/,n.,market,हाट; हट्टी,అంగడినఁ జాన్ విస్రా లామా.,telugu_banjara_dictionary_master_file.docx
అన్యాయం,/anyāyi/,n.,injustice,अन्याय; अनीति,నువ్వు అన్యాయం చేస్తున్నావు.,telugu_banjara_dictionary_master_file.docx
అవయవాలు,/ang/,n.,organs; body parts,अंग; अवयव,అపణ్ జీవెమార్ అంగ్ చ్ కామ్ కర్రెచఁ.,telugu_banjara_dictionary_master_file.docx
బహుశా,/andājo/,adv.,perhaps; maybe,शायद,ఏక్ ద్వారానఁ దీటోతొ అందాజొ ఊ ఆచ్చోజ్.,telugu_banjara_dictionary_master_file.docx
అంచనా చూసి,/andājo dēk/,v.,after estimate,अनुमान लगाकर,ఘర్ భాందేర్ ఖరచేర్ అందాజొ దేక్.,telugu_banjara_dictionary_master_file.docx
నిప్పు,/angār/,n.,fire,आग; अग्नि,అంగారేనఁ ఝలఁతొ బళఁచఁ.,telugu_banjara_dictionary_master_file.docx
అబీ,/abb/,n./adv.,present,प्रस्तुत; अभी,అబ్ద్ తూఁ మార్ సాత్ ఆజో.,telugu_banjara_dictionary_master_file.docx
అబ్బేతి,/abbēti/,adv.,from now,अब से,అబ్బేతి బడిన్ జో.,telugu_banjara_dictionary_master_file.docx
అబ్బేసిజ్,/abbēsij/,adv.,recently; previously,हाल में; आजकल,ఇటీవల అమెరికా వెళ్ళి వచ్చాను.,telugu_banjara_dictionary_master_file.docx
అబ్బమ్,/abbam/,n.,now; present,प्रस्तुत (समय); अभी,అబ్బ మ గామ్ జారో.,telugu_banjara_dictionary_master_file.docx
అబాదిరేర్,/abadirēr/,v.,depending,निर्भर रहना,ఎక్కిపరఁ ఏక్ అబాదిరేన్ బంచేర్ ఛేని.,telugu_banjara_dictionary_master_file.docx
అభ్దాల్,/abhhāl/,adv.,just now,अभी; तुरंत,అభ్దాల్ ధాన్ ఖాదొ.,telugu_banjara_dictionary_master_file.docx
అంబాడీర్ భాజ్జి,/ambādir bhājji/,n.,gongura; bassia,पटुआ,అంబాడీర్ భాజ్జి ఖాట్ లాగఁచఁ.,telugu_banjara_dictionary_master_file.docx
అమల్ కర్,/amal kar/,v.,implement,लागू करना,తూఁ ఆచ్చొ కామ్ అమల్ కర్లఁ.,telugu_banjara_dictionary_master_file.docx
అమీర్,/amir/,n.,rich man,धनवान; अमीर,,telugu_banjara_dictionary_master_file.docx
అర్రా,/arra/,n.,room,कमरा; कोठरी,మన ఏక్ అర్రా ఛఁ.,telugu_banjara_dictionary_master_file.docx
అర్రానఁ ఖో,/arrānam khō/,v.,opening a cabinet,कैबिनेट खोलना,అర్రానఁ ఖోళన్ విస్రాబార్ కాడ్.,telugu_banjara_dictionary_master_file.docx
అర్హత,/arhata/,adj.,qualified,योग्यता प्राप्त,,telugu_banjara_dictionary_master_file.docx
అల్మార్,/almār/,n.,almirah; cabin,अलमारी,లతొక్గా అల్మారేమా ఘాల్.,telugu_banjara_dictionary_master_file.docx
అళా,/alā/,v.,sharpening,पैना करना; तेज़ करना,యే ఛరీనఁ అళా.,telugu_banjara_dictionary_master_file.docx
అవార్,/avār/,adj.,hysterical,विक्षिप्त,,telugu_banjara_dictionary_master_file.docx
అస్మాన్,/asmān/,adj.,extreme; many; more,अत्यंत; बहुत; अधिक,హమేనఁ జాగ్ అస్మాన్ ఛఁ.,telugu_banjara_dictionary_master_file.docx
అస్లీ,/asli/,n./adj.,actual; exact,सच; बिलकुल; असली,వ్యాజ్ ఛేనిజు అస్లి దేనాక్.,telugu_banjara_dictionary_master_file.docx
అస్సి,/assi/,n.,eighty,अस्सी,,telugu_banjara_dictionary_master_file.docx
ఆ,/ā/,v.,come,आना,,telugu_banjara_dictionary_master_file.docx
ఆఖర్,/ākhar/,adj.,final; end,आखिरी; अंत,ఆఖర్ వేగో.,telugu_banjara_dictionary_master_file.docx
ఆగ్ బూకరి,/āg būkari/,v.,chafe; getting angry,चिढ़ाना,ఆగ్ బూకేరో ఖరాప్.,telugu_banjara_dictionary_master_file.docx
ఆగ్డియార్ నామ్,/agdiyār nām/,n.,first name,प्रथम नाम,తార్ అగ్డియార్ నామ్ ఆచ్చొ రఁ.,telugu_banjara_dictionary_master_file.docx
ఆచ్,/āc/,adj.,good; noble; particular,अच्छा (है); ठीक; उत्तम; सज्जन,రాస్ ఆచ్చొకామ్ కిదో.,telugu_banjara_dictionary_master_file.docx
ఆచ్చీవాతే,/āccīvātē/,n.,good words,अच्छी बातें,దాడి ఆచ్చీ వాతే కర్నొ.,telugu_banjara_dictionary_master_file.docx
ఆచ్చొ,/acco/,adj.,good; बेशक; जरूर,ठीक है,,telugu_banjara_dictionary_master_file.docx
ఆచ్చొ గొణ్,/acco gon/,n.,good character,नेक स्वभाव,ఆచ్చొ గోణేర్ ఛ్వారా.,telugu_banjara_dictionary_master_file.docx
ఆచ్చొ కరెవాళో,/acco karevālō/,n.,repairer,मरम्मत करनेवाला,మోటర్ ఆచ్చొకరెవాళో ఆయో.,telugu_banjara_dictionary_master_file.docx
ఆచ్చొ వేగొ,/acco vēgo/,v.,became good; recovered,ठीक हो गया,,telugu_banjara_dictionary_master_file.docx
ఆచ్చో దికావజకో,/acco dikāvajakō/,adj.,charming,सुदंर,ఆచ్చొదికావఁజే జాగేన ఁజామా.,telugu_banjara_dictionary_master_file.docx
ఆచ్చో దేక్,/acco dēk/,v.,look properly,ठीक से देखो,ఘర్ ఆయేజే పామ్మణేన్ ఆచ్చోదేక్.,telugu_banjara_dictionary_master_file.docx
ఆచ్చోసో,/accoso/,adj.,very sensitive,అతి సवेदनशील,,telugu_banjara_dictionary_master_file.docx
ఆజ్,/āj/,n.,today,आज,ఆజ్ దిత్వార్.,telugu_banjara_dictionary_master_file.docx
ఆజ్ఞ,/ājña/,n.,mandate; command,आज्ञा,,telugu_banjara_dictionary_master_file.docx
ఆజ్రాత్,/ājrāt/,n.,midnight,आधी रात,,telugu_banjara_dictionary_master_file.docx
ఆజాది,/ājādi/,n.,freedom; independent,स्वतंत्र,,telugu_banjara_dictionary_master_file.docx
ఆట్,/āt/,num.,eight,आठ,,telugu_banjara_dictionary_master_file.docx
ఆడొఆయేర్,/adoāyēr/,n.,interrupt,हस्तक्षेप,,telugu_banjara_dictionary_master_file.docx
ఆడో,/āḍō/,adv.,across; hurdle,आडा; बाधा,మార్ కామేనఁ ఆడో ఆమత్.,telugu_banjara_dictionary_master_file.docx
ఆద్ వాట్,/ad vat/,n.,half way,आधा रास्ता,ఆద్ వాట్ దికాళొ.,telugu_banjara_dictionary_master_file.docx
ఆద్మీ,/admin/,n.,man; person,मनुष्य; आदमी,జమ్మిపర్ రాస్ తెలివిదార్ జీవరాస్ ఆద్మీ.,telugu_banjara_dictionary_master_file.docx
ఆద్మీర్ నామ్,/admir nām/,n.,name of a person,व्यक्ति का नाम,ఈ ఆద్మీర్ నామ్ రాథోడ్.,telugu_banjara_dictionary_master_file.docx
ఆదేతి కమ్,/ādēti kam/,n.,less than half,आधे से कम,ఉందూమా ఆద్దేతి కమ్ ఛఁ.,telugu_banjara_dictionary_master_file.docx
ఆదొ,/ado/,n.,half,आधा,మన ఆదొ కామ్ దఁ.,telugu_banjara_dictionary_master_file.docx
ఆంగజ్,/āngaj/,adv.,beforehand; till then,तब तक ही; पहले ही,హమ్ డగర్గే.,telugu_banjara_dictionary_master_file.docx
ఆంతర్,/antar/,n.,intestine,आँत,పెటేమా ఆంతర్ రఁచఁ.,telugu_banjara_dictionary_master_file.docx
ఆపద,/apti/,n.,danger,आफ़त; विपत्तिः संकट,మఁ ఆప్తి మ చూఁ.,telugu_banjara_dictionary_master_file.docx
ఆతురపడే,/aptikarēr/,adj.,anxious; in a hurry,...,...,telugu_banjara_dictionary_master_file.docx
ఉబ్బింది,/apriyayo/,n.,got bulged,...,...,telugu_banjara_dictionary_master_file.docx
శస్త్ర చికిత్స,/aprēsan/,n.,operation,...,మఁనఁ ఆప్రేశన్ కరన్ బంచాడ్.,telugu_banjara_dictionary_master_file.docx
ఉబ్బేటట్టు చెయ్యి,/āpramju kar/,v.,make as bulge,...,ట్యూబేమ వాళ్ మారన్ ఆప్రఁజు కర్.,telugu_banjara_dictionary_master_file.docx
ఆఫ్రికా ఖండం,/āphrikā khandam/,n. prop.,Africa continent,...,...,telugu_banjara_dictionary_master_file.docx
చింత పండు,/āmli/,n.,tamarind,...,...,telugu_banjara_dictionary_master_file.docx
మామిడి కాయ,/āmbā/,n.,unripe mango,...,ఆంబార్ బాగేమా ఆంబా లాబఁచఁ.,telugu_banjara_dictionary_master_file.docx
స్తోమత,/āyisat/,n.,capability,...,ఆయిసత్ ఛఁజకో ఆద్మీ కరేసారు.,telugu_banjara_dictionary_master_file.docx
హాజరు చూడటం,/ayēju dēk/,v.,checking attendance,...,బడిమా ఛుచాపర్ ఆయేజు దేకఁచఁ.,telugu_banjara_dictionary_master_file.docx
రాబడి,/ayer/,n./v.,return; derive,आय; आमदनी,ఆయేర్ ఫాయేదో కత్రా.,telugu_banjara_dictionary_master_file.docx
అద్దం,/arsi/,n.,mirror; lens,कटक; कडा,జేర్ ముండొ జకో దేశేన ఆర్సి కామఁచఁ.,telugu_banjara_dictionary_master_file.docx
వస్తుంది,/ari/,v.,coming,...,యాడి ఆరి.,telugu_banjara_dictionary_master_file.docx
వస్తాను,/arocum/,v.,I will come,प्रवेश; दाखिल; पहुँच,అబ్బజ్ ఆరోచూఁ.,telugu_banjara_dictionary_master_file.docx
బంగాళా దుంప,/al gadda/,n.,potato,...,హమార్ ఖేతేమా ఆఫ్గడ్డ పచారే.,telugu_banjara_dictionary_master_file.docx
ఆలస్యం చెయ్యి,/ālcankar/,v.,protract,...,అజ్జి దస్సేక్ ఆల్చంకర్.,telugu_banjara_dictionary_master_file.docx
గృహ సమూహం,/ali/,n.,family,...,...,telugu_banjara_dictionary_master_file.docx
రాబోయే,/avajakā/,adj.,imminent,...,ఆవజకో దాడేమా దేకా.,telugu_banjara_dictionary_master_file.docx
రండి,/āvo/,v.,come,...,మార్ బదులుగా తమ్ ఆవో.,telugu_banjara_dictionary_master_file.docx
ఆశ,/āśa/,n.,false belief,...,దూఁచుకన్ ఆశ ఘాళొ.,telugu_banjara_dictionary_master_file.docx
సహాయం,/āsard/,n.,favour,...,మన్ రమేష్ రాస్ ఆసరో హుయో.,telugu_banjara_dictionary_master_file.docx
చుట్టు పక్కల,/āspās/,adv.,surroundings,परिसर; पडोस,ఆస్పాస్ దేకన్ చాల్.,telugu_banjara_dictionary_master_file.docx
పరిసరం,/āspāsemā/,n.,environment,परिसर; पडोस,అపణ్ ఆస్పిసెమా ఝాడ్ పక్కె పాళ్నో.,telugu_banjara_dictionary_master_file.docx
ఆసియా ఖండం,/asiyā khandam/,n. prop.,Asia continent,...,...,telugu_banjara_dictionary_master_file.docx
దీవెన,/asis/,n.,blessing,...,యాడి బాపేర్ ఆసీస్ మన్ ఛఁ.,telugu_banjara_dictionary_master_file.docx
పరువు,/ijat/,n.,prestige,...,బంచేనఁ ఇజ్జత్ రేణో.,telugu_banjara_dictionary_master_file.docx
అనుమతించు,/ijājat/,v.,permit,अनुमति दे; इजाजत दे,ఊనఁ మాయి ఇజాజత్ దె.,telugu_banjara_dictionary_master_file.docx
ఇటుక,/itika/,n.,brick,...,ఘర్ భాందెనె ఇటిక కామ్ దె.,telugu_banjara_dictionary_master_file.docx
ఆచారం,/idti/,n.,custom; tradition,आचार; परंपरा,తీజ్ పండగ కరేర్ హమార్ ఇర్తి.,telugu_banjara_dictionary_master_file.docx
ఇంజను,/injan/,n.,engine,...,...,telugu_banjara_dictionary_master_file.docx
అంగుళం,/inc/,n.,inch,अंगुल; उँगली,...,telugu_banjara_dictionary_master_file.docx
వీర్యం,/indriyam/,n.,sperm; power,वीर्य; शक्ति,...,telugu_banjara_dictionary_master_file.docx
ఇంగ్లాండ్,/ingland/,n. prop.,England,...,ఇంగ్లాండ్ ఏక్ దేశం.,telugu_banjara_dictionary_master_file.docx
ఇంగ్లికం,/inglikam/,n.,inglikam,...,ఇంగ్లికం భూంజన్ ఖాయెసారూ.,telugu_banjara_dictionary_master_file.docx
ఆంగ్లము,/ingliś/,n. prop.,English,...,తూఁ ఇంగ్లీష్ వాతే సీక్.,telugu_banjara_dictionary_master_file.docx
బహుమానం,/inām/,n.,gift; reward,पारितोषक; पुरस्कार,మన రాజ్ ఇనామ్ దీనో.,telugu_banjara_dictionary_master_file.docx
గుడ్డు,/inda/,n.,egg,...,ఇండాతి నొంగ్వాణ్ రాందెవాసు.,telugu_banjara_dictionary_master_file.docx
ప్రమాణం,/imān/,v.,swear,...,సేనఁ ఆచ్చొ కఁరుచుకన్ ఇమాన్ కర్.,telugu_banjara_dictionary_master_file.docx
నిస్వార్ధపరుడు,/imāni/,adj.,altruistic,...,నాన్కి ఛ్వార ఇమాని.,telugu_banjara_dictionary_master_file.docx
నిస్పాక్షికంగా,/imānēti/,adj.,impartial,...,...,telugu_banjara_dictionary_master_file.docx
చెందిన,/irāda/,adj.,related,संबंधित; संबंध हुए,...,telugu_banjara_dictionary_master_file.docx
ఇరుసు,/irusu/,n.,axle,धुरा; धुर,...,telugu_banjara_dictionary_master_file.docx
ప్రాంతం (ఇలాకో),/ilāko/,n.,spot; boundary,प्रदेश; स्थान; सरहद; सीमा,ఇలాకో దాటన్ జాయేర్ ఛేని.,telugu_banjara_dictionary_master_file.docx
చికిత్స (ఇలాజ్),/ilāj/,n.,medical treatment,इलाज,...,telugu_banjara_dictionary_master_file.docx
ఇస్త్రీ చెయ్యి,/istri kar/,v.,press,प्रेस,మార్ ఝగ్లానఁ ఇస్త్రీకరన్ మేల్.,telugu_banjara_dictionary_master_file.docx
వాడడము (ఇస్తమాల్),/istamāl/,n./v.,usage,उपयोग,మ తార్ విస్రా ఇస్తమాల్కర్లుచుఁ.,telugu_banjara_dictionary_master_file.docx
ఇతను / ఇది,/i/,pron.,he; this,यह (पु./स्त्री./न.),ఈ తార్ కాయి లాగఁ.,telugu_banjara_dictionary_master_file.docx
ఇది కాకుంటే,/i namtō/,adv.,if not this,इसके बिना,ఈ నఁతో ఊ వఛఁ.,telugu_banjara_dictionary_master_file.docx
ఈ నెలలో,/i mīnāmā/,adv.,in this month,इस महीने में,ఈ మీనామా మఁ డిగ్రి పాస్ వేగో.,telugu_banjara_dictionary_master_file.docx
ఇదే,/ij/,adv.,this one only,यही,ఈజ్ వేళ రేణుఁ.,telugu_banjara_dictionary_master_file.docx
వయస్సు (ఈడ్),/id/,n.,age,उम्र; जवानी; अवस्था,తోనఁ చార్ మనిక్యామా వాతే కరేర్ ఈడ్ ఆయికోని.,telugu_banjara_dictionary_master_file.docx
మసులుతుంది,/ukalrō/,v.,boil,उबलना,పాణీ ఉకళ్లో.,telugu_banjara_dictionary_master_file.docx
ఉక్క పోత,/uklēmārēr/,n.,sweating; heat,पसीना; उमस,తడ్కేతి ఉళ్ళోమారఁచం.,telugu_banjara_dictionary_master_file.docx
ఉడకడం,/uklam/,v.,boil,उबलना,...,telugu_banjara_dictionary_master_file.docx
రెచ్చగొట్టు,/uclāyēr/,v.,ignite; provoke,उकसाना; भड़काना,మఁనఁ ఉచ్ఛావజూ కర్మత్.,telugu_banjara_dictionary_master_file.docx
ఇంకా / మరియు,/ujji/,conj.,some more; and,और; फिर,ఉజ్జి రేణుఁ.,telugu_banjara_dictionary_master_file.docx
మరొక,/ujjek/,adj.,another,दूसरा,ఉజ్జెక్ హప్త మార్ ఛేట్ ఆయేర్ ఛేని.,telugu_banjara_dictionary_master_file.docx
రోకలి,/ukli/,n.,pestle,मुसल,ఉక్కిన భాటాతి తయార్ కఁరఁచ.,telugu_banjara_dictionary_master_file.docx
ఉదాహరణ,/udāhārār/,n.,example,उदाहरण; दृष्टाँत; मिसाल,...,telugu_banjara_dictionary_master_file.docx
ఎలుక,/undar/,n.,rat,चूहा; मूषक,ఉందరేనఁ బిస్సి ఖావఁచఁ.,telugu_banjara_dictionary_master_file.docx
కుమ్మరించు,/undā/,v.,dump; pour,उड़ेलना,పాణీ మాట్లార్ నైఁ ఉందారోచఁ.,telugu_banjara_dictionary_master_file.docx
ఎండాకాలం,/undalo/,n.,summer,ग्रीष्म ऋतु; गरमी,ఉందాళో ఆరోచఁ కూలర్ లేలఁ.,telugu_banjara_dictionary_master_file.docx
వాటిలో,/undumā/,pron.,in them,उनमें,ఉందుమా కుణ్సో లేచి?,telugu_banjara_dictionary_master_file.docx
వారి,/undur/,pron.,their,उनका,ఉందూర్ నామెపర జమ్మి లకాయో.,telugu_banjara_dictionary_master_file.docx
పైది,/uncer/,adj.,upper one,ऊपरवाला,తార్ ఉంచేర్ రామ్.,telugu_banjara_dictionary_master_file.docx
బోర్లా పడడం,/undopadēr/,n.,falling again,ओंधे मुँह गिरना,...,telugu_banjara_dictionary_master_file.docx
ఎత్తు,/uncam/,n.,height,ऊँचाई,ఉంచేతి రేడ్.,telugu_banjara_dictionary_master_file.docx
లోతు,/undēmā/,n.,depth,गहराई,ఉండేమా గోజకో ఆద్మీ మర్గో.,telugu_banjara_dictionary_master_file.docx
పైపైన,/umparumpar/,adj.,peripheral; superficial,सतही; ऊपरी,జమ్మినె ఉంపర్ ఉంపర్ దూన్.,telugu_banjara_dictionary_master_file.docx
ఎత్తైన,/umpram/,adj.,outer layer; tall,ऊँचा,మోట్ గట్లార్ ఉంప్రఁ చడ్ సకాని.,telugu_banjara_dictionary_master_file.docx
వయసు / జీవితం,/umar/,n.,age; life,आयु; जीवन,తార్ ఉమర్ కత్రా.,telugu_banjara_dictionary_master_file.docx
జీవిత కాలం,/umar bharo/,adv.,life long,जीवनभर,...,telugu_banjara_dictionary_master_file.docx
ఉక్క పోత,/umas/,n.,sweating; heat,उमस,ఉందాళేమ ఉమస్ మారచఁ.,telugu_banjara_dictionary_master_file.docx
ఉలి,/uli/,n.,chisel,छेनी; टॉकी,ఉలితి లక్మేమ వేజ్ పాడఁచఁ.,telugu_banjara_dictionary_master_file.docx
ఇసుక,/uska/,n.,sand,रेत; बालू,ఉశ్కా ఆవఁచఁ.,telugu_banjara_dictionary_master_file.docx
ఎడారి,/uskyar bid/,n.,desert,रेगिस्तान; मरुस्थल,రాజస్థానే ఉస్క్యార్ బీడ్ ఛఁ.,telugu_banjara_dictionary_master_file.docx
అతను / అది,/ū/,pron.,he; that,वह,కాఁయి?,telugu_banjara_dictionary_master_file.docx
ఊట,/ūta/,n.,fountain,सोता,...,telugu_banjara_dictionary_master_file.docx
లే (పైకి),/ut/,v.,get up,उठना,ఉంపర్ ఊట్.,telugu_banjara_dictionary_master_file.docx
లేచే,/utēr/,n.,getting up one,उठने वाला,ఉటేర్ వేళ వేగి.,telugu_banjara_dictionary_master_file.docx
ఉన్ని / బొచ్చు,/ūn/,n.,wool,ऊन,...,telugu_banjara_dictionary_master_file.docx
పడమర,/uncal/,n.,west,पश्चिम,ఊంచాల్ సామ్ జాన్ కామ్ కర్.,telugu_banjara_dictionary_master_file.docx
లోతు / లోతైన,/undo/,adj.,deep; hollow,गहराई,అపణ్ ఢాబ్ రాస్ ఊండో.,telugu_banjara_dictionary_master_file.docx
పొంగు,/umpan/,v.,inflate; overflow,उफनना; फूलना,దూద్ ఊంపణ్ గో.,telugu_banjara_dictionary_master_file.docx
ఎకరం,/ekar/,n.,acre,एकड़,ఏక్ ఎక్కర్ ఖేత్ కాట్.,telugu_banjara_dictionary_master_file.docx
ఒక్కటే / ఒక్కరు / కేవలం / ఒకే,/ekkaj/,adv./pron./adj.,only one; one person; mere; only,केवल; सिर्फ; एक ही,ఎక్కజ్ త్వాయి గాలి మోటర్ చండో.,telugu_banjara_dictionary_master_file.docx
ఒక దానిని,/ekkinam/,pron.,one thing,एक वस्तु,ఏక్కినఁ నందిమా హంగోళీ కఁరావో.,telugu_banjara_dictionary_master_file.docx
ఒకరి,/ekkir/,pron.,ones,एक का,తూఁ ఎక్కిపర్ రీస్ కాఁయికన్ కర్రోచి.,telugu_banjara_dictionary_master_file.docx
ఒకరికి ఒక్కరు,/ekin ēk/,pron.,one to one,एक दूसरे के लिए,తమ్ దోయి ఎకీన్ ఏక్ సాత్.,telugu_banjara_dictionary_master_file.docx
ప్రకటించు,/elānkar/,v.,announce,घोषणा करना,బార్ ఎలాన్ కర్.,telugu_banjara_dictionary_master_file.docx
ఒకటి,/ek/,num.,one,एक,దసెమా ఏక్ భేళతో గ్యారఁ.,telugu_banjara_dictionary_master_file.docx
ఒక్కొక్కడు,/ēkēk/,n.,each,एक-एक,,telugu_banjara_dictionary_master_file.docx
ఒక్కరినే,/eklēnam/,pron.,only one person,अकेला व्यक्ति,మన అందారెమా ఏక్లేనఁ రకాడ్ గో.,telugu_banjara_dictionary_master_file.docx
ఒక మనిషి,/ēklo/,n.,one person,एक आदमी,,telugu_banjara_dictionary_master_file.docx
ఒంటరిగా / ఒకడినే,/ēklōj/,n./adv.,alone; aloof,अकेले; एकांत,అడ్బీమా రాత్ వణా ఏక్లోజ్ జాయేర్ ఛేని.,telugu_banjara_dictionary_master_file.docx
ఏకీకరించు / కలపడం,/ekkarer/,v.,consolidate; mixing,समेकित करना; मिलाना,దోయినె ఏక్కరేర్.,telugu_banjara_dictionary_master_file.docx
ఒకసారి,/ēktvāyi/,adv.,once,एक बार,ఏక్త్వాయి రేణు.,telugu_banjara_dictionary_master_file.docx
ఒకదాంట్లో ఇంకొకటి,/ēkimaēk/,adv.,one inside another,एक में दूसरा,ఏకీమాక్ భేళ్.,telugu_banjara_dictionary_master_file.docx
ఒక్కొక్కసారి,/ēkēk tāyi/,pron.,sometimes,कभी-कभी,,telugu_banjara_dictionary_master_file.docx
మడమ,/ēdi/,n.,heel; ankle,एड़ी,ఏడి పరఁ వించు కాటో.,telugu_banjara_dictionary_master_file.docx
ఇలా / ఇట్లా,/ērju/,n./adv.,thus,इस तरह,ఏరు కూఁణి కరేని.,telugu_banjara_dictionary_master_file.docx
ఇటు,/ēvdi/,v.,this side,इस तरफ,ఏవొ వర.,telugu_banjara_dictionary_master_file.docx
పెంట కుప్ప,/okoldi/,n.,manure heap,घूरा; खाद का ढेर,గోబ్రెనె ఒకొల్డిమారేడ్.,telugu_banjara_dictionary_master_file.docx
ప్రణాళిక,/odupu/,n.,plan,योजना,తార్ ఒడుపు ఆచొ ఛ.,telugu_banjara_dictionary_master_file.docx
అక్కడి నుండి,/otti/,adv.,from there,वहाँ से,ఒత్తి దెమల్.,telugu_banjara_dictionary_master_file.docx
అక్కడ,/otte/,adv.,there,वहाँ,ఒత్తె మేల్.,telugu_banjara_dictionary_master_file.docx
అప్పటి వరకు,/ottetanu/,adv.,until then,तब तक; वहाँ तक,,telugu_banjara_dictionary_master_file.docx
అక్కడ / అటు,/ottam/,adv.,there; over there,वहाँ; उधर,,telugu_banjara_dictionary_master_file.docx
ఓర్పు / ఓపిక,/opkyi/,n.,patience,सहनशीलता; धैर्य; सब्र,ప్రతి వ్యక్తికి ఓపిక ఉండాలి.,telugu_banjara_dictionary_master_file.docx
సారం,/odod/,n.,summary,सारांश,ఏ సాకీర్ ఒదోడ్.,telugu_banjara_dictionary_master_file.docx
ఆర్పు / చల్లార్చు,/ola/,v.,douse; cool,बुझाना; ठंडा करना,,telugu_banjara_dictionary_master_file.docx
వాళ్ళు,/ō/,pron.,those,वे,ఓ వేళామా హూయో.,telugu_banjara_dictionary_master_file.docx
ఆ సమయంలో,/ō vēlāmā/,n.,at that time,उस समय,ఓ వేళామాతూ కత్తఁగో.,telugu_banjara_dictionary_master_file.docx
వాళ్లు,/öj/,pron.,they,वे स्वयं,ఉందూర్ ఓజ్ గామ్ డగర్గే.,telugu_banjara_dictionary_master_file.docx
ఓటు / ఎన్నిక,/ōt/,n.,vote; choice,मत; चुनाव,నాయకేనఁ ఓటేతి కోర్.,telugu_banjara_dictionary_master_file.docx
పడవ,/ōda/,n.,boat; ship,नाव; जहाज,,telugu_banjara_dictionary_master_file.docx
ఉపాయం,/ödpu/,n.,idea,उपाय; विचार,ఓడ్పు సోంచ్.,telugu_banjara_dictionary_master_file.docx
కప్పుకునేది / చెద్దరు,/öder/,n.,cover; bedspread,ओढ़नी; चादर,చెద్దర్ ఓడేన ఁ కామఁచ ఁ.,telugu_banjara_dictionary_master_file.docx
ఓణీ,/ōṇṇi/,n.,odhni; scarf,ओढ़नी,మొట్యారి ఛ్వారి ఓణ్ణి నాక్లలఁచఁ.,telugu_banjara_dictionary_master_file.docx
అక్కడ నుంచి,/öttēti/,adv.,from there,वहाँ से,,telugu_banjara_dictionary_master_file.docx
దాని పై,/õpra/,adv.,on it,उस पर,,telugu_banjara_dictionary_master_file.docx
అందులో,/ōma/,adv.,therein,उसमें,ఓమా ఘాల్.,telugu_banjara_dictionary_master_file.docx
దాని నుండి,/omati/,adv.,from that,उससे,ఓమాతి ఘాల్.,telugu_banjara_dictionary_master_file.docx
దాని / అతని యొక్క / తనదే,/ōr/,pron./adv./adj.,its; of; own; his only,उसका; अपना,ఓర్ నామ్ కాఁయి.,telugu_banjara_dictionary_master_file.docx
తెగిన,/katāgo/,adj.,cut one,,కటాగొ జకొ హాత్ కామ్ కర్రీ కొని.,telugu_banjara_dictionary_master_file.docx
విసుగు/చికాకు,/katalo/,n./adv.,bore; worry,तंग कर; बेजार,తూమఁనఁకటాళొ ఖోరామత్. ఛుచాపరేతి యాడినఁ కటాళొ లాగఁచ.,telugu_banjara_dictionary_master_file.docx
నడుం,/kad/,n.,waist,,కడ్ దుక్రి.,telugu_banjara_dictionary_master_file.docx
గడప,/kadpa/,n.,doorway,డ్యోఢీ,కడ్పా పర్ బ్యాస్.,telugu_banjara_dictionary_master_file.docx
చరణం,/kadi/,n.,verse,चरण; कविता की पंक्ति,బైబిలేమార్ దీ కడి కఁ.,telugu_banjara_dictionary_master_file.docx
మొలతాడు,/kanadori/,n.,waist thread,,కడెపర్ కణదోరి భాంద్ర.,telugu_banjara_dictionary_master_file.docx
ఎప్పుడు,/kanna/,pron.,always; when,कब,ఫరన్ కన్న భళియాఁ.,telugu_banjara_dictionary_master_file.docx
ఎల్లవేళలా,/kannāyitõyi/,adv.,anytime,,కన్నాయితోయి మనఁ హర్దే లా.,telugu_banjara_dictionary_master_file.docx
కంకర,/kańkara/,n.,gravel,कंकर; कंकड,,telugu_banjara_dictionary_master_file.docx
జెల్లలు/జల్లచేప,/kantra/,n.,trout,జెల్లెలా,కంట్రార్ నొంగ్వాణ్ రాస్ ఆచ్చొ ఛఁ.,telugu_banjara_dictionary_master_file.docx
కణతి,/kanti/,n.,cyst,,,telugu_banjara_dictionary_master_file.docx
కుట్ర,/kapat/,n.,conspiracy,,మార్ పరె తూ కపట్ కర్రో.,telugu_banjara_dictionary_master_file.docx
పావురం,/kabutar/,n.,pigeon,कपोत; कबूतर,,telugu_banjara_dictionary_master_file.docx
తక్కువ,/kam/,adv.,less,,వోనఁ కమాయి కమ్ ఛఁ.,telugu_banjara_dictionary_master_file.docx
నిస్సత్తువ,/kamjor/,n.,enervation,,,telugu_banjara_dictionary_master_file.docx
గది,/kamara/,n.,room,कमरा; कोठरी,,telugu_banjara_dictionary_master_file.docx
సంపాదించు,/kamā/,v.,conciliate,,తూ పీసా కమా.,telugu_banjara_dictionary_master_file.docx
సంపద,/kamayi/,n.,wealth,,తార్ కమాయి కత్రా.,telugu_banjara_dictionary_master_file.docx
బుద్ధి/రీతి,/kanni/,n.,mind; attitude,बुद्धि; पद्धति; ढंग,ఏక్ ఆద్మీర్ ఆచ్చొబల్లా దలేనఁ కణ్ణి కఁచఁ. తార్ కణ్ణి ఆచ్ ఛేని.,telugu_banjara_dictionary_master_file.docx
నూకలు,/kanki/,n.,farina,,కణ్కి రాందన్ ఖావచఁ.,telugu_banjara_dictionary_master_file.docx
మొలతాడు,/kandoro/,n.,waist thread,,కడేపర్ కణోరొ భాంద్ర.,telugu_banjara_dictionary_master_file.docx
ఎక్కడ,/kattam/,n.,where,कहाँ; किधर,ఘర్ కత్తఁ. కత్తఁ ఛి.,telugu_banjara_dictionary_master_file.docx
ఎంత,/katrāl/,pron.,how much,,తమేనఁ జమ్మి కత్రా ఛఁ.,telugu_banjara_dictionary_master_file.docx
అంతులేని/ఎక్కువ,/katrāyiko/,adj.,endless; much,अंत हीन; बहुत ही,అంతు లేని లోతులో నీరు ఉంది.,telugu_banjara_dictionary_master_file.docx
ఎన్ని,/katri/,pron.,how many,कितने,తోనఁ కత్రి సీసీ చావ్డారో.,telugu_banjara_dictionary_master_file.docx
అని,/kan/,adv.,after telling,,తూ కన్ మాలం.,telugu_banjara_dictionary_master_file.docx
కమ్మరి,/kamār/,n.,blacksmith,कुम्हार; कुंभकार,కమార్ మాట్లా కఁరఁచం.,telugu_banjara_dictionary_master_file.docx
విద్యుత్తు,/karant/,n.,power,बिजली,కరంట్ రతో మోటర్ చాలచఁ.,telugu_banjara_dictionary_master_file.docx
చేయడం,/kar/,v.,do,,తూఁన్యాయ్ కర్.,telugu_banjara_dictionary_master_file.docx
కాకర తీగ,/karlār vēl/,n.,creeper,,,telugu_banjara_dictionary_master_file.docx
ఒప్పందము,/karār/,n.,agreement,,తూమఁ కరార్ కరీదె.,telugu_banjara_dictionary_master_file.docx
కాకర కాయ,/karēlā/,n.,bitter gourd,,కరేలార్ నొంగ్వాణ్ కుడి రఁచం.,telugu_banjara_dictionary_master_file.docx
కోటి,/karod/,num. prop.,crore,,మార్ ఢ(యి కరోడ్ రపియా ఛఁ.,telugu_banjara_dictionary_master_file.docx
కలుపు,/kalap/,n.,connects; weeds,मिला,,telugu_banjara_dictionary_master_file.docx
దృఢంగా,/kaldothant/,adv.,hardly,,మార్ హాత్ కన్డోఠంట్ ఛఁ.,telugu_banjara_dictionary_master_file.docx
పుక్కిలించు,/kaldānāk/,v.,gargle,,దాడి ధాన్ ఖాలేన్ పాణీతి కల్లోనాక్.,telugu_banjara_dictionary_master_file.docx
నకిలి,/kalti/,n.,impurity,मिलावट,బిజ్జా గాడఁతొ హుగేని.,telugu_banjara_dictionary_master_file.docx
తెలుసుకో,/kalā/,v.,illustration,,,telugu_banjara_dictionary_master_file.docx
వివరంగా,/kalān/,adv.,in detail,ब्योरेवार,కళాన్ కేణో.,telugu_banjara_dictionary_master_file.docx
అధ్యయనం చేయి,/kalāyēro/,n.,study,,,telugu_banjara_dictionary_master_file.docx
గౌడు,/kalāl/,n.,caste,,హమార్ గామేమా కళాల్ ఛఁ.,telugu_banjara_dictionary_master_file.docx
జగడాలమారి,/kaleńki/,n.,cantankerous,,కళెంకితి లడాయి ఘాలేర్ ఛేనిఁ.,telugu_banjara_dictionary_master_file.docx
అవగతం కాని,/kaļēnijako/,v.,not understandable,,కళేనిజకొ వాత్ కరేర్ ఛేని.,telugu_banjara_dictionary_master_file.docx
కిందికి దిగు,/kaler/,v.,descend,घुस; नीचे उतर जा,,telugu_banjara_dictionary_master_file.docx
కష్టమైన,/kastāti/,n.,difficulty,जटिल; कठिन,,telugu_banjara_dictionary_master_file.docx
బిగించు,/kas/,v.,tighten,कस; कसकर बाँध,,telugu_banjara_dictionary_master_file.docx
ఎందువల్ల,/kassēnam/,adv.,why,,తూ కసేన గామేనఁ ఆయోకొని.,telugu_banjara_dictionary_master_file.docx
వ్యాయామం,/kasrat/,n.,exercise,व्यायाम,కరూచుఁ.,telugu_banjara_dictionary_master_file.docx
గంట,/kasāpti/,n.,doorbell,,,telugu_banjara_dictionary_master_file.docx
పట్టీలు,/kase/,n.,anklets,,టాంగేమా పిత్రి కసె ఛఁ.,telugu_banjara_dictionary_master_file.docx
పీత,/kyānkdo/,n.,crab,,క్యాంక్డ్ సందరెమా రచఁ.,telugu_banjara_dictionary_master_file.docx
తలుపు,/kavādi/,n.,door,दरवाजा; किवाड,,telugu_banjara_dictionary_master_file.docx
క్యాబేజి,/kyābēji/,n.,cabbage,,క్యాబేజీర్ నొంగ్వాణ్ రాందచఁ.,telugu_banjara_dictionary_master_file.docx
పొలం,/kyārā/,n.,field,,సాళ్ పచావఁజే జమ్మినఁ క్యారా కఁచఁ.,telugu_banjara_dictionary_master_file.docx
విప్లవం,/krānti/,n.,revolution,विप्लव; क्रान्ति,,telugu_banjara_dictionary_master_file.docx
గవ్వలు,/kvādi/,n.,decorative shells,,క్వాడి చఁ.,telugu_banjara_dictionary_master_file.docx
ముద్ద,/kvāll/,n.,morsel; dab,,ఏక్ క్వాళ్ ధాన్ ఘాల్.,telugu_banjara_dictionary_master_file.docx
గుమ్మడి కాయ,/kvālā/,n.,pumpkin,,ఘరే ముంగాణ్ క్వాళా భాందఁచఁ.,telugu_banjara_dictionary_master_file.docx
పినతండ్రి,/kāka/,n.,dad's younger brother,,బాపేర్ భాయినఁ కాక కన్ కఁచఁ.,telugu_banjara_dictionary_master_file.docx
కాకి,/kākla/,n.,crow,काक; कौआ,,telugu_banjara_dictionary_master_file.docx
దోసకాయ,/kākdi/,n.,cucumber,,కాకిడినఁ రాందన్,telugu_banjara_dictionary_master_file.docx
చిన్నమ్మ,/kāki/,n.,mother's younger sister,,బాపేర్ భాఁయీర్ టాండ్రిన్ కాకి కన్ కచఁ.,telugu_banjara_dictionary_master_file.docx
వెడల్పాటి కర్ర పాత్ర,/kākoti/,n.,wood basin,,కాకొటి మ ఆటొ పీంచచఁ.,telugu_banjara_dictionary_master_file.docx
పత్రిక,/kāgad/,n.,newspaper; letter,पत्रिका; पत्र; पत्ता; कागज; समाचार पत्र,,telugu_banjara_dictionary_master_file.docx
కొండ నాలుక,/kāglā/,n.,uvula,,లండిమార్ ఏక్ భాగ్ కాగ్.,telugu_banjara_dictionary_master_file.docx
కొబ్బరి చిప్ప,/kācli/,n.,broken hard coconut,,నారళేర్ కాచఁలితి చూలో కఁర ఁ.,telugu_banjara_dictionary_master_file.docx
కళ్ళజోడు,/kājal/,n.,spectacles,,ఆంకి సమోర్ దికాయేనిజన కాజళ్ ఘాలఁచఁ.,telugu_banjara_dictionary_master_file.docx
గాటు,/kāt/,n.,dent,,,telugu_banjara_dictionary_master_file.docx
కత్తి పీట,/kattu/,n.,cutter with base,,,telugu_banjara_dictionary_master_file.docx
బిగించు,/kātto kar/,v.,tighten; confirm,कसकर बाँध; तान,,telugu_banjara_dictionary_master_file.docx
నరుకు/కోయు,/kāter/,v.,butcher; harvest; snap,काट; अलग कर; टुकडे कर; कटाई; कतर,అక్కడ అడ్డంగా ఉన్న చెట్టును నరుకు.,telugu_banjara_dictionary_master_file.docx
రక్కసిగడ్డి,/katēvālēkhad/,n.,spear grass,,,telugu_banjara_dictionary_master_file.docx
తీక్షణంగా చూడటం,/kāto dekēr/,v.,looking seriously,,,telugu_banjara_dictionary_master_file.docx
తియ్యి,/kād/,v.,remove,,ఝగ్ కాడ్. నాత్ కాడ్. పీసా కాడ్.,telugu_banjara_dictionary_master_file.docx
ఎందుకంటే,/kānnam/,conj.,because of,कारण; से; संभव,,telugu_banjara_dictionary_master_file.docx
తీసివెయ్యి,/kānāk/,v.,remove,,లారీమా ఛఁజకో విస్రానఁ బారఁ కాణాక్.,telugu_banjara_dictionary_master_file.docx
గుడ్డి,/kānō/,adj.,blind,दृष्टिहीन; अंध,,telugu_banjara_dictionary_master_file.docx
చెవి,/kān/,n.,ear,,కాన్ సామ్ల ఛఁ.,telugu_banjara_dictionary_master_file.docx
కానుక,/kānkya/,n.,gift,,దేవేనఁ కాన్క్య చడాయేర్ వాసు దేవలేనె గో.,telugu_banjara_dictionary_master_file.docx
కాడి,/kānni/,n.,yoke,,బళదూర్ గొదడి పరఁ కాన్ని ఛఁ.,telugu_banjara_dictionary_master_file.docx
మూల్గడం,/kanj/,v.,groan,,పక్కొ తావ్ ఆన్ ఆద్మీ కాంజ్ రోచఁ.,telugu_banjara_dictionary_master_file.docx
కంకర,/kānkra/,n.,rock pieces,,,telugu_banjara_dictionary_master_file.docx
రవిక/బ్లౌజ్,/kāñcli/,n.,blouse,चोली; अँगिया,బాయిలోగ్ కాంచ్ళీ ప్యారఁచఁ.,telugu_banjara_dictionary_master_file.docx
దువ్వెన,/kāngsi/,n.,comb,कंघी; कंघा,కాంగ్సి తి మాత్త వామాచఁ.,telugu_banjara_dictionary_master_file.docx
ఉల్లి గడ్డ/గొంతు,/kānda/,n.,onion; neck,कंठ; गला; स्वर; वाणी,హమార్ ఖేతేమా కాందా పచావాఁచా.,telugu_banjara_dictionary_master_file.docx
ఉల్లాకు,/kāndār pān/,n.,label,,ఖేతేమాతి కాందార్ పాన్ తోల్డామా.,telugu_banjara_dictionary_master_file.docx
ముళ్ళ కప్ప,/kāntali mitiki/,n.,thorny frog,,,telugu_banjara_dictionary_master_file.docx
నాచు,/kāñji/,n.,moss,,తలాథ్థామా కాంజి రచఁ.,telugu_banjara_dictionary_master_file.docx
భుజం/బాహువు,/kāndo/,n.,shoulder,भुजा; बाहु,లాకడేనఁ కాందేపర్ పాడ్. కాందే ఫర్ చోట్ లాగ్గి.,telugu_banjara_dictionary_master_file.docx
చంక,/kānkō/,n.,armpit,काँख,,telugu_banjara_dictionary_master_file.docx
చెవి పోగు,/kānēr kammal/,n.,earring,,బాయిలోగ్ కానేర్ కమ్మల్ ఘాలఁచఁ.,telugu_banjara_dictionary_master_file.docx
చెవి కన్నం,/kānēr vēj/,n.,ear hole,,,telugu_banjara_dictionary_master_file.docx
తాబేలు,/kābjo/,n.,tortoise,कछुआ,కాబొ ఊంప్రఁ కోప్రి రఁచఁ.,telugu_banjara_dictionary_master_file.docx
పని,/kām/,n.,work,काम; कार्य,పర్బాతి ఊటన్ ఘరేర్ కామ్ కరూచుఁ. కామ్ కర్.,telugu_banjara_dictionary_master_file.docx
ఉత్తరము,/karat/,n.,letter,उत्तर; पत्र; चिट्ठी,మన్ ఏక్ కారట్ దెమల్.,telugu_banjara_dictionary_master_file.docx
విభక్తి,/karan/,n.,case,विभक्ति,,telugu_banjara_dictionary_master_file.docx
కార్ఖానా,/karkhana/,n.,factory,कारखाना,,telugu_banjara_dictionary_master_file.docx
కార్యక్రమం,/kāryam/,n.,programme,,ఆజేర్ కామ్ కాఁయి.,telugu_banjara_dictionary_master_file.docx
వంకీల జుట్టు,/karlelattā/,n.,perm,,,telugu_banjara_dictionary_master_file.docx
కర్తవ్యం/బాధ్యత,/kārvāyi/,n.,duty; work,,మార్ కామ్ కార్వాయి తూజ్ కర్.,telugu_banjara_dictionary_master_file.docx
prophecy,/kālajñāni/,n.,prophecy,,,telugu_banjara_dictionary_master_file.docx
నిన్న,/kal/,n.,yesterday,कल बीता हुआ,కాల్ కేవి గో.,telugu_banjara_dictionary_master_file.docx
కాలువ,/kālvā/,n.,canal,नाला; नहर,కాల్వామా అస్మాన్ పాణీ ఛఁ.,telugu_banjara_dictionary_master_file.docx
మిరియాల,/kāli marcē/,adj.,ground pepper,,కాళి మర్చేర్ పొడి పక్కొ మండుచఁ.,telugu_banjara_dictionary_master_file.docx
నలుపు/కరువు,/kāḷō/,n./adj.,black; famine,कमी; अपूर्णता,యేనఁ కాళో కర్. కాక్లార్ రంగ్ కాళో.,telugu_banjara_dictionary_master_file.docx
కాపలా/రక్షణ,/kavli/,n.,guard; watch,रखवाली,అపణ్ చుట్టు కావలి రఁచఁ. మార్ బేటీర్ కావ్లి రఁ.,telugu_banjara_dictionary_master_file.docx
ఏమి,/kamyi/,pron.,what,,ఉందూన ఖాయేనఁ కాఁయి ఛేని.,telugu_banjara_dictionary_master_file.docx
ఎందువల్ల/కారణం,/kāmyikanam/,adv.,why,,గామ్ కసెనఁ జారొ.,telugu_banjara_dictionary_master_file.docx
ఏమో/ఏదో,/kāmyikō/,adv.,possibly; some,कोई,కాఁయి కోరేణో. తూ కేరొజకొ కాఁయికో.,telugu_banjara_dictionary_master_file.docx
కూత,/kikāti/,n.,howl,,ఏక్ కికాటి మారన్ హంకార్.,telugu_banjara_dictionary_master_file.docx
చిత్తడినేల,/kicaldi jāg/,n.,marsh,,,telugu_banjara_dictionary_master_file.docx
బురద,/kicaldo/,adj.,mud,नमी; तरी,కీచ్ కూంద్ మత్.,telugu_banjara_dictionary_master_file.docx
కిటికీ,/kidiki/,n.,window,खिड़की,,telugu_banjara_dictionary_master_file.docx
ఏర్పరచిన,/kidejako/,adj.,select,चयनित; नियुक्त,,telugu_banjara_dictionary_master_file.docx
చేసిన / వాడినది,/kidojako/,adj./n.,manufactured / used one,बनाया हुआ; प्रयुक्त,,telugu_banjara_dictionary_master_file.docx
ఆడ తొండ,/kirkindi/,n.,female lizard,छिपकली (स्त्री.),,telugu_banjara_dictionary_master_file.docx
మగ తొండ / తొండ,/kirkindo/,n.,male lizard,गिरगिट,,telugu_banjara_dictionary_master_file.docx
టక్కరి,/kilādi/,n.,cunning,चालाक; धूर्त,,telugu_banjara_dictionary_master_file.docx
పురుగు,/kidā/,n.,insect,कीड़ा; कीट,,telugu_banjara_dictionary_master_file.docx
చీమ,/kidi/,n.,ant,चींटी,,telugu_banjara_dictionary_master_file.docx
బురద / చిత్తడి,/kinc/,n.,morass,कीचड़,,telugu_banjara_dictionary_master_file.docx
బురద నేల,/kiñcēvāl jammi/,n.,muddy soil,कीचड़ भरी जमीन,,telugu_banjara_dictionary_master_file.docx
గీత,/kir/,n.,line,लकीर; रेखा,,telugu_banjara_dictionary_master_file.docx
కోళ్ళ పోట్లాట,/kukkad bāttu/,n.,cock fighting,मुर्गों की लड़ाई,,telugu_banjara_dictionary_master_file.docx
చేదు / వగరు,/kudi/,adj./n.,bitter / acrid,कड़वा; कसैलापन,,telugu_banjara_dictionary_master_file.docx
ఏదైనా,/kunasiti/,adv.,anything,कोई भी चीज,,telugu_banjara_dictionary_master_file.docx
ఎవరైనా,/kuniti/,pron.,anyone,कोई भी; किसी को,,telugu_banjara_dictionary_master_file.docx
దూకడం / గెంతడం,/kudēro/,n.,jump,कूद; उछल,,telugu_banjara_dictionary_master_file.docx
ఎలా,/kunkan/,pron.,how,कैसा,,telugu_banjara_dictionary_master_file.docx
తాళం చెవి,/kunji/,n.,lock / key,ताला; कुंजी,,telugu_banjara_dictionary_master_file.docx
ఎలాగైనా,/kuyimti/,adv.,anyhow,किसी भी तरह,,telugu_banjara_dictionary_master_file.docx
కుర్చీ,/kurci/,n.,chair,कुर्सी,,telugu_banjara_dictionary_master_file.docx
చెరుపు / కూల్చు / చేర్పు / తుడువు,/kulā/,v.,damage / demolish / augment / brush,हानि; अहित; साफ़,,telugu_banjara_dictionary_master_file.docx
కుష్టు రోగం,/kusti/,n.,leprosy,कुष्ठ रोग,,telugu_banjara_dictionary_master_file.docx
ఎలా పడితే అలా,/kumvajum/,adv.,haphazardly,अस्त-व्यस्त,,telugu_banjara_dictionary_master_file.docx
కన్య,/kumvāri/,n.,unmarried girl,कुंवारी; कन्या,,telugu_banjara_dictionary_master_file.docx
పెళ్ళి కాని అబ్బాయి,/kumvārō/,n.,unmarried man,कुंवारा,,telugu_banjara_dictionary_master_file.docx
దంచు,/kūt/,v.,pound,कूटना,,telugu_banjara_dictionary_master_file.docx
కొట్టుకుపోయింది,/kutlēgo/,n.,flooded,बाढ़ में बह गया,,telugu_banjara_dictionary_master_file.docx
ఎవరు,/kūn/,pron.,who,कौन,,telugu_banjara_dictionary_master_file.docx
దుముకు / కూదు,/kud/,v.,jump,कूदना,,telugu_banjara_dictionary_master_file.docx
చిందు వేయు,/kūdām/,v.,let's jump with happy,ख़ुशी से नाचना,,telugu_banjara_dictionary_master_file.docx
చక్కని / స్పష్టంగా / సమతలం,/kūb āc/,adj./adv./n.,nice / clearly / flat,अच्छा; साफ़; समतल,,telugu_banjara_dictionary_master_file.docx
గూనివాడు,/kūbdo/,n.,hunch / humpback,कूबड़ वाला,,telugu_banjara_dictionary_master_file.docx
తప్పకుండా,/kūmyiti/,adv.,compulsory,ज़रूर; अनिवार्य,,telugu_banjara_dictionary_master_file.docx
కృష్ణా నది,/krsnā nandi/,n. prop.,Krishna river,कृष्णा नदी,,telugu_banjara_dictionary_master_file.docx
చాటించు,/kera/,v.,making someone tell,प्रकट करना; घोषणा करना,,telugu_banjara_dictionary_master_file.docx
దూడ (ఆడ),/keldi/,n.,female calf,बछिया,,telugu_banjara_dictionary_master_file.docx
అనుకోవడం,/kelero/,n.,thinking about,सोचना; विचारना,,telugu_banjara_dictionary_master_file.docx
చెప్పుతూనే ఉండు,/kevukar/,v.,keep telling,बताते रहना,,telugu_banjara_dictionary_master_file.docx
చెప్పినది,/kējakā/,adj.,that which was told,कहा हुआ,,telugu_banjara_dictionary_master_file.docx
ఎవరితోనైనా,/kētivatōyi/,pron.,anybody,किसी के भी साथ,,telugu_banjara_dictionary_master_file.docx
ఎవరైనా,/keniti/,pron.,anyone,कोई भी,,telugu_banjara_dictionary_master_file.docx
చెప్పి పంపు,/kemel/,v.,send after telling,कहकर भेजना,,telugu_banjara_dictionary_master_file.docx
ఎవరిది,/kēr/,pron.,whose,किसका,,telugu_banjara_dictionary_master_file.docx
చెప్పుతున్నాడు,/kērā/,v.,telling,कह रहा है,,telugu_banjara_dictionary_master_file.docx
సరస్సు / జలాశయం / వెల్లడించు / ఆజ్ఞ,/kūnd/,n./v.,lake / reservoir / disclose / command,तालाब; सरोवर; प्रकट; आज्ञा,,telugu_banjara_dictionary_master_file.docx
బావి / కోనేరు,/kiyo/,n.,well,कुआँ; बावडी,,telugu_banjara_dictionary_master_file.docx
కూలింది,/kūlgā/,v.,collapsed,ढह गया; गिर गया,,telugu_banjara_dictionary_master_file.docx
కూలీ,/kūli/,n.,labour,मजदूरी,,telugu_banjara_dictionary_master_file.docx
ఎలా / ఎట్లా,/kūm/,pron.,how,कैसे,,telugu_banjara_dictionary_master_file.docx
ఎట్లైనా,/kūmyiti/,pron.,anyhow,कैसे भी,,telugu_banjara_dictionary_master_file.docx
దూడ,/keldā/,n.,calf,बछड़ा,,telugu_banjara_dictionary_master_file.docx
ఆలోచించు / నిర్ణయము,/keler/,v./n.,thinking / decision,सोच; निर्णय,,telugu_banjara_dictionary_master_file.docx
కేళా,/kēlā/,n.,banana,केला,కేళార్ పానేమా దాడి దళియా ఖావుచుఁ.,telugu_banjara_dictionary_master_file.docx
కేవి,/kēvdi/,v./adv.,to where,किधर,తూ కేవి జారొ.,telugu_banjara_dictionary_master_file.docx
కేవాళో,/kēvālāl/,pron./n.,teller,बतानेवाला,సిపాయినఁ కామ్ కేవాళో ఆద్మీ.,telugu_banjara_dictionary_master_file.docx
కొచర్,/kocar/,n.,pinch,खुटक; नोच,జీవేపర్ కొచర్.,telugu_banjara_dictionary_master_file.docx
కొట్రొ,/kotro/,n.,rice bowl,अन्न पात्र,కొట్రెమా ధాన్ ఘాల్.,telugu_banjara_dictionary_master_file.docx
కొడ్చి,/kodci/,n.,ladle,करछुल,కొడ్చోతి నొంగ్వాణ్ ఘాల్.,telugu_banjara_dictionary_master_file.docx
కొడియా,/kodiyā/,n.,spider,मकडी,జూనో ఘరేమా కొడియార్ తార్ వేజా.,telugu_banjara_dictionary_master_file.docx
కొతడ్ని,/kotadni/,n.,scissor,कैंची,టొకడానఁ కాటేనఁ కొతడ్ని కామఁరఁచం.,telugu_banjara_dictionary_master_file.docx
కొతర్,/kotar/,v.,cut,काटना,కొతడ్నితి కొతర్.,telugu_banjara_dictionary_master_file.docx
కొత్రా,/kotrā/,n.,dog,कुत्ता,కొత్రా పాళజకొ జీవ్స్.,telugu_banjara_dictionary_master_file.docx
కొత్రి,/kotri/,n.,bitch (female dog),कुतिया,...,telugu_banjara_dictionary_master_file.docx
కొనానఁ,/konānam/,adv.,at the end,अंत में,కొనానఁ బ్యాటోచఁ.,telugu_banjara_dictionary_master_file.docx
కొనారో,/konāro/,n.,remote place,एकांत स्थान,...,telugu_banjara_dictionary_master_file.docx
కొనొరా,/konorā/,n.,edge; bank,किनारा; छोर,...,telugu_banjara_dictionary_master_file.docx
కొర్చొ,/korco/,n.,ladle; big spoon,करछुल,కొర్చొతి ధాన్ ఘాల్.,telugu_banjara_dictionary_master_file.docx
కొర్రార్ దళ్యా,/korrār dalyā/,n.,ragi porridge,रागी की कांजी,పేనా కొర్రార్ దళ్యా పితేతే.,telugu_banjara_dictionary_master_file.docx
కొరాడి,/korādi/,n.,axe,कुल्हाडी,కొరాడితి లక్షీ కాటఁచఁ.,telugu_banjara_dictionary_master_file.docx
కొల్డా,/koldā/,n.,bracelet; kankanam,कडा; कंगन,మనఁ హాతేమా సోనేర్ కొల్డా ఛఁ.,telugu_banjara_dictionary_master_file.docx
కొల్మి,/kolmi/,n.,smelting furnace,भट्टी,...,telugu_banjara_dictionary_master_file.docx
కొల్యా,/kolyā/,n.,charcoal,कोयला,లక్డ్ బాళన్ కొల్యా కర్నాకొ.,telugu_banjara_dictionary_master_file.docx
కొళో,/koljā/,n.,liver,यकृत; जिगर,...,telugu_banjara_dictionary_master_file.docx
కొశారి,/kośāri/,n.,cockroach; insect,कीडा मकोडा; कीटक,...,telugu_banjara_dictionary_master_file.docx
కొసాన్,/kosān/,adv.,eventually,आखिरकार,కొసాన్ జాన్ హూబో వేరోచఁ.,telugu_banjara_dictionary_master_file.docx
కోటు,/kõt/,n.,coat,कोट,మరద్ మాన ఝగ్లాపరేన్ ప్యారఁజకొలతొక్షా.,telugu_banjara_dictionary_master_file.docx
కొల్లి,/kötli/,n.,bag,थैला; झोला,కొల్లి లా.,telugu_banjara_dictionary_master_file.docx
కొని,/köni/,adv.,not,नहीं,అత్రాజ్ కోని అజ్జి అస్మాన్ ఛఁ.,telugu_banjara_dictionary_master_file.docx
కోబల్,/kobal/,n. prop.,cuckoo,कोयल,...,telugu_banjara_dictionary_master_file.docx
కోబ్లి,/köbli/,n.,mumps,गलसुआ,లండీమా కోబ్లి వేగి.,telugu_banjara_dictionary_master_file.docx
కోల,/kāla/,n.,torch,मशाल,తాండేవుమా హోళీర్ ఆంగఁ నవ్ దాడ్ కోలా బాళఁచఁ.,telugu_banjara_dictionary_master_file.docx
కోల్డా,/köldā/,n.,bracelet,कडा,...,telugu_banjara_dictionary_master_file.docx
కోల్డి,/kōldi/,n.,water container,बडा जल पात्र,...,telugu_banjara_dictionary_master_file.docx
కోశిశ్,/kōśiś/,n.,effort,प्रयत्न; कोशिश,తార్ కోశిశ్ వారు చఁ.,telugu_banjara_dictionary_master_file.docx
కోస,/kōsa/,adj./n.,last; tip; edge,आखिरी; नोक,ఆకర్ పరిక్షామా బార పడో కోని.,telugu_banjara_dictionary_master_file.docx
కఁ,/kam/,v.,tell,कहना,కాఁయితిక ఁ.,telugu_banjara_dictionary_master_file.docx
ఖజ్జురా,/khajurā/,n.,date,खजूर,ఖజ్జురా ఖాదొ.,telugu_banjara_dictionary_master_file.docx
ఖజురి,/khajuri/,n.,palm fruit,खजूर का फल,ఖజురి మీట్.,telugu_banjara_dictionary_master_file.docx
ఖట్లో,/khatlo/,n.,problem; trouble,समस्या; मुश्किल,బాకి దినేజేతి రాస్ ఖట్లో వేరోచఁ.,telugu_banjara_dictionary_master_file.docx
ఖటిక్,/khatik/,n.,butcher,कसाई,ఖటిక్ గోర్లినఁ కాటచఁ.,telugu_banjara_dictionary_master_file.docx
ఖడ్,/khad/,n.,grass,घास,ఖడ్ కాట్.,telugu_banjara_dictionary_master_file.docx
ఖడ్క,/khadka/,n.,iron chain/latch,किवाड की जंजीर,కిడికీర్ ఖడ్క ఘాల్.,telugu_banjara_dictionary_master_file.docx
ఖడ్ఘాల్,/khadghāl/,v.,feed grass,चारा डालना,...,telugu_banjara_dictionary_master_file.docx
ఖత్రా,/khatrā/,n.,danger; hazard,खतरा,ఊ ఖత్రామా ఛుఁ.,telugu_banjara_dictionary_master_file.docx
ఖంద్యం,/khandkam/,n.,trench,खंदक; खाई,...,telugu_banjara_dictionary_master_file.docx
ఖనిజం,/khanijam/,n.,mineral,खनिज,...,telugu_banjara_dictionary_master_file.docx
ఖప్తి,/khapti/,n.,steps,सीढी,ఖప్తి ఊంచఁ బ్యాస్.,telugu_banjara_dictionary_master_file.docx
ఖబర్,/khabar/,n.,news; matter,सूचना; समाचार,ఖోజ్ మాలంకర్.,telugu_banjara_dictionary_master_file.docx
ఖబ్జా,/khabjā/,v.,occupy,आक्रमण; कब्जा,...,telugu_banjara_dictionary_master_file.docx
ఖమ్ లం,/kham lam/,v.,endure; bear,सहना,తార్ పెటేమా దూక్రోజకో ఖమ్ లం.,telugu_banjara_dictionary_master_file.docx
ఖండ్,/khand/,n.,continent,खंड,హమార్ ఆసియా ఖండ్.,telugu_banjara_dictionary_master_file.docx
ఖమాడ్లఁ,/khamādlam/,v.,resist; bear,सहन करना,ఖమాడన్ కామ్ కర్లఁ.,telugu_banjara_dictionary_master_file.docx
ఖరచ్,/kharac/,n.,expenditure,खर्च,...,telugu_banjara_dictionary_master_file.docx
ఖర్ప,/kharpā/,n.,maize stalk,लकडी,కాటఁజేర్పచఁ రేజాజకొ ఖర్పా.,telugu_banjara_dictionary_master_file.docx
ఖరాఖండి,/khara khandi/,adv.,exactly,बिलकुल; साफ साफ,తూ ఖరాఖండి వాత్ కం.,telugu_banjara_dictionary_master_file.docx
ఖరాప్,/kharap/,v./adj./adv.,bad; wrong; damage,खराब; गलत,తూ ఖరాప్ కామ్ కిదో.,telugu_banjara_dictionary_master_file.docx
ఖరిదేర్,/kharider/,adj.,valuable; luxury,कीमती; विलासी,...,telugu_banjara_dictionary_master_file.docx
ఖవో,/khavo/,n.,arm,बाहु; भुजा,...,telugu_banjara_dictionary_master_file.docx
ఖ్యాంచన్,/khyāncan/,adj.,after throwing,फेंकने के बाद,ఓనె ఖ్యాంచన్ మార్.,telugu_banjara_dictionary_master_file.docx
ఖ్యాంచ్నైక్,/khyāñcnāk/,v.,pulling out,बाहर खींचना,...,telugu_banjara_dictionary_master_file.docx
ఖ్యాంచేర్,/khyāñcēr/,n./v.,traction; attraction,खिंचाव,బళద్ బండి ఖ్యాంచఁచఁ.,telugu_banjara_dictionary_master_file.docx
ఖ్యాల్,/khyāl/,n.,thought; thinking,सोच; विचार,ఖ్యాల్ కర్.,telugu_banjara_dictionary_master_file.docx
ఖ్వాడి,/khvādi/,n.,chutney; pickle,चटनी,హరే మర్చార్ ఖ్వాడి వాంట్.,telugu_banjara_dictionary_master_file.docx
ఖ్వాలే,/khvāle/,n.,check,तनकीह,ఘరేనె పోలీస్ ఖ్వాలే.,telugu_banjara_dictionary_master_file.docx
ఖ్వాళ్ళమ్,/khvāllam/,v.,open,खुलना,...,telugu_banjara_dictionary_master_file.docx
ఖ్వాలెరో,/khvālēro/,n.,opening,आरंभ; शुरूआत,...,telugu_banjara_dictionary_master_file.docx
ఖాజ్,/khāj/,n.,itch,खाज; खुजली,ఖొజాన్ గుమ్డివజేనఁ ఖాజ్ కం.,telugu_banjara_dictionary_master_file.docx
ఖాట్,/khāt/,n.,bier (corpse carrier),पाडे,ఖాట్ భాంద్.,telugu_banjara_dictionary_master_file.docx
ఖాటో,/khāto/,n.,sour,खट्टा,...,telugu_banjara_dictionary_master_file.docx
ఖాంచాళో,/khāñcālo/,adj.,rough; being rough,...,...,telugu_banjara_dictionary_master_file.docx
ఖానా,/khānā/,n.,drawer,दराज,సోనేర్ విస్రా ఖానామా ఘాల్.,telugu_banjara_dictionary_master_file.docx
ఖాయిస్,/khāyis/,n.,interest; love,...,తోనఁ ఖాయిస్ కరోచఁ.,telugu_banjara_dictionary_master_file.docx
ఖాయేర్,/khāyēr/,adj./n.,edible; eating; food,आहार; भोजन,ఈ ఖాయేర్ విస్రా.,telugu_banjara_dictionary_master_file.docx
ఖారాపాణీ,/khāropāni/,n.,saltwater,...,సమ్దరేమా ఖారొపాణీ రఁచఁ.,telugu_banjara_dictionary_master_file.docx
ఖాడ్,/khād/,n.,pond; pit,कुंड; तालाब; सरोवर,ఖాడ్ ఖోద్ మేలే.,telugu_banjara_dictionary_master_file.docx
ఖాడు,/khādu/,n.,flock (animals),మంద,...,telugu_banjara_dictionary_master_file.docx
ఖాతర్,/khātar/,n.,interest,आसक्ति,మనఁ పోలిస్కతొ ఖాతర్.,telugu_banjara_dictionary_master_file.docx
ఖాత్తి,/khātti/,n.,carpenter,बढई,నాగర్ ఛోలఁజేనఁ ఖాత్తి కఁచఁ.,telugu_banjara_dictionary_master_file.docx
ఖాతా,/khātā/,n.,account,खाता,ఖాతా లక్.,telugu_banjara_dictionary_master_file.docx
ఖాదో,/khādā/,v.,ate,...,ధాన్ ఖాదో.,telugu_banjara_dictionary_master_file.docx
ఖాంచా ఖొబా,/khāñcā khobā/,adj.,uneven,ఎగుడు దిగుడుగా ఉన్న,ఖాంచా ఖొబాడ్ ఛఁజత్తఁ ఢీలొకన్ జాక్ట్లో.,telugu_banjara_dictionary_master_file.docx
ఖాల్డి,/khāldi/,n.,skin,चमडा; खाल,...,telugu_banjara_dictionary_master_file.docx
ఖాలమ్,/khālam/,v.,corrode; eat,...,మిగల్ జకో ధాన్ ఖాలఁ.,telugu_banjara_dictionary_master_file.docx
ఖాల్డో,/khaldo/,n.,skin,चर्म; चमडा,...,telugu_banjara_dictionary_master_file.docx
ఖ్యాళ్యా,/khālyā/,n.,flood; brooks,बाढ; जलप्लावन,...,telugu_banjara_dictionary_master_file.docx
ఖ్చావుమీత్,/khāvumit/,adj.,greedy,తిండిపోతైన,...,telugu_banjara_dictionary_master_file.docx
ఖాన్ దొప్పెర్,/khās dopper/,n.,midday,మిట్ట పగటి పూట,ఖాస్ దొప్పెర్ కేన్డి గో.,telugu_banjara_dictionary_master_file.docx
ఖాన్ మత్లబ్,/khās matlab/,n.,main topic,గొప్ప విషయం,ఖాస్ మత్లబ్ కేరోచఁ సామళ్.,telugu_banjara_dictionary_master_file.docx
ఖ్ఖాసీడ్,/khāsdād/,n.,special days,ప్రత్యేకమైన రోజులు,ఖాస్రాడి దేకన్ వాయా ఘాలుచుఁ.,telugu_banjara_dictionary_master_file.docx
ఖ్ఖాసి,/khāmsi/,n.,cough,खाँसी,ఖాఁసి థమి.,telugu_banjara_dictionary_master_file.docx
ఖ్ఖించాగొ,/khincāgo/,v.,shrunk; absorb,కుంచించుకు పోయిన; ఇంకి పో,ఢాబేమా పాణీ ఖీంచాగొ.,telugu_banjara_dictionary_master_file.docx
ఖ్ఖిల్లి,/khilli/,n.,wooden peg,मेख; कील,...,telugu_banjara_dictionary_master_file.docx
ఖ్ఖిలాడి,/khiladi/,n.,player,ఆటగాడు,ఖిలాడి రమ్రో.,telugu_banjara_dictionary_master_file.docx
ఖ్ఖిలే సుజ్గి,/khile sujgi/,n.,joint swelling,కీళ్ళ వాపు,...,telugu_banjara_dictionary_master_file.docx
ఖ్ఖించ్,/khinc/,v.,pull,खींचा तानी,...,telugu_banjara_dictionary_master_file.docx
ఖ్ఖీమత్,/khimat/,n.,value,मूल्य; कीमत,చార్ దనియామా వోర్ ఖీమత్ డగర్గో.,telugu_banjara_dictionary_master_file.docx
ఖ్ఖిల్,/khil/,n.,pimple; joint,मुँहासा; जोड,మొట్యార్ ఆద్మీర్ ఖీలే వఁచ్చం.,telugu_banjara_dictionary_master_file.docx
ఖ్ఖుటాడ్,/khutad/,v.,complete; end,समाप्त कर; खतम कर,తార్ కామ్ ఖుటాడ్.,telugu_banjara_dictionary_master_file.docx
ఖ్ఖుంద్నాక్,/khundnāk/,v.,trample,తొక్కివెయ్యి,...,telugu_banjara_dictionary_master_file.docx
ఖ్ఖుల్లంఖుల్లా,/khullankhulla/,adv.,openly,खुल्लमखुल्ला,...,telugu_banjara_dictionary_master_file.docx
ఖ్ఖులానాక్,/khulānāk/,v.,cancel; dismantle,కొట్టివెయ్యి,బోర్డేపరేర్ మార్ నామ్ కులానాక్.,telugu_banjara_dictionary_master_file.docx
ఖ్ఖుశాల్,/khuśāl/,n.,happiness; entertainment,आनंद; मनोरंजन,కుటుంబంలో ఆనందం నింపు.,telugu_banjara_dictionary_master_file.docx
ఖ్ఖూణి,/khūņi/,n.,elbow,कोहनी,...,telugu_banjara_dictionary_master_file.docx
ఖ్ఖుంద్,/khund/,v.,stamp; suppress,कुचल; रौंद,అతని కాలిని తొక్కు.,telugu_banjara_dictionary_master_file.docx
ఖ్ఖూంటా,/khūntā/,n.,wooden post,కొయ్య గూటం,...,telugu_banjara_dictionary_master_file.docx
ఖ్ఖూనిఖోర్,/khūnikhōr/,n.,murderer; killer,हत्यारा,ఖూనిఖోర్ హతాగొ.,telugu_banjara_dictionary_master_file.docx
ఖ్ఖూబ్ సూరత్,/khūb sūrat/,n.,smart man,अंदागाडू,...,telugu_banjara_dictionary_master_file.docx
ఖ్ఖూబ్డిచ్,/khūbāc/,adj.,picking; uppermost; best,ఉత్తమమైనది,గాంధి ఖూబ్డిచ్చొ ఆద్మీ.,telugu_banjara_dictionary_master_file.docx
ఖ్ఖెంచాగొ,/khencāgo/,adj.,absorbed,పీల్చ బడ్డ,...,telugu_banjara_dictionary_master_file.docx
ఖ్ఖేత్,/khēt/,n.,field; backyard,खेत,చెలుకలో జొన్నలు పండుతున్నాయి.,telugu_banjara_dictionary_master_file.docx
ఖ్భేదొ,/khēdo/,n./adv.,secret; secretively,రహస్యం; भेद,...,telugu_banjara_dictionary_master_file.docx
ఖ్ఖేవ్,/khēv/,v.,encounters,ఎదుర్కొను,భావేటినఁ ఖేవ్.,telugu_banjara_dictionary_master_file.docx
ఖ్ఖేవ్ర్,/khēvlēr/,v.,bear; endure,ఓర్చుకోగలగటం,...,telugu_banjara_dictionary_master_file.docx
ఖ్ఖొజా,/khojha/,v.,scratch,खरोंच,...,telugu_banjara_dictionary_master_file.docx
ఖ్ఖొడా,/khodā/,v.,limp,కుంటు,చోట్ లాగన్ ఖొడాతొ జో.,telugu_banjara_dictionary_master_file.docx
ఖ్ఖొరా,/khora/,v.,feed,खिला,...,telugu_banjara_dictionary_master_file.docx
ఖ్ఖొరాకి,/khoraki/,n.,food; party; meal,आहार; भोजन,ఖొరాకి కో.,telugu_banjara_dictionary_master_file.docx
ఖ్ఖోళేర్,/kholer/,n.,opening,తెరవడం,...,telugu_banjara_dictionary_master_file.docx
ఖ్ఖో గొ,/kho go/,v.,lose; dispel,పోగొట్టుకో,మార్ ఖోలిమార్సెల్ ఖోగి.,telugu_banjara_dictionary_master_file.docx
ఖ్ఖోజ్,/khõj/,n.,news; foot print,सूचना; समाचार; चिह्न,ఖోజ్ మాలంకర్.,telugu_banjara_dictionary_master_file.docx
ఖ్ఖోజ్ వతా,/khöj vatā/,v.,suggest,జాడచూపు,ఖోగోజే విస్రార్ ఖోజ్ వతా.,telugu_banjara_dictionary_master_file.docx
గోక్కోవడం,/khējāvani/,v.,scratch,खरोंच; खुजली,-,telugu_banjara_dictionary_master_file.docx
లోపం,/khōd/ /khōt/,n.,deficiency,लोप; कमी; कसर; दोष; अभाव,-,telugu_banjara_dictionary_master_file.docx
గూడు,/khūdo/,n.,nest,घोंसला,కుక్దర్ ఖోడొ దోయె.,telugu_banjara_dictionary_master_file.docx
తొవ్వు,/khōd/,v.,dig,खोद; खन; पोला कर,ఢాబ్ ఖోద్.,telugu_banjara_dictionary_master_file.docx
పోగొట్టడం,/khēdīnā/,n.,losing,खोना,తార్ హాతేమార్ విస్రా ఖోదినో.,telugu_banjara_dictionary_master_file.docx
పుక్కిలించుట,/khönkler/,v.,goggling,कुल्ला करना,పాణీనఁ నఁగఁలఁజు ఖోంకస్థాన్ కల్డోనాక్తో.,telugu_banjara_dictionary_master_file.docx
కుహరం / లోయ,/khobo/,n.,cavity / valley,गुहा; कंदरा; घाटी,ఖోబొ బొక్కెన ఝల్లాయో.,telugu_banjara_dictionary_master_file.docx
కోల్పోవడం,/khōldo/,n.,bereavement; forfeiture,वंचित होना; हानि,ఊ తెలివి ఛేనిజు సే ఖోల్ద్.,telugu_banjara_dictionary_master_file.docx
జేబు,/kholi/,n.,pocket,जेब,మఁ దినోజకొ పీసా తార్ ఖోలిమా ఘాల్లఁ.,telugu_banjara_dictionary_master_file.docx
వివరణగా చెప్పు,/khōlan kam/,v.,tell in detail,विस्तार से बताओ,వాతేనఁ ఖోళన్ కం.,telugu_banjara_dictionary_master_file.docx
కోల్పోయాడు,/khēldo/,v.,he lost,वह खो गया,కమాయి సె ఖోజ్దా.,telugu_banjara_dictionary_master_file.docx
లాక్కో,/khāslam/,v.,grab,छीनना; झपटना,ఓన్ ఖోస్లఁ.,telugu_banjara_dictionary_master_file.docx
చప్పుడు లేకుండా,/gaccap/,n.,silence,सन्नाटा; नीरवता,చెయ్యకుండా చప్పుడు లేకుండా ఉండండి.,telugu_banjara_dictionary_master_file.docx
సహాయం,/gati/,adv.,support,आधार; सहारा,మఁనఁగతి కూణీ ఛేని.,telugu_banjara_dictionary_master_file.docx
గుటుక్కున తాగు,/gatko pi/,v.,gulp,गटकना,నారళేర్ పాణీ గట్కొపీల్ది.,telugu_banjara_dictionary_master_file.docx
దిక్కు లేని,/gatichēni/,adj.,orphan,अनाथ,ఊ గతి ఛేనిజకొ.,telugu_banjara_dictionary_master_file.docx
మగ గాడిద,/gadda/,n.,male donkey,गधा (नर),గద్ద భారి పాడఁచం.,telugu_banjara_dictionary_master_file.docx
కొండ / గుట్ట,/gatla/,n.,hill,पहाडी; टीला,-,telugu_banjara_dictionary_master_file.docx
గడ్డ,/gadda/,n.,tumour,अर्बुद; गांठ,-,telugu_banjara_dictionary_master_file.docx
గడ్డపార,/gaddapāra/,n.,crowbar,सब्बल,తమార్ ఘరేమా గడ్డ పార ఛఁక?,telugu_banjara_dictionary_master_file.docx
పాతుకు పోయే,/gadjāvamjakā/,adj.,deep rooted,-,-,telugu_banjara_dictionary_master_file.docx
అల్లరి,/gadbad/,n.,mischief,गड़बड़; शरारत,ఛుచాపర్ బడిమా పంతుల్ నఁ రజన్నా వారు గడ్బడ్ కరం.,telugu_banjara_dictionary_master_file.docx
గడియ వెయ్యి,/gadi ghal/,v.,shut the door,कुंडी लगाना,-,telugu_banjara_dictionary_master_file.docx
లెక్కించు,/ganti/,v.,count,गिनना,-,telugu_banjara_dictionary_master_file.docx
గణిత శాస్త్రం,/ganiti sāsrtam/,n.,maths,गणित,-,telugu_banjara_dictionary_master_file.docx
లెక్కల పుస్తకం,/ganēr vai/,n.,ledger,बही; खाता,-,telugu_banjara_dictionary_master_file.docx
అంత్యక్రియ,/gatmūti/,n.,funeral rite,अंत्येष्टि,-,telugu_banjara_dictionary_master_file.docx
సమాది చెయ్యి,/gatbhānt/,v.,making a tomb,समाधि बनाना,-,telugu_banjara_dictionary_master_file.docx
గాడిద,/gaddi/,n.,donkey,गधा,-,telugu_banjara_dictionary_master_file.docx
మురికి నీరు,/gadlo pāņi/,n.,dirty water,गंदा पानी,మట్టితో కలిసి ఉన్న నీటిని మురికి నీరు అంటారు.,telugu_banjara_dictionary_master_file.docx
గంగా నది,/ganga nandi/,n. prop.,Ganges river,गंगा नदी,గంగానది హిమాలయాలేమా హుయి.,telugu_banjara_dictionary_master_file.docx
వాసనకొట్టు,/gandaro/,v.,smelling,गंध आना; महकना,సెంటు ఆచ్చొ గందారొ.,telugu_banjara_dictionary_master_file.docx
వాసన రావడం,/gandāro/,n.,scent,गंध,-,telugu_banjara_dictionary_master_file.docx
గండి,/gandi/,n.,leak,दरार; रिसाव,పాళ్ ఫూట్ జావఁజేన గండి కన్ కఁచఁ.,telugu_banjara_dictionary_master_file.docx
కాచుకొని ఉండు,/gandigāsēvālē/,v.,wait,प्रतीक्षा करना,పోలిస్ చోరేవాసు గండిగాస్.,telugu_banjara_dictionary_master_file.docx
అట్టహాసం,/gammat/,n.,great noise; laugh,अट्टहास,ఏ సాకీమా గమ్మత్ఛేని.,telugu_banjara_dictionary_master_file.docx
ఉరుము,/garajro/,n.,thunder,गर्जन; कडक,వర్షం కురుస్తున్నప్పుడు ఉరుముతుంది.,telugu_banjara_dictionary_master_file.docx
గర్వం / అహంకారం,/garab/,n.,pride / insolence,गर्व; अभिमान; अहंकार,పక్కొ గరబ్ .,telugu_banjara_dictionary_master_file.docx
చలి కోటు,/garam köt/,n.,sweater,स्वेटर,-,telugu_banjara_dictionary_master_file.docx
కుళ్ళిన,/gargi/,adj.,rotten,सडा हुआ,-,telugu_banjara_dictionary_master_file.docx
గోరు వెచ్చని,/garmo/,adj.,warm water,गुनगुना पानी,గర్మో గర్మో పాణీతి హంగోళి కర్ణో.,telugu_banjara_dictionary_master_file.docx
ఉడుత,/garli/,n.,squirrel,गिलहरी,ఝాడ్.,telugu_banjara_dictionary_master_file.docx
మైనా,/garkoli/,n.,myna,मैना; सारिका,-,telugu_banjara_dictionary_master_file.docx
మెడ,/gardan/,n.,neck,गरदन,దాణేమా హార్ ఘాల్.,telugu_banjara_dictionary_master_file.docx
పేదరికం,/garib/,n.,poverty,गरीबी,అపణ్ దేశేమా రాస్ గరీబ్ మాంగన్ ఖారేచఁ.,telugu_banjara_dictionary_master_file.docx
గురువు,/garu/,n.,teacher,गुरू,సదూకేవాళో గరు.,telugu_banjara_dictionary_master_file.docx
పొరపాటు,/galat/,n.,wrong,गलती; भूल,మఁతార్ గలత్ కిదో.,telugu_banjara_dictionary_master_file.docx
ప్రవేశం,/galaman/,n.,approach,प्रवेश,ఏ ఘరేర్ గలమా కత్తేన్.,telugu_banjara_dictionary_master_file.docx
ద్వారం / గేటు,/galkēro/,n.,gate,दरवाजा; फाटक,-,telugu_banjara_dictionary_master_file.docx
మింగు,/galjo/,v.,swallow,निगलना,ముండెమార్ పాణీ గజ్జి.,telugu_banjara_dictionary_master_file.docx
ప్రవేశం,/galmā/,n.,entrance,प्रवेश,-,telugu_banjara_dictionary_master_file.docx
గాలము,/gal/,n.,fish hook,मछली पकड़ने का कांटा,-,telugu_banjara_dictionary_master_file.docx
కరిగినది,/galgo/,n.,solution,घुला हुआ; विलयन,పాణీమా నూణ్ గళ్.,telugu_banjara_dictionary_master_file.docx
అరుగుదల,/galērō/,n.,digestion,पाचन,-,telugu_banjara_dictionary_master_file.docx
సాక్షి,/gavāyi/,n.,witness,साक्षी,లడాయి మారజనాఁసామ్ ళజేనఁ గవాయి కన్ కచఁ.,telugu_banjara_dictionary_master_file.docx
నగలు,/gyāno/,n.,jewelery,गहने; आभूषण,పెళ్ళిపర్ బాయిలోగ్ గ్యాణె ఘాల్లఁ.,telugu_banjara_dictionary_master_file.docx
పుట్టుకలో లోపం,/gyānāhuyā/,n.,birth defect,जन्मजात दोष,-,telugu_banjara_dictionary_master_file.docx
బుద్ధి చెప్పు,/gyān kam/,v.,advise,-,ఓన దస్సేక్ గ్యాన్ కఁ.,telugu_banjara_dictionary_master_file.docx
గాఢనిద్ర,/gyāri nind/,n.,deep sleep,-,-,telugu_banjara_dictionary_master_file.docx
దట్టమైన / గుబురుగా,/gyārogac/,adj./adv.,dense; densely,-,గ్యారొగచ్ పొదామా బ్యాటొవేరొ. గ్యారొగచ్ ఝాడ్.,telugu_banjara_dictionary_master_file.docx
పదకొండు,/gyāram/,num.,eleven,-,-,telugu_banjara_dictionary_master_file.docx
పెండ్లం,/gvānni/,n.,wife,-,మార్ గ్వాణ్ణి రాస్ ఆచ్.,telugu_banjara_dictionary_master_file.docx
బంజారా తండా,/gvārer tāndo/,n.,Banjara settlement,-,-,telugu_banjara_dictionary_master_file.docx
పుట్ట గొడుగు,/gājē/,n.,mushroom,-,వర్సాళేమా బొమ్మయిపర్ గాజే హూగఁ.,telugu_banjara_dictionary_master_file.docx
మచ్చపడు,/gat padigi/,v.,spot; stain,-,ఖరాప్ కామ్ కరేవాళోకన్ గాట్ పడ్డీ.,telugu_banjara_dictionary_master_file.docx
పాతు / నాటు / విత్తు,/gād/,v.,bury; sow; plant,जमीन के अंदर गडा हुआ; गाड; बोना,థూణీన్ గాడ్. ఫూలేర్ ఝాడ్ గాడ్.,telugu_banjara_dictionary_master_file.docx
మోటర్ / వాహనం,/gādi/,n.,motor; vehicle; litter,वाहन; सवारी,-,telugu_banjara_dictionary_master_file.docx
కుట్టు / ముడి,/gānt/,v./n.,stitch; stitch; knot,कशीदा; कढाव,చిరిచిరాయో ఝగ్ గాంట్. గళేమా తీన్ గాంట్ భాంద్.,telugu_banjara_dictionary_master_file.docx
గాదె,/gāb/,n.,barn,-,ప్యానార్ సమియామా గ్వార్మాటి సాళేవునఁ... గాబ్ కాణదెతితి.,telugu_banjara_dictionary_master_file.docx
నగరం / ఊరు,/gam/,n.,city; village,नगर; शहर; गाँव; ग्राम,గామ్ జారోచుఁ. హమార్ గామ్ మోటో.,telugu_banjara_dictionary_master_file.docx
ఇంద్రజాలం,/gāradi/,n.,magic,-,మ గారడి దీటో.,telugu_banjara_dictionary_master_file.docx
నాటుకో,/gāldam/,v.,fix,-,-,telugu_banjara_dictionary_master_file.docx
తలపైన బట్ట చుట్ట,/gālā/,n.,head ring for carrying,-,పరఁ గాలా మేలన్ బేడో పాడ్.,telugu_banjara_dictionary_master_file.docx
నానపెట్టు / కరిగించు,/gal/,v.,soak; thaw; melt,-,పాణీమా నూణ్ గాళ్. పాణీమాసే గళ్లో.,telugu_banjara_dictionary_master_file.docx
పగ్గం / తాడు,/gālā/,n.,tether; rope,पगहा,జనుముతో పగ్గం చేస్తారు. గాళా వర్ ఫెంకా.,telugu_banjara_dictionary_master_file.docx
తాళ్ళు పేనడం,/gālā mēlēr/,n.,twisting ropes,-,-,telugu_banjara_dictionary_master_file.docx
తిట్టు,/gālider/,n.,rebuke; scolding,डाँट फटकार,-,telugu_banjara_dictionary_master_file.docx
పులియబెట్టడం,/gālēr/,n./v.,leaven,-,ఘోడ్ చఁణానఁ గాళన్ ఖామాచాఁ.,telugu_banjara_dictionary_master_file.docx
ఆవు,/gavdi/,n.,cow,गाय; गौ,-,telugu_banjara_dictionary_master_file.docx
కిరోసిన్ / కిరసనాయిల్,/gāstēl/,n.,kerosene,-,గాస్తేల్ ఘరేమా దీయో లగాడేనఁ కామ్ దఁచఁ.,telugu_banjara_dictionary_master_file.docx
పాత్ర,/ginyā/,n.,utensil,-,-,telugu_banjara_dictionary_master_file.docx
చెర / పట్టుకోవడం,/giraphtar/,n./v.,arrest,चरा; పట్టుకోవడం,హమార్ గామేమా చోర్ ఆయోతో గిరఫ్తార్ కిదే.,telugu_banjara_dictionary_master_file.docx
పిండి మిల్లు,/girni/,n.,mill,-,-,telugu_banjara_dictionary_master_file.docx
గిలక / చట్రం / చక్రం,/girra/,n.,pulley; frame; wheel,रहट; अरहट; घिरनी; चौखटा; चक्र; पहिया; घेरा; वृत्त,ఢాబేమా గిర్ర పడ్గా.,telugu_banjara_dictionary_master_file.docx
గ్లాసు,/gilās/,n.,glass,गिलास,గిలాస్ తి పాణీ పీయాచఁ.,telugu_banjara_dictionary_master_file.docx
మెత్తని,/gilo/,adj.,soft,-,కీంచ్ గిలొగచ్ రఁచఁ.,telugu_banjara_dictionary_master_file.docx
పాట / సంగీతం / పద్యం,/gid/,n.,song; music; verse; poem,गीत; गाना; चरण; कविता की पंक्ति,జానకి గీద్ బోలి. బడిమా దాడి గీద్ సికావఁచ.,telugu_banjara_dictionary_master_file.docx
గీత గీయడం,/gis/,v.,gash; draw,लकीर खींच; खरोंच; खुरच,పుస్తకం పై గీత గీయండి.,telugu_banjara_dictionary_master_file.docx
గుత్త / పట్టా,/gutta/,n.,farm; lease,पट्टा; ठेका,-,telugu_banjara_dictionary_master_file.docx
కలుపు తీసే పరికరం,/gudēli/,n.,weeding tool,-,గుదేలితి రూయేమా కలప్ కాడ్.,telugu_banjara_dictionary_master_file.docx
గొణుగు,/gun gun karēr/,v.,murmur,बडबडा; गुनगुना; कुडबुडा,-,telugu_banjara_dictionary_master_file.docx
చిక్కుబడ్డ,/guntāgo/,adj.,tangled,उलझा हुआ,గుంతాగొజకొ లట్టావునఁ ఢీలొ వావ్.,telugu_banjara_dictionary_master_file.docx
కర్ణభేరి,/gubli/,n.,eardrum,-,-,telugu_banjara_dictionary_master_file.docx
పుండు,/gumdi/,n.,bile; boil,व्रण; घाव,గుమ్డి పర్ ఝాడ్ లగాడ్.,telugu_banjara_dictionary_master_file.docx
గాయం,/gumdi/,n.,injury,चोट; जख्म; घाव,-,telugu_banjara_dictionary_master_file.docx
గుండు సూది,/gundu suyi/,n.,pin,-,-,telugu_banjara_dictionary_master_file.docx
గుమ్మి,/gummi/,n.,repository,-,గుమ్మి వాఁసిర్ బద్దాతి గూంతేజకొ.,telugu_banjara_dictionary_master_file.docx
గుమ్సి,/gumsi/,n.,stall,झोंपडी,-,telugu_banjara_dictionary_master_file.docx
గుమస్తా,/gumasta/,n.,clerk,गुमाश्ता; करणिक; क्लर्क,-,telugu_banjara_dictionary_master_file.docx
అనుమానం/సందేహము,/guman/,n.,suspicion; distrust,संदेह; शक; अटकल,తాప్రఁ మన్ గుమాన్ ఛఁ.,telugu_banjara_dictionary_master_file.docx
పిడికిలి,/gulca/,v.,plug,-,-,telugu_banjara_dictionary_master_file.docx
దాస్యం,/gulam/,n.,bondage,दास्य; सेवा,కామ్ కరెవాళ్.,telugu_banjara_dictionary_master_file.docx
మలం,/gu/,n.,feces,मल; विष्ठा,-,telugu_banjara_dictionary_master_file.docx
అల్లు,/gunt/,v.,knitting,-,కుల్ల గూంత్. మార్ మూలో గూంత్.,telugu_banjara_dictionary_master_file.docx
బంక,/gund/,n.,gum,गोंद,గూందేనఁ లగాడఁచఁ.,telugu_banjara_dictionary_master_file.docx
గుంటక,/guntka/,n.,harrow,हेंगा; पटरा,-,telugu_banjara_dictionary_master_file.docx
అల్లడం,/gunter/,n.,weaving,कशीदा; కడావ,-,telugu_banjara_dictionary_master_file.docx
గొణుగుడు,/gunasra/,n.,grouse,-,మాయి మాయి నఁ గునస్ జూ బార్ జోర్తికఁ.,telugu_banjara_dictionary_master_file.docx
అల్లడం,/guntnaker/,v.,knitting,-,-,telugu_banjara_dictionary_master_file.docx
పేను,/gunter/,n.,-,-,-,telugu_banjara_dictionary_master_file.docx
బంక,/gundernai/,n.,being sticky,-,-,telugu_banjara_dictionary_master_file.docx
మూగ/మాటరాని,/gungo/,n./adj.,mute; speechless,मूक; गूँगा,వాతే ఆయేниజకొ గూంగో.,telugu_banjara_dictionary_master_file.docx
తుంటి ఎముక,/guler hadaka/,n.,hip,-,-,telugu_banjara_dictionary_master_file.docx
హద్దు/సరిహద్దు,/gettu/,n.,range; boundary; limit,परिधि; मंडल; सरहद; सीमा,గామేర్ గెట్టు. హమార్ ఖేతారిర్ గెట్టుపర్ ఝాడ్ ఛఁ.,telugu_banjara_dictionary_master_file.docx
ముంజ కాయ,/ger lam/,n.,-,-,-,telugu_banjara_dictionary_master_file.docx
పాకడం,/godiyam caler/,v.,creeping,-,ఛ్వారా గొడియాంచాలొ.,telugu_banjara_dictionary_master_file.docx
మోకాళ్ళ దాకా,/godetanu/,adv.,-,-,-,telugu_banjara_dictionary_master_file.docx
గుణం/ప్రవర్తన/తీరు,/gon/,n.,character; quality; attitude,शील; स्वभाव; लक्षण,తార్ గొణ్ రాస్ ఆచ్చొ. మార్ దాదార్ గొణ్ రాస్ ఆచ్చొ.,telugu_banjara_dictionary_master_file.docx
పడక,/goddi/,n.,bed,बिस्तर,-,telugu_banjara_dictionary_master_file.docx
సంకెళ్ళు,/golcu/,n.,cuffs,-,-,telugu_banjara_dictionary_master_file.docx
గులాబీ రంగు,/golal rang/,n.,pink,-,గొలాల్ రంగ్ కతో మనఁ రాస్ హూఁస్.,telugu_banjara_dictionary_master_file.docx
గొల్ల,/golavariya/,n.,-,-,-,telugu_banjara_dictionary_master_file.docx
కూడు,/golavo/,v.,combine,चावलपका हुआ,-,telugu_banjara_dictionary_master_file.docx
చిత్రహింస,/gosapado/,n.,-,-,-,telugu_banjara_dictionary_master_file.docx
వెళ్ళాను,/go/,v.,go,-,మఁ వోతి ఆంగజ్ గో.,telugu_banjara_dictionary_master_file.docx
దాచి పెట్టడం,/gok/,v.,store,-,తార్ పీసా గోక్ లఁ.,telugu_banjara_dictionary_master_file.docx
పోలేదు,/gokoni/,v.,did not go,-,-,telugu_banjara_dictionary_master_file.docx
పాకడం,/godiyavu cal/,v.,crawl,रेंग,-,telugu_banjara_dictionary_master_file.docx
మోకాలు,/godo/,n.,knee,घुटना,గోడేమా దుక్రోచఁ.,telugu_banjara_dictionary_master_file.docx
దత్తత,/god/,n.,adoption,-,బేటి,telugu_banjara_dictionary_master_file.docx
గిడ్డంగి,/gadam/,n.,storage,गोदाम,-,telugu_banjara_dictionary_master_file.docx
గోదావరి నది,/godavari nandi/,n. prop.,Godavari river,-,భద్రాచలమె ఢఁయిన్ గోదావరి నంది జారి ఛఁ.,telugu_banjara_dictionary_master_file.docx
ఒడి,/godema/,n.,lap,गोद; अंक; पल्ला,యాడిర్ గోదేమా బేటా.,telugu_banjara_dictionary_master_file.docx
దత్తత తీసుకో,/goden lelam/,v.,adopt,-,బేటి,telugu_banjara_dictionary_master_file.docx
పేడ,/gobar/,n.,droppings,गोबर,-,telugu_banjara_dictionary_master_file.docx
ఉడుము,/goyi/,n.,iguana,-,గోయిమా బలం బాగా ఉంటుంది.,telugu_banjara_dictionary_master_file.docx
గొర్రెపోతు,/gorla/,n.,ram,-,-,telugu_banjara_dictionary_master_file.docx
గొర్రె,/gorli/,n.,sheep,भेड,-,telugu_banjara_dictionary_master_file.docx
గోరు చిక్కుడు కాయ,/gorphali/,n.,-,-,గోర్ ఫళి నొంగ్వాణ్ రాందేనఁ లాజో.,telugu_banjara_dictionary_master_file.docx
సమాది,/gori/,n.,tomb,-,-,telugu_banjara_dictionary_master_file.docx
తొట్టి,/golam/,n.,manger,-,-,telugu_banjara_dictionary_master_file.docx
దొండ కాయ,/gol/,n.,green vegetable,-,హమార్ ఘరేమా గోలేర్ నొంగ్వాణ్ ఛఁ.,telugu_banjara_dictionary_master_file.docx
బెల్లం,/gol/,n.,coarse brown sugar,-,సాంటామాతి సక్కర్ గోళ్ నికఁళం.,telugu_banjara_dictionary_master_file.docx
గుండ్రం,/gola/,n.,round,-,-,telugu_banjara_dictionary_master_file.docx
గోళీ ఆట,/golir ramti/,n.,-,-,-,telugu_banjara_dictionary_master_file.docx
బలంతో నడుచు,/gosāti cāl/,v.,-,-,-,telugu_banjara_dictionary_master_file.docx
రాజ భవనం,/ghad/,n.,king's palace,-,హమార్ గామేమా ఘడ్ ఛఁ.,telugu_banjara_dictionary_master_file.docx
గడియారం,/ghadi/,n.,watch,-,ఘడి దెకేర్ ఏక్ విస్రా.,telugu_banjara_dictionary_master_file.docx
నిముషం,/ghadi/,n.,minute,-,కామ్ కరేనఁ ఆచ్ ఘడికోని.,telugu_banjara_dictionary_master_file.docx
కర్మ,/ghadi/,n.,fate,कर्म; कर्तव्य,మార్ ఘడి ఆచ్ ఛేని.,telugu_banjara_dictionary_master_file.docx
తాత్కాలికంగా,/ghadikesāru/,adj.,temporary,-,ఘడికేసారు యేనఁ లేలఁ.,telugu_banjara_dictionary_master_file.docx
నిమిషం,/ghadiya/,n.,moment,क्षण; पल,-,telugu_banjara_dictionary_master_file.docx
సమయము,/ghadiya/,n.,time,-,అపణ్ ఏక్ ఘడియా థ(మన్ దేకా.,telugu_banjara_dictionary_master_file.docx
పదే పదే,/ghadi,adv.,ghadi/,-,-,telugu_banjara_dictionary_master_file.docx
చేసిన వస్తువు,/ghadojako visrā/,n.,work,-,మార్ హాతేతి ఘడొజకొ విస్రా ఖరాప్ వేగో.,telugu_banjara_dictionary_master_file.docx
ఎక్కువ చేయు,/ghand kar/,v.,to develop,-,దూదేమా పాణీ ఘాలన్ ఘణోకర్.,telugu_banjara_dictionary_master_file.docx
ఇల్లు,/ghar/,n.,house,घर,హమార్ ఘరేర్ ఆద్మీ సే భళన్ కామ్ కిదే.,telugu_banjara_dictionary_master_file.docx
ఇల్లాలు,/gharvāli/,n.,housewife,घरवाली; गृहिणी,ఇల్లాలు మంచిగా ఉంటే ఇల్లంతానందంగా ఉంటుంది.,telugu_banjara_dictionary_master_file.docx
ఇల్లు వాకిలి,/gharbār/,n.,family,-,మారొ ఘర్బార్ రాస్ ఆచ్చొ ఛఁ.,telugu_banjara_dictionary_master_file.docx
ఇంటి వాసం,/gharēr vāmsā/,n.,rafter,-,-,telugu_banjara_dictionary_master_file.docx
యజమాని,/gharēvālō/,n.,owner,निवासी; बासिंदा,పూంచన్ జమ్మీర్ మోల్ కరో.,telugu_banjara_dictionary_master_file.docx
రాపిడి,/ghasari/,n.,friction,रगड,భాటానఁ ఘసఁతో అంగార్ ఆవఁచఁ.,telugu_banjara_dictionary_master_file.docx
రాకడం,/ghasero/,n.,-,-,-,telugu_banjara_dictionary_master_file.docx
చిక్కులలో పెట్టు,/ghāñcēmā ghālēr/,v.,-,-,-,telugu_banjara_dictionary_master_file.docx
పెట్టు,/ghāl/,v.,to keep,-,సంద్రమేమా ఘాల్.,telugu_banjara_dictionary_master_file.docx
గాయం,/ghāv/,n.,wound,-,సీ తాప్రో జన్న అంగారెర్ ఘావ్ వేగొ.,telugu_banjara_dictionary_master_file.docx
గజ్జెలు,/ghugrā/,n.,anklets,-,-,telugu_banjara_dictionary_master_file.docx
గద్ద,/ghūd/,n.,kite,गिद्ध,-,telugu_banjara_dictionary_master_file.docx
గొంగళి,/ghungdi/,n.,blanket,कंबल,గొర్లీర్ లట్టవుతి తయార్ కరజకొ లత్తావునఁ ఘూంగ్డి కఁచఁ.,telugu_banjara_dictionary_master_file.docx
కంబళి,/ghungli/,n.,-,-,సియాళేమా ఘూంగ్లీ ఓడఁచఁ.,telugu_banjara_dictionary_master_file.docx
ముసుగు,/ghungto/,n.,mask,नकाव; घूँघट,రోవఁజన్న ఘూంగ్ టో కాడఁచఁ.,telugu_banjara_dictionary_master_file.docx
దాక్కో,/ghus/,v.,hide,छिप,-,telugu_banjara_dictionary_master_file.docx
దాక్కునే చోటు,/ghūm serjāg/,n.,hiding place,-,-,telugu_banjara_dictionary_master_file.docx
గుసగుస,/ghūms ghūms/,n.,whisper,कानाफूसी,వాళ్ళిద్దరు ఏదో దాని గురించి గుసగుస లాడుతున్నారు.,telugu_banjara_dictionary_master_file.docx
కక్ష్య,/ghēran/,n.,orbit,-,-,telugu_banjara_dictionary_master_file.docx
దిగ్బందం చెయ్యి,/ghērlo/,v.,blockade,-,-,telugu_banjara_dictionary_master_file.docx
మొగుడు/పెనిమిటి,/gharēvālō/,n.,husband,निवासी; बासिंदा,మార్ ఘరేవాళో రాస్ ఆచ్చొ. మార్ ఘరేవాళేనఁమోట్ నౌకరి ఛఁ.,telugu_banjara_dictionary_master_file.docx
చక్కర రావడం,/ghēri ayēr/,v.,becoming unconscious,-,-,telugu_banjara_dictionary_master_file.docx
చుట్టు తిరుగుట,/ghēri pharēr/,v.,feeling giddy,-,-,telugu_banjara_dictionary_master_file.docx
గొంతు/స్వరం,/ghōg/,n.,voice,-,నాన్కాచ్వారార్ ఘోగ్ మీట్ రఁచఁ.,telugu_banjara_dictionary_master_file.docx
బుడ్డ చెనగలు,/ghōd canā/,n.,-,-,ఘోడ్ ఛఁణాతి దాళ్ రాందఁచఁ.,telugu_banjara_dictionary_master_file.docx
ఆడ గుర్రం,/ghodi/,n.,female horse,mare,-,telugu_banjara_dictionary_master_file.docx
నొక్కుకొపోయిన,/ghōbō/,adj.,-,-,వో టోక్లేర్ ఘోబో పడ్గా.,telugu_banjara_dictionary_master_file.docx
గురక,/ghorro/,v.,snoring,खुरटि,నిందేమా ఘోర్రి.,telugu_banjara_dictionary_master_file.docx
గుండ్రని,/gholēsān/,adj.,round,-,ధర్తీ ఘోళోసాణ్ రఁచఁ.,telugu_banjara_dictionary_master_file.docx
గోధుమ,/ghaum/,adj.,wheat,-,ఘఁవునఁ పిసాన్ బాటి కఁరఁచఁ.,telugu_banjara_dictionary_master_file.docx
విజ్ఞాన శాస్త్రం,/jñāndēr sastram/,n.,science,-,-,telugu_banjara_dictionary_master_file.docx
తెలివైనవాడు,/jñānēvālō/,n.,intelligent person,-,మారొ బేటా రాస్ జ్ఞానేవాళో.,telugu_banjara_dictionary_master_file.docx
ఎత్తులోకి వెళ్ళే దారి,/caḍāvo/,v.,steep road,-,చడావొ వాట్ ఆయి.,telugu_banjara_dictionary_master_file.docx
వేరు శెనగ,/caṇā/,n.,groundnut,-,చణాతి ఖాయేర్ చీజ్.,telugu_banjara_dictionary_master_file.docx
స్నానం / శుభ్రత,/catrāyi/,n.,cleanliness; bath,-,తమార్ ఘరేనఁ చత్రాయితి రకాడ్.,telugu_banjara_dictionary_master_file.docx
మెడలోని గొలుసు,/candrahār/,n.,necklace,-,-,telugu_banjara_dictionary_master_file.docx
చెంచా,/cañcā/,n.,spoon,-,చంచాతి ధాన్ ఖొ.,telugu_banjara_dictionary_master_file.docx
సంచి,/cañci/,n.,bag,-,చంచిమా వై ఘాలేన్ జావఁచఁ.,telugu_banjara_dictionary_master_file.docx
చప్టి,/capṭi/,n.,oil vessel,-,-,telugu_banjara_dictionary_master_file.docx
చవుడు భూములు,/capṭi jammi/,n.,alkaline soil,-,బలం ఛేనిజకో జాగేనఁ చప్టీ జమ్మి కఁచం.,telugu_banjara_dictionary_master_file.docx
మిణుకు మిణుకు,/cam cam/,adj.,glittering,-,తారా చమ్ చమ్ కర్రెచఁ.,telugu_banjara_dictionary_master_file.docx
బెదిరించి,/camkān/,v.,threatening; startle,-,బడిన్ జోకన్ చమ్కాన్ కఁ.,telugu_banjara_dictionary_master_file.docx
చమక్ / కలత,/camak/,n.,hazard; afraid,-,రాత్ వణా బార్ నికశేనఁ చమక్ రేరో.,telugu_banjara_dictionary_master_file.docx
పొట్ల కాయ,/carciṇḍā/,n.,viper gourd,-,చర్చిండా రాస్ లాంబొ.,telugu_banjara_dictionary_master_file.docx
మేపు,/carā/,v.,graze,-,బీడేమా చరా.,telugu_banjara_dictionary_master_file.docx
చరిత్ర,/carita/,n.,history,-,-,telugu_banjara_dictionary_master_file.docx
మేయుట,/carēr/,v.,grazing,-,-,telugu_banjara_dictionary_master_file.docx
చలాకీ యైన,/calāki/,adj.,clever,-,హైదరాబాదేమా చలాకి ఆద్మీనఁ దీటోతొ.,telugu_banjara_dictionary_master_file.docx
వెళ్లిపోవడం,/calejāyēr/,n.,departure,-,-,telugu_banjara_dictionary_master_file.docx
ఉద్దేశ్యపూర్వకంగా,/cavaṇukan/,adv.,intentionally,-,చావణుకన్ ఖరాప్ కామ్ కిదో.,telugu_banjara_dictionary_master_file.docx
వెన్నుముక,/cvākēr haḍkā/,n.,backbone,-,-,telugu_banjara_dictionary_master_file.docx
వెడల్పు,/cvāḍ/,n.,spread,-,ఈ రోడ్ రాస్ చ్వాడ్.,telugu_banjara_dictionary_master_file.docx
విస్తృత,/cvādō/,adj.,elaborate,-,ఈ వాతేన చ్వాడొకరన్ దేక్.,telugu_banjara_dictionary_master_file.docx
रुచిచూడు,/cākan dēk/,v.,taste,-,ఎలా ఉందో రుచి చూసి చెప్పు.,telugu_banjara_dictionary_master_file.docx
నాకడం,/cāṭ/,n.,lick,-,ఆంగ్బీనఁ చాటతో రాస్ రుసి.,telugu_banjara_dictionary_master_file.docx
చాట్టు,/cāttu/,n.,boat pole,-,-,telugu_banjara_dictionary_master_file.docx
పచారీలు చెయ్యి,/cādikam/,v.,-,-,-,telugu_banjara_dictionary_master_file.docx
చంద్రుడు / చందమామ,/cand/,n.,moon,-,రాత్ వజాళో దఁజేనఁ చాంద్ కచఁ.,telugu_banjara_dictionary_master_file.docx
కొరికేయడం,/cābnāk/,v.,bite,-,లడాయిమా చాబ్నాకొ.,telugu_banjara_dictionary_master_file.docx
అక్కరలేదు,/cāyēni/,adj.,unnecessary,-,మన్ ఈ చాయేని.,telugu_banjara_dictionary_master_file.docx
నాలుగు,/cār/,num.,-,-,-,telugu_banjara_dictionary_master_file.docx
చార్జీ చెయ్యి,/cārj caḍā/,v.,-,-,-,telugu_banjara_dictionary_master_file.docx
నలుగురు,/cāri/,num.,foursome,-,-,telugu_banjara_dictionary_master_file.docx
నడువు / చాల్,/cāl/,n.,walk,-,తూ చాల్.,telugu_banjara_dictionary_master_file.docx
నడక,/cāl/,n.,course,-,-,telugu_banjara_dictionary_master_file.docx
నడుపు,/calā/,v.,lead,-,అందరిని కలిపి ముందుకు నడిపించు.,telugu_banjara_dictionary_master_file.docx
కొనసాగించు,/calā/,v.,maintain,-,నీ పని ఆపకుండా కొనసాగించు.,telugu_banjara_dictionary_master_file.docx
సాంప్రదాయం,/cālni/,n.,tradition,-,రుమాల్ భాందేరొఠేటెర్ చాల్ని.,telugu_banjara_dictionary_master_file.docx
నడవండి,/cālō/,v.,please walk,-,-,telugu_banjara_dictionary_master_file.docx
నలభై,/cālis/,num.,forty,-,-,telugu_banjara_dictionary_master_file.docx
తగినంత,/cāvajatra/,adj.,appropriate,-,చావజత్రా పాణీ ఘాల్.,telugu_banjara_dictionary_master_file.docx
సరిపడు,/cāvajatra/,v.,apply,-,-,telugu_banjara_dictionary_master_file.docx
బియ్యం,/cāval/,n.,rice,-,మాయితి చావళ్ నికఁళచఁ.,telugu_banjara_dictionary_master_file.docx
ఉద్దేశ్యపూర్వకంగా,/cāvnokan/,adv.,intentionally,-,చోరి చావ్లోకన్ కిదో.,telugu_banjara_dictionary_master_file.docx
అవసరము,/cāvamno/,n.,requirement,-,-,telugu_banjara_dictionary_master_file.docx
కొరడా,/cāmmto/,n.,whip,-,-,telugu_banjara_dictionary_master_file.docx
మగ లేడి/మగజింక,/citala/,n.,hart,-,-,telugu_banjara_dictionary_master_file.docx
ఆడ చిరుత పులి,/citto/,n.,female cheetah,-,-,telugu_banjara_dictionary_master_file.docx
చిత్రకారుడు,/citrakār/,n.,artist,चित्रकार; चितेरा,-,telugu_banjara_dictionary_master_file.docx
లేడి,/citili/,n.,antelope,हिरन,-,telugu_banjara_dictionary_master_file.docx
విసుగు పుట్టడం,/cidra karer/,v.,getting irritated,-,-,telugu_banjara_dictionary_master_file.docx
ఇసుక దంతు,/cintru/,n.,sand lizard,-,చింత్రూర్ జీవపర హూబె గీతా .,telugu_banjara_dictionary_master_file.docx
జ్ఞాపకాలు/జ్ఞాపకార్థం,/cintāni/,n./v.,haunt; symbol of remembrance,-,మఁనఁ ప్యానార్ చింతాణి హద్దె ఆరీచఁ.,telugu_banjara_dictionary_master_file.docx
కీల/మేకు,/cilla/,n.,bolt,कीलं; मेख,చిల్లాతి సాపేన మార్ నాగ్.,telugu_banjara_dictionary_master_file.docx
పత్రము/కాగితము,/ciluku/,n.,letter; paper; note,कागज; पत्र; पत्ता,లకేనఁచిలుకు కామఁ.,telugu_banjara_dictionary_master_file.docx
దాని/వస్తువు,/cij/,pron.,material,-,ఖోరాకీర్ విస్రాతి ఆచ్ ఛీజ్ కర్.,telugu_banjara_dictionary_master_file.docx
గుడ్డ పీలిక,/cintro/,n.,rag,-,-,telugu_banjara_dictionary_master_file.docx
చీల్చు/చింపు,/cir/,v.,tear,चीर; चीर दे; विदीर्ण कर; तोड; फोड; भाग कर,సాడేర్అంచు చీర్.,telugu_banjara_dictionary_master_file.docx
చింపడం,/cirēr/,n.,tearing,-,టొక్గా చీరన్ గుమ్డిపర్ భాంద్.,telugu_banjara_dictionary_master_file.docx
గుడ్లగూబ,/cibri/,n.,owl,-,-,telugu_banjara_dictionary_master_file.docx
పటకారు,/cimla/,n.,forceps,चिमटा; संडसी,-,telugu_banjara_dictionary_master_file.docx
పగుళ్ళు,/cirra/,n.,cracks,-,-,telugu_banjara_dictionary_master_file.docx
చీల్చు,/cirra/,v.,to split,चिर; टूट; फूट; अलग हो,చిర్రా కర్.,telugu_banjara_dictionary_master_file.docx
తుప్పు,/cilam/,n.,rust,जंग; मोरचा,లోయేనఁ చిలం పడ్డాగి.,telugu_banjara_dictionary_master_file.docx
రామ చిలుక,/cilka/,n.,parrot,तोता; सुग्गा,చిల్కాతి హాత్ దేకఁచఁ.,telugu_banjara_dictionary_master_file.docx
సున్నం కొట్టు,/cunnōmar/,v.,whitewash,-,-,telugu_banjara_dictionary_master_file.docx
ఎన్నిక,/cunler/,n.,choice,-,తమేనఁ నాయక్ కూణ్ రేణోకొ చున్.,telugu_banjara_dictionary_master_file.docx
కోరు,/cunler/,v.,want,-,-,telugu_banjara_dictionary_master_file.docx
అంటించు,/cuntad/,v.,attach,चिपका; लगा,గోడానఁ కాగద్ చుంటాడ్.,telugu_banjara_dictionary_master_file.docx
చప్పుడు లేని,/cup/,adj.,quiet,-,-,telugu_banjara_dictionary_master_file.docx
చిట్టెలుక,/cundeluka/,n.,shrew,-,-,telugu_banjara_dictionary_master_file.docx
ముద్దులాడు,/cumajako/,v.,fondle,-,-,telugu_banjara_dictionary_master_file.docx
పొడిపొడిగా,/curo curo/,adv.,grate,-,-,telugu_banjara_dictionary_master_file.docx
చితక్కొట్టు/చూర్ణం చెయ్యి,/curokar/,v.,crush,-,-,telugu_banjara_dictionary_master_file.docx
కారుట,/cuvam/,v.,exude,-,-,telugu_banjara_dictionary_master_file.docx
పరిసరం,/cutpat/,n.,environment,परिसर; पडोस; आस पास का स्थान,-,telugu_banjara_dictionary_master_file.docx
ఆనుకొని ఉండు,/cuntan rēr/,v.,to be stuck,-,-,telugu_banjara_dictionary_master_file.docx
ముట్టుకోని,/cunteni/,adj.,untouched,-,-,telugu_banjara_dictionary_master_file.docx
ముద్దు,/cum/,v.,show affection,-,యాడీర్ చూమ్ హర్డె ఆరి.,telugu_banjara_dictionary_master_file.docx
స్రవించు/కారు,/cūyo/,v.,ooze; secretion,स्रवित हो; टपक; चू; स्राव; क्षरण,-,telugu_banjara_dictionary_master_file.docx
కారడం/స్రవించు,/cūro/,n.,leakage,-,సిసిమాతి తేల్ చూరొ.,telugu_banjara_dictionary_master_file.docx
పొట్టు,/cūro/,n.,ooze; mash,स्रवित हो; टपक; चू,చూలేర్ లక్డ్ పకడఁజన్న చూరొ ఆవఁ.,telugu_banjara_dictionary_master_file.docx
వంట చెరుకు,/culēr lakdi/,n.,firewood,-,-,telugu_banjara_dictionary_master_file.docx
పొయ్యి,/cūlō/,v.,stove,-,-,telugu_banjara_dictionary_master_file.docx
పెట్టె,/cekkār sanduk/,n.,wooden box,-,-,telugu_banjara_dictionary_master_file.docx
దుప్పటి,/ceddar/,n.,bedspread,-,సీమా చెద్దర్ ఢాంక్లోన్ సోవఁచఁ.,telugu_banjara_dictionary_master_file.docx
చెంచెడు,/cencar atrā/,n.,spoonful,-,చెంచార్ అత్రా పాణీ ఘాల్.,telugu_banjara_dictionary_master_file.docx
సెనగలు,/cengya/,n.,chickpea,चना,-,telugu_banjara_dictionary_master_file.docx
బంతి,/cendu/,n.,ball,-,ఛుచాపర్ చెండుతి రంరేచఁ.,telugu_banjara_dictionary_master_file.docx
పాడుచేయు,/cēdgo/,v.,ruin,-,-,telugu_banjara_dictionary_master_file.docx
చెప్పులు,/cēplu/,n.,-,-,-,telugu_banjara_dictionary_master_file.docx
శిష్యుడు,/cēlā/,n.,disciple,शिष्य; चेला,-,telugu_banjara_dictionary_master_file.docx
పిలక,/cotti/,n.,small tuft of hair,-,-,telugu_banjara_dictionary_master_file.docx
దొంగది,/cotti/,n.,thief (one),,-,telugu_banjara_dictionary_master_file.docx
రుద్దు/పూయు,/copad/,v.,daub; rub,पुष्पित हो; मल; रगड,తలపై నూనె రుద్దు.,telugu_banjara_dictionary_master_file.docx
దెబ్బ/అపాయం/గాయం,/cot/,n.,beat; danger; injury,चोट; आघात; खतरा; हानि; जख्म; घाव,చోట్ లాగ్గి.,telugu_banjara_dictionary_master_file.docx
దొంగ,/cōr/,n.,culprit,దోషీ; अपराधी; कसूरवार,దొంగలు రాత్రి పూట దొంగతనం చేస్తారు.,telugu_banjara_dictionary_master_file.docx
చౌకీదారు,/caukīdār/,n.,watchman,-,-,telugu_banjara_dictionary_master_file.docx
పద్నాల్గు,/caudam/,num.,fourteen,-,-,telugu_banjara_dictionary_master_file.docx
వొలుచు/చెక్కు,/chol/,v.,pare; carve,-,ఏ కాక్టీర్ పొట్టు ఛోల్.,telugu_banjara_dictionary_master_file.docx
చెక్కువాడు,/cholēvālō/,n.,carver,-,-,telugu_banjara_dictionary_master_file.docx
ఉన్నట్టుగా,/cham/,adj.,like the one there,-,ఆచ్చొఛఁ.,telugu_banjara_dictionary_master_file.docx
తొందరగా/చురుకైన,/champkēsi/,adv./adj.,quickly; active; sudden,जल्दी; आनन फानन,-,telugu_banjara_dictionary_master_file.docx
ప్రపంచం / జగత్తు,/jagat/,n.,universe; world,जगत; विश्व; संसार,సారి జగతిమా వాళ్ రఁచఁ. సారి జగతి భళన్ రేణో.,telugu_banjara_dictionary_master_file.docx
ప్రపంచం / సృష్టి,/jagse/,n.,world; creation,संसार; दुनिया,-,telugu_banjara_dictionary_master_file.docx
మేలుకొలుపు,/jagāvo/,n.,arousal,जागृति,జగావొ.,telugu_banjara_dictionary_master_file.docx
గుంపు / సమూహం,/jatti/,n.,gang; group,दल; समूह,-,telugu_banjara_dictionary_master_file.docx
వేరు,/jad/,adj.,root,जड; मूल,-,telugu_banjara_dictionary_master_file.docx
పుట్టించు / ఉత్పత్తి చెయ్యి,/janavam/,v.,infuse; produce,पैदा कर; जन्म दे,-,telugu_banjara_dictionary_master_file.docx
ప్రసవించు / ఈను / జన్మనిచ్చుట,/janer/,v.,deliver; give birth,जन्म दे,-,telugu_banjara_dictionary_master_file.docx
జతకూర్చు / జత చెయ్యి,/jatakar/,v.,join,जोड़ना,బల్దేర్ జతకరన్ బండి బాంధఁఛఁ. ఓ దోయినఁ జతకర్.,telugu_banjara_dictionary_master_file.docx
భద్రమైన / జాగ్రత్త పరుచు,/jatan/,adj./v.,secure; hidden; hide,छिपा,జతన్.,telugu_banjara_dictionary_master_file.docx
ప్రజలు / జనం / లోకులు,/jan/,n.,people; community,जन; लोग; बस्ती,తమార్ కులమేవాళ్ కత్రా జన్ ఛో. జనేవుతి భళన్ బంణ్ణ.,telugu_banjara_dictionary_master_file.docx
అప్పుడు,/janna/,adv.,then,तब,జన్న ఆజో.,telugu_banjara_dictionary_master_file.docx
అందు వల్ల / అప్పటికే / అందుకని / వెంటనే,/jannāj/,adv.,because of that; till then; thus; soon; immediately,तब तक ही; तुरंत; फौरन,జన్నాజ్ మ జారోకోని. సదవోజన్నాజ్ డిగ్రిపాస్ వేగో.,telugu_banjara_dictionary_master_file.docx
ఎప్పటికప్పుడు,/jannār janna/,adv.,now and then,-,జన్నార్ జన్న తార్ కామ్ పూరొకర్.,telugu_banjara_dictionary_master_file.docx
ఇది వరకు ఉండేది,/jannāvēti/,v.,it used to be there,-,-,telugu_banjara_dictionary_master_file.docx
అడవి,/jangal/,n.,jungle,वन; जंगल,జంగలేమా ఝాడ్.,telugu_banjara_dictionary_master_file.docx
కొండ గొర్రె,/jangalēr görli/,n.,kind of deer,-,జంగలేర్ గోర్లినఁ మఁ దీటో.,telugu_banjara_dictionary_master_file.docx
ఉలికిపడ్డ,/jañjragol/,adj.,startled,-,నిందేమా సపనో ఆయోతో జంజ్రాగొ.,telugu_banjara_dictionary_master_file.docx
పుట్టుక,/janam/,n.,birth,जन्म,-,telugu_banjara_dictionary_master_file.docx
కాబట్టి / కావున,/janā/,conj.,so,-,-,telugu_banjara_dictionary_master_file.docx
పులి / పెద్ద పులి,/janavar/,n.,tiger; big tiger,बाघ; शेर,జనావర్ ఖాజావఁచఁ. మఁ మోటో జనావరేనఁ దేరో.,telugu_banjara_dictionary_master_file.docx
దుప్పటి,/jaikhāna/,n.,bedspread,-,సీవాఁళేమా జంఖాన ఓడఁచఁ.,telugu_banjara_dictionary_master_file.docx
కుడివైపు ఉన్న,/jamnēvadi charm/,adj.,right side,-,-,telugu_banjara_dictionary_master_file.docx
చోటు / నేల / భూమి,/jammi/,n.,place; floor; earth,पृथ्वी; जमीन; मिट्टी; खेत,గామేమా మ జమ్మి లీదో. ఎక్కర్ జమ్మి ఛఁ.,telugu_banjara_dictionary_master_file.docx
నేలపై పొర్లడం,/jammipar olatrò/,v.,-,-,-,telugu_banjara_dictionary_master_file.docx
బొందపెట్టడం చేయి,/jammīmā būr/,v.,-,-,-,telugu_banjara_dictionary_master_file.docx
భూగర్భ శాస్త్రం,/jammirā śāstram/,n.,underground science,-,-,telugu_banjara_dictionary_master_file.docx
ఆసామి / భూస్వామి / యజమాని,/jammēdār/,n.,landowner; owner,भूस्वामी; जमींदार,-,telugu_banjara_dictionary_master_file.docx
కుడి,/jamano/,adj.,right,दाहिना; दायाँ,జమణో పాక్తి పాంచ్ మీటర్ జో.,telugu_banjara_dictionary_master_file.docx
పూర్వ కాలంలో,/jamānēmā/,adv.,long ago,-,-,telugu_banjara_dictionary_master_file.docx
అల్లుడు,/jamāyi/,n.,son-in-law,दामाद; जमाई,-,telugu_banjara_dictionary_master_file.docx
పరువు / వ్యాప్తి,/jamāyēr/,n.,prestige; spread,-,-,telugu_banjara_dictionary_master_file.docx
జమాయిల్ చెట్టు,/jamālīr jhād/,n.,eucalyptus tree,-,-,telugu_banjara_dictionary_master_file.docx
కొంచెం సేపు,/jarrāk valā/,adv.,while,थोड़ी देर,జర్రాక్ వళా థమ్.,telugu_banjara_dictionary_master_file.docx
కొద్దిలో తప్పింది,/jarrāmā dagargi/,v.,just escape,-,మార్ సూటి జర్రామా డగర్గి.,telugu_banjara_dictionary_master_file.docx
అవసరం,/jarur/,n.,indispensability,जरुरत; गरज,-,telugu_banjara_dictionary_master_file.docx
వింత,/jalam/,n.,strangeness,अजीब; विचित्र,కాఁయి జలమ్ కర్రో.,telugu_banjara_dictionary_master_file.docx
వెంటనే / త్వరితంగా / త్వరపెట్టు,/jaldi/,adv./adj./v.,immediately; snappy; fast; quick; press,तुरंत; फौरन; जल्दी,జల్ది కర్. జల్ది జామాకన్ కఁ.,telugu_banjara_dictionary_master_file.docx
అత్యవసర,/jaldir/,n.,dire,-,-,telugu_banjara_dictionary_master_file.docx
జవాబు,/javāb/,n.,answer,जवाब,-,telugu_banjara_dictionary_master_file.docx
సర్వజ్ఞుడు,/jnani/,n.,person who knows everything,-,-,telugu_banjara_dictionary_master_file.docx
బుద్ధి / తెలివి / వివేకం,/jñān/,n.,wisdom; intelligence,-,-,telugu_banjara_dictionary_master_file.docx
ఎక్కువ,/jyādā/,adj.,more,ज्यादा; अधिक,పాణీమా జ్యాదా భీంజ్ గో.,telugu_banjara_dictionary_master_file.docx
జొన్న,/jyār/,n.,maize,ज्वार,-,telugu_banjara_dictionary_master_file.docx
జాకెట్ / రవిక,/jākti/,n.,jacket; blouse,-,బాయిలోగ్ సాడేపర్ ప్యారఁజకొ జాకిట్.,telugu_banjara_dictionary_master_file.docx
అప్రమత్తంగా / మెలుకువ,/jāgan/,adv.,mindful; awaken,जागृति; जागरण,సాయిరాత్ మఁ ఝాగన్ రో.,telugu_banjara_dictionary_master_file.docx
చోటు / భూమి / ప్రాంతం,/jāg/,n.,place; earth; region,जगह; स्थान,వైనఁ ఓ జాగేమా మేల్. తమార్ జాగ్ చోర్.,telugu_banjara_dictionary_master_file.docx
స్పృహలో ఉన్న దశ,/jāgrocain/,n.,being conscious,-,-,telugu_banjara_dictionary_master_file.docx
జాగారం,/jāgāran/,n.,wake,-,-,telugu_banjara_dictionary_master_file.docx
సంస్థానం / ఎస్టేటు,/jāgīr/,n.,estate,संस्थान; रियासत,-,telugu_banjara_dictionary_master_file.docx
దవడ పన్ను,/jādēr dânt/,n.,jaw tooth,-,-,telugu_banjara_dictionary_master_file.docx
ధృడమైన / దొడ్డు / బలీయమైన / లావాటి,/jādol/,adj.,rigid; mighty; stout; burly,बड़ा,జాడొ ఆద్మీ నఁవేని. ఝాడ్ పక్కొ జాడొ ఛఁ.,telugu_banjara_dictionary_master_file.docx
బొద్దుగా ఉండు,/jadochamjako/,v.,be chubby,-,జాడొఛఁజకొ.,telugu_banjara_dictionary_master_file.docx
చిక్కగా,/jādojat/,adv.,thickly,-,-,telugu_banjara_dictionary_master_file.docx
లావు అవడం,/jādēvēr/,v.,becoming fat,-,-,telugu_banjara_dictionary_master_file.docx
ఊరికే / పద్దైన / అవాస్తవికం,/jānan/,adv./adj./n.,predictably / inaccurate / fiction,-,ఊ జాణన్ గో. అపణ్ జాణన్ కేర్ ఛేని. మఁ కోజకొ జాణన్.,telugu_banjara_dictionary_master_file.docx
జ్యోతిష్యం,/jātakam/,n.,palmistry,-,మార్ జాతకం హను లక్మేలొ భగవాన్.,telugu_banjara_dictionary_master_file.docx
యాత్ర,/jātara/,n.,trip,यात्रा,-,telugu_banjara_dictionary_master_file.docx
కులము / జాతి / మతం,/jāt/,n.,caste / breed / doctrine,-,తమార్ జాత్ కుణస్. హమార్ జాత్ రాస్ మోట్. హమార్ గోర్ జాత్. సేర్ జాత్ నాళి రతోయ్ మనిక్యా ఎక్కజ్.,telugu_banjara_dictionary_master_file.docx
వెళుతూ ఉండు,/jāto rēnu/,v.,keep going,-,తార్ వాట్ తూ జాతో రేణు.,telugu_banjara_dictionary_master_file.docx
పెంచు,/jādakar/,v.,raise,-,ఫ్యాన్ ఫరేర్ జాదాకర్.,telugu_banjara_dictionary_master_file.docx
వ్యాకోచించు,/jādāphyālēr/,v.,expand,-,-,telugu_banjara_dictionary_master_file.docx
ఎక్కువ,/jādām/,adj.,more than,-,ఉందూర్ వాడితి జాదాఁ .,telugu_banjara_dictionary_master_file.docx
తొడ,/jāngla/,n.,thigh,जँघा; जाँघ,-,telugu_banjara_dictionary_master_file.docx
చెడ్డీ,/jangi/,n.,shorts,-,-,telugu_banjara_dictionary_master_file.docx
జానపదం,/jānapadam/,adj.,folk song,-,ప్యానార్ సమియామా జానపదమేర్ సిల్మా వారు దేక్తోతే.,telugu_banjara_dictionary_master_file.docx
అమితంగా / చాలా ఎక్కువ / అదనం,/jāppa/,adv./adj.,immensely / very large / extra,-,తూ జాప్పా ధాన్ ఖాన్డో. తూ ఆచికన్ జాప్పా దీటో.,telugu_banjara_dictionary_master_file.docx
పెంచు,/jāppākar/,v.,raise,-,తార్ కమాయి జాప్పా కర్.,telugu_banjara_dictionary_master_file.docx
కవర్,/jāb/,n.,cover,-,-,telugu_banjara_dictionary_master_file.docx
దవడ / మొప్ప,/jābdo/,n.,jaw / gill,जबडा,-,telugu_banjara_dictionary_master_file.docx
నేరేడు పండు,/jāmbu/,n.,jambul,-,జాంబు ఖావతొ జీవేనఁ ఖూబ్ ఆచ్చొ.,telugu_banjara_dictionary_master_file.docx
పోదాం పద,/jāmā cām/,v.,let's go,-,అంగ్జీనఁ జామా ఛఁ.,telugu_banjara_dictionary_master_file.docx
పోనివ్వడం,/jāyedam/,v.,letting it go,-,మనఁ బార్ జాయెదఁ.,telugu_banjara_dictionary_master_file.docx
వెళ్ళే ద్వారం,/jāyēr galmā/,n.,exit,-,-,telugu_banjara_dictionary_master_file.docx
నడక / గమనం,/jāyēro/,n.,pace / movement,गमन; గవన్; చాల్,-,telugu_banjara_dictionary_master_file.docx
పోతుంది,/jāri/,v.,it goes,-,రోతి రోతి జారి.,telugu_banjara_dictionary_master_file.docx
జొన్న రొట్టె,/jārēr bāti/,n.,jowar bread,-,మఁనఁ జారేర్ బాటి రేణో.,telugu_banjara_dictionary_master_file.docx
జొన్న మొక్క,/jārēr rādā/,n.,maize plant,-,జారేర్ రాడాపర్ పీళ్ జార్ లాగఁచఁ.,telugu_banjara_dictionary_master_file.docx
పోదాం,/jāvām/,v.,let's go,-,జావాఁ చాల్.,telugu_banjara_dictionary_master_file.docx
వెళ్ళండి,/jāvā/,v.,please go,-,-,telugu_banjara_dictionary_master_file.docx
వెళ్ళి వస్తాను,/jamn avumcum/,v.,will go and come back,-,-,telugu_banjara_dictionary_master_file.docx
ఆస్తిపాస్తులు,/jāmyijāt/,n.,belongings,-,హమేనఁ జాఁయిజాత్ .,telugu_banjara_dictionary_master_file.docx
వెళదాం,/jāmvam/,v.,let's go,-,అపణ్ .,telugu_banjara_dictionary_master_file.docx
సాధించు,/jitlam/,v.,attain; successful,जीत; सफल हो,నువ్వు అనుకున్నది సాధించు.,telugu_banjara_dictionary_master_file.docx
బాధ్యత,/jimmedari/,n./adj.,binding; responsibility,दायित्व; उत्तरदायित्व; कर्तव्य,రమణోకో జేర్ జేన జిమ్మేదారి రచఁ.,telugu_banjara_dictionary_master_file.docx
పాత,/junā/,adj.,old; outmoded,పురాతన; प्राचीन,మారొ జూనో సోప్తి భళో.,telugu_banjara_dictionary_master_file.docx
గెలవడం,/jitno/,n.,win,जीत,-,telugu_banjara_dictionary_master_file.docx
గెలవడం,/jitēro/,v.,-,-,-,telugu_banjara_dictionary_master_file.docx
నాలుక,/jib/,n.,tongue,जीभ; जबान,జీబ్ బార్ కాడ్.,telugu_banjara_dictionary_master_file.docx
జిలకర్ర,/jīrd/,n.,cumin,जीरा,జీరేనఁ వంగారేమా ఘాలఁచఁ.,telugu_banjara_dictionary_master_file.docx
బతుకు,/jīvani/,v.,live,-,తార్ జీవణి.,telugu_banjara_dictionary_master_file.docx
దేహం / శరీరం,/jivdā/,n.,body,शरीर; काया; देह,జీవ్గా సువాఁత్ ఛఁ.,telugu_banjara_dictionary_master_file.docx
ఆట్టుకునే,/jivtēdārā/,adj.,attractive,-,-,telugu_banjara_dictionary_master_file.docx
లోపలి అవయవాలు,/jivemār ang/,n.,inner organs,-,-,telugu_banjara_dictionary_master_file.docx
సజీవంగా / ఆరోగ్యంగా,/jivēti/,adv.,lively; healthily,-,జీవేతి వారు ఛఁ.,telugu_banjara_dictionary_master_file.docx
భౌతికంగా,/jivero/,adv.,physically,-,-,telugu_banjara_dictionary_master_file.docx
పాతకాలపు,/junēdādēr/,adj.,quaint,-,-,telugu_banjara_dictionary_master_file.docx
అపరాధం,/jurmāna/,n.,offence,अपराध; दोष; क़सूर,జుర్ మాన .,telugu_banjara_dictionary_master_file.docx
ఊరేగింపు,/julus/,n.,procession,जुलूस,-,telugu_banjara_dictionary_master_file.docx
బూట్లు / చెప్పులు,/jūte/,n.,boot,पादरक्षा; जूता,మనిక్యా టాంగేమా జూతె ఘాలఁచం.,telugu_banjara_dictionary_master_file.docx
పేను,/jūm/,n.,louse,जूँ; चीलढ,-,telugu_banjara_dictionary_master_file.docx
వ్యక్తిగత,/jēr jēnam/,adj.,private,-,-,telugu_banjara_dictionary_master_file.docx
కారాగారం / జైలు,/jēl/,n.,nick; prison,-,-,telugu_banjara_dictionary_master_file.docx
గట్టిగా తొయ్యి,/jorēti dhakal/,v.,push solidly,-,జోరేతి మాయి ధకల్.,telugu_banjara_dictionary_master_file.docx
వెళ్ళు / పోవు,/jō/,v.,go; enter; start,जा; रवाना हो; बीत जा,ధాన్ ఖాలేన్ జో.,telugu_banjara_dictionary_master_file.docx
సమతుల్యం,/joker/,n.,to balance anything,-,-,telugu_banjara_dictionary_master_file.docx
జెర్రి,/jōg/,n.,centipede,जोंक,-,telugu_banjara_dictionary_master_file.docx
కీలు / కీళ్ళు,/jod/,n.,joint,जोड; टाका,-,telugu_banjara_dictionary_master_file.docx
జత / జోడు,/jōdi/,n./adj.,pair; dual,जोडा; चप्पल,కేళార్ జోడి దఁ.,telugu_banjara_dictionary_master_file.docx
రచించు,/jödero/,v.,compose,रचना कर; बना; लिख,-,telugu_banjara_dictionary_master_file.docx
కాంతి,/jot/,n.,light,-,ఘరెమాయి దాడేర్ జోత్ ఆరీచఁ.,telugu_banjara_dictionary_master_file.docx
పోకు,/jāmat/,v.,don't go,-,వోరే ఛేట్ జోమత్.,telugu_banjara_dictionary_master_file.docx
వేరుపడు,/joyivam/,v.,maroon,-,-,telugu_banjara_dictionary_master_file.docx
బలం / శక్తి / నేర్పు,/jōr/,n.,zeal; ability; energy,उत्साह; जोश; पराक्रम,జోరేవాళో మనిక్యా.,telugu_banjara_dictionary_master_file.docx
బిగ్గరగా / వేగంగా,/jōrti/,adv./n.,loud; drift,जोर से; वेग; तेजी,జోర్తి సదవన్ .,telugu_banjara_dictionary_master_file.docx
వేగ ప్రవాహం,/jortivyārē/,n.,rapids,-,-,telugu_banjara_dictionary_master_file.docx
బలవంతం,/jōrbār /ti/,v./n.,compulsion,जोराजोरी; जबरदस्ती,కరేర్ ఛేని.,telugu_banjara_dictionary_master_file.docx
అలలు,/jhaglo/,n.,wave,तरंग; लहर,తళాఁయేమా ఝగ్ళో ఆవచఁ.,telugu_banjara_dictionary_master_file.docx
మేలు కొలిపిన,/jhagāye/,v.,awakened,-,పర్బాతి నిందేమాతి ఝగాయొజకొ కూణ్.,telugu_banjara_dictionary_master_file.docx
వడ గాలులు,/jhaghre/,n.,heat winds,-,-,telugu_banjara_dictionary_master_file.docx
దులపడం,/jhad kar/,n./v.,dusting; whisk,झटक; झाड,తువాల ఝడాకారన్ జీవ్ లూ.,telugu_banjara_dictionary_master_file.docx
తుఫాను / గాలి వాన,/jhadi/,n.,storm,तूफान; आँधी,ఝడి పఁడఁజన్న సేనఁ వేలా వెజావఁచఁ.,telugu_banjara_dictionary_master_file.docx
అల్ప పీడనం,/jhadī mārri/,n.,low air pressure,-,-,telugu_banjara_dictionary_master_file.docx
జడివాన,/jhadir pāni/,v.,raining heavily,-,-,telugu_banjara_dictionary_master_file.docx
రాలడం / పడటం,/jhadhe/,v.,falling,-,-,telugu_banjara_dictionary_master_file.docx
జెండా,/jhanda/,n.,flag,झंडा,-,telugu_banjara_dictionary_master_file.docx
పేరుకుపోవడం,/jhamjāyēr/,n.,being spread,-,-,telugu_banjara_dictionary_master_file.docx
మెరుసు / ప్రకాశవంతం,/jhānkrov/,v./adj.,glisten; bright,-,-,telugu_banjara_dictionary_master_file.docx
వెలుగు,/jhānk/,n.,shine,-,-,telugu_banjara_dictionary_master_file.docx
వెలుగు / జిగేలు,/jhānkēr/,n./adj.,glitter; glistening,चमक; जगमगा,-,telugu_banjara_dictionary_master_file.docx
వల,/jhāḷ/,n.,net,जाल; फंदा,-,telugu_banjara_dictionary_master_file.docx
రొయ్య,/jhingā/,n.,prawn,झिंगा; छींगा,ఝింగార్ నొంగ్వాణేర్ రస్ ఆచ్ రఁచఁ.,telugu_banjara_dictionary_master_file.docx
మత్య్సకారుడు,/jhimrā/,n.,-,-,-,telugu_banjara_dictionary_master_file.docx
గుంపు,/jhūnt/,n.,group,-,-,telugu_banjara_dictionary_master_file.docx
కిరణాలు,/jhune/,n.,sunrise,धूप; आतप; घाम,-,telugu_banjara_dictionary_master_file.docx
గుత్తులు,/jhūnte/,n.,bundles,-,వాళోలీర్ ఝూంటే తోడ్.,telugu_banjara_dictionary_master_file.docx
సమూహం / గుంపు,/jhūnd/,n.,group; bunch,-,అపణ్ వోఝూండేనఁ దేకా ఆజో.,telugu_banjara_dictionary_master_file.docx
పట్టు,/jhalan/,v.,hold,-,యే కుద్దీనఁ ఝలన్ దేక్.,telugu_banjara_dictionary_master_file.docx
చెట్టు,/jhad/,n.,tree,पेड़,ఈ ఫూలేర్ ఝాడ్.,telugu_banjara_dictionary_master_file.docx
క్రిమి రహితం చెయ్యి,/jhādmārēr/,v.,removal of insects,-,-,telugu_banjara_dictionary_master_file.docx
గుడిసె,/jhumpdi/,n.,hut,कुटी; झोंपडी,హమార్ టాండేమా రాస్ ఝూంప్డ్ ఛఁ.,telugu_banjara_dictionary_master_file.docx
మనసు లాగడం,/jhūrēr/,v.,longing to see,-,-,telugu_banjara_dictionary_master_file.docx
అలలు,/jhögol/,n.,waves,-,-,telugu_banjara_dictionary_master_file.docx
ఊయల / తొట్టి,/jhōli/,n.,swing; spring,झूला,ఝాళిమా పాప సూతివేరి.,telugu_banjara_dictionary_master_file.docx
బావ్యం కాదు,/jhammēni/,adj.,incompatible,वाहियात; ऊलजलूल,-,telugu_banjara_dictionary_master_file.docx
నిలకడ / స్థిరమైన,/takan/,n./adj.,stable,-,-,telugu_banjara_dictionary_master_file.docx
ప్రమాదం / ఠక్కర్,/takkar/,n.,mishap,दुर्घटना,-,telugu_banjara_dictionary_master_file.docx
వల్లంకి పిట్ట,/tañcēra/,n.,bird,-,-,telugu_banjara_dictionary_master_file.docx
తపాలా కార్యాలయము,/tappārāpis/,n.,post office,-,టప్పార్ ఆపీసేనఁ జామా.,telugu_banjara_dictionary_master_file.docx
కళ్ళు మిటకరించు,/tamkār/,v.,stare the eyes,-,ఆంకి టమ్కార్.,telugu_banjara_dictionary_master_file.docx
అద్భుతం,/tvālimārēr/,adj.,miracle,-,-,telugu_banjara_dictionary_master_file.docx
కందిరీగ,/tatiya/,n.,hornet,ततैया; భిడ్,-,telugu_banjara_dictionary_master_file.docx
కాలు / పాదం,/tāng/,n.,leg / foot,पाद; चरण; पैर,ఠక్కర్ వేన్ టాంగ్ టూడ్డి.,telugu_banjara_dictionary_master_file.docx
ఎత్తైన వ్యక్తి,/tangālē/,n.,tall person,-,-,telugu_banjara_dictionary_master_file.docx
పొడుచు,/tāñcēro/,v.,gore / pierce,-,-,telugu_banjara_dictionary_master_file.docx
మగాడు / మొనగాడు,/tānder/,n.,male / ringleader,-,టాండేర్ జాప్పా కామ్ కఁర. ఊ కామ్ కరఁజకొ ఆద్మీ టాండేర్.,telugu_banjara_dictionary_master_file.docx
వర్గీకరణలు,/tālnāker/,n.,classifications,-,-,telugu_banjara_dictionary_master_file.docx
సోమరి,/tālā khāro/,adj.,lazy,-,-,telugu_banjara_dictionary_master_file.docx
టీకాలు వెయ్యి,/tikāl mār/,v.,vaccinate,-,-,telugu_banjara_dictionary_master_file.docx
విరిగి పోయింది,/tūt gi/,v.,broken,-,-,telugu_banjara_dictionary_master_file.docx
విడాకులు పొందినది,/tūtgijako/,v.,got a divorce,-,-,telugu_banjara_dictionary_master_file.docx
సంభవించు,/tūlpadēr/,v.,happen,पैदा हो,-,telugu_banjara_dictionary_master_file.docx
కుంటివాడు / అంగవైకల్యం,/tuntō/,n./adj.,cripple / disability,अपाहिज,టూంటో ఆద్మీ ఛఁ.,telugu_banjara_dictionary_master_file.docx
ఊత కర్ర,/tēkan cālēr lakdi/,n.,walking stick,-,-,telugu_banjara_dictionary_master_file.docx
పెళ్ళి వేడుక / వినోదం,/tamāśā/,n.,wedding celebration / show,मनोरंजन,-,telugu_banjara_dictionary_master_file.docx
ముక్క / వక్క,/tokdā/,n.,shred / piece,टुकडा,విస్రానఁ టొక్టా టొర్డా తోడ్ నాకే. ఆడ్సీ చార్ టొల్డా వేగి.,telugu_banjara_dictionary_master_file.docx
గిన్నె / పాత్ర,/tōkani/,n.,vessel,बरतन; प्याला,టోకణిమార్ ధాన్ ఘాల్.,telugu_banjara_dictionary_master_file.docx
బిందె / కుండ,/tokano/,n.,pot,घडा; कलशा,టోకణోమా పాణీ భర్.,telugu_banjara_dictionary_master_file.docx
తొట్టి,/tõti/,n.,manger,-,హమార్ టోటి భర్మేల్.,telugu_banjara_dictionary_master_file.docx
విరగొట్టు,/tödnāko/,v.,break it,-,-,telugu_banjara_dictionary_master_file.docx
హుడ్ / టోపి,/topi/,n.,hood,टोपी,-,telugu_banjara_dictionary_master_file.docx
గృహ సమూహం,/tāndo/,n.,family,-,-,telugu_banjara_dictionary_master_file.docx
వేరు చెయ్యి,/tā /,v.,separate,-,జేర్ జేనఁటాళ్ నాక్.,telugu_banjara_dictionary_master_file.docx
పిట్ట,/tōliyā/,n.,bird of quail genus,-,-,telugu_banjara_dictionary_master_file.docx
ఉపశమనం,/tamigo/,n.,relief from danger,-,-,telugu_banjara_dictionary_master_file.docx
ఆపద / ఠక్కర్,/thakkar/,v.,accident,-,-,telugu_banjara_dictionary_master_file.docx
వసతి గృహం / మజిలి,/thakāno/,n.,quarter / lodge,मुकाम; పడావ్,ఠకాణో కేవి.,telugu_banjara_dictionary_master_file.docx
నటించు / ప్రవర్తన,/thakul/,v./n.,figure / practice / conduct,आचरण; बर्ताव; व्यवहार,కామ్ కర్రాజు ఠకూల్ కర్.,telugu_banjara_dictionary_master_file.docx
జిత్తులమారి నక్క,/thagevālo sālyā/,n.,cunning fox,-,-,telugu_banjara_dictionary_master_file.docx
కుమ్మరించు,/thala/,v.,dump,డెల్,ఠలా.,telugu_banjara_dictionary_master_file.docx
పాత్ర,/thām/,n.,utensil,-,-,telugu_banjara_dictionary_master_file.docx
ఖాళి,/thāl/,adj.,vacant,-,-,telugu_banjara_dictionary_master_file.docx
కట్టుకథ / అర్థం లేని మాటలు,/thālivātē/,n.,false talk / meaningless talk,-,ఠాలివాతే కమత్.,telugu_banjara_dictionary_master_file.docx
వట్టిగా / అన్యాయం,/thālo/nakām/,adv.,without reason / injustice,अन्याय; అనీతి; బేఇన్సాఫీ,-,telugu_banjara_dictionary_master_file.docx
పెనం / పెంకు,/thikri/,n.,oven / tile,तवा,రొట్టెలను పెనం పై చేస్తారు. ఘరేపర్ క్రితి ఛాపఁ.,telugu_banjara_dictionary_master_file.docx
చిరకాలం,/thētetanu/,adv.,forever,-,-,telugu_banjara_dictionary_master_file.docx
వెళ్ళి పో,/dagar jõ/,v.,go,-,తూ బడీనఁడగర్ జో.,telugu_banjara_dictionary_master_file.docx
తొలిగింది,/daggi/,v.,removed,-,హాతెర్ హడ్కా డగ్గి.,telugu_banjara_dictionary_master_file.docx
గెదుము,/dapat/,v.,chase by running,-,-,telugu_banjara_dictionary_master_file.docx
వెల్లగొట్టిన,/dapatdine/,adj.,expatriated,-,-,telugu_banjara_dictionary_master_file.docx
దండోరా / ప్రకటించు,/dapada/,v.,proclaim,-,డఫడామారన్ ఎలాస్కర్.,telugu_banjara_dictionary_master_file.docx
పీప,/dabbõ/,n.,cistern,-,హమేన్ తేలేర్ డబ్బొ దెమల్.,telugu_banjara_dictionary_master_file.docx
ముంచడం,/dabol/,n.,immersion,-,-,telugu_banjara_dictionary_master_file.docx
భయం,/dar/,n.,hazard,-,రాత్ వణా డర్ లాగఁ.,telugu_banjara_dictionary_master_file.docx
గర్జించు,/darkāyēro/,v.,roar,गरज; సింహ్ ఆది కా గరజ్,-,telugu_banjara_dictionary_master_file.docx
ముక్క,/dali/,n.,mutton piece,-,-,telugu_banjara_dictionary_master_file.docx
గడ్డం,/dvādi/,n.,beard,चिबुक; ठोढी; ठुड्डी; दाढी,-,telugu_banjara_dictionary_master_file.docx
గడ్డం నురుగు,/dvādiparēr pyāsad/,n.,shaving cream,-,-,telugu_banjara_dictionary_master_file.docx
అండ వాయువు,/dvādo/,n.,hernia,फोता,-,telugu_banjara_dictionary_master_file.docx
కొమ్మ,/dvāli/,n.,branch,टहनी,డ్వాశీ తూటా .,telugu_banjara_dictionary_master_file.docx
వాంతి,/dākanni/,v.,vomit,उलटी; कै; वमन,-,telugu_banjara_dictionary_master_file.docx
వైద్యవిద్య,/dāktar padāyi/,n.,medicine,-,-,telugu_banjara_dictionary_master_file.docx
ఊసర వెల్లి,/dākno ghodo/,n.,chameleon,-,డాక్జా ఘోడొ హరే ఝాడే పఁరఁ .,telugu_banjara_dictionary_master_file.docx
జరిమానా / అపరాధం,/dand/,n.,penalty / offence,अपराध; दोष; क़सूर; ग़लती,తప్పు కరఁతొ డాండ్ లాగఁచఁ. కరన్ డాండ్ భాందో.,telugu_banjara_dictionary_master_file.docx
తొడిమ,/dāndi/,n.,stalk,-,-,telugu_banjara_dictionary_master_file.docx
ఎడమ,/dāv/,adj.,left,बाई (ఓర్),చాల్.,telugu_banjara_dictionary_master_file.docx
నీరు కట్టె,/dindu/,n.,water snake,-,ఉండు సాపేమా ఇస్సం రేని.,telugu_banjara_dictionary_master_file.docx
ముంచు,/dubād/,v.,sink,डुबो; గోతా దే,తార్ మాన్తా పాణీమాడుబాడన్ హంగోళికర్.,telugu_banjara_dictionary_master_file.docx
ముంచెత్తు,/dubādnāk/,v.,deluge,-,నంది వ్యాన్ డుబాడ్నాకి.,telugu_banjara_dictionary_master_file.docx
తాకని,/chumteni/,adj.,untouched,అచూతా,చుంత్తేనిజకో విస్రా.,telugu_banjara_dictionary_master_file.docx
తాగించడం,/paranak/,v.,make drink,పిలానా,పాణీ పరాన్.,telugu_banjara_dictionary_master_file.docx
తాగు,/pi/,v.,drink,పీనా,పాణీ పీ.,telugu_banjara_dictionary_master_file.docx
తాగుబోతు,/piyot/,n.,drunkard,పియక్కడ్,ఊ రాస్ పీయోత్.,telugu_banjara_dictionary_master_file.docx
తాగేయడం,/piler/,v.,drinking up,పీ లేనా,చాయ్ పీలో.,telugu_banjara_dictionary_master_file.docx
తాజా,/tāddēr/,adj.,fresh,తాజా,తాద్దేర్ భాజ్జి లా.,telugu_banjara_dictionary_master_file.docx
తండ్రి,/bāpu/,n.,father,పితా,హమార్ బాపు గామేమా ఛఁ.,telugu_banjara_dictionary_master_file.docx
తల్లి,/yādi/,n.,mother,మాతా,యాడీర్ వాతే సామ్ ళ్.,telugu_banjara_dictionary_master_file.docx
తాత,/dādā/,n.,grandfather,దాదా; నానా,హమార్ దాదా రాస్ ముసో.,telugu_banjara_dictionary_master_file.docx
తమ్ముడు,/bhāyi/,n.,younger brother,ఛోటా భాయీ,మార్ నాన్ కా భాయీ బడీన్ జారో.,telugu_banjara_dictionary_master_file.docx
తీరం,/konora/,n.,shore,కినారా,సమ్దరేర్ కొనొరా.,telugu_banjara_dictionary_master_file.docx
తీసుకో,/lelam/,v.,take,లో,యే పీసా లేలఁ.,telugu_banjara_dictionary_master_file.docx
తీసుకున్నాను,/rakashidino/,v.,I took,మైనే లియా,మఁ పుస్తకం లీదో.,telugu_banjara_dictionary_master_file.docx
తియ్యని,/mito/,adj.,sweet,మీఠా,సాకర్ మీట్ రఁచఁ.,telugu_banjara_dictionary_master_file.docx
తినడం,/khayer/,n.,eating,ఖానా,ధాన్ ఖాయేర్ వేళ.,telugu_banjara_dictionary_master_file.docx
తిను,/kho/,v.,eat,ఖావో,ధాన్ ఖో.,telugu_banjara_dictionary_master_file.docx
తుపాకి,/banduk/,n.,gun,బందూక్,బందూకేతి గారన్ నాక్.,telugu_banjara_dictionary_master_file.docx
తుడుచు,/luyer/,v.,wipe,పోంఛనా,హాత్ లూ.,telugu_banjara_dictionary_master_file.docx
తల,/math/,n.,head,సిర్,మాత్తేమా దుక్రోచఁ.,telugu_banjara_dictionary_master_file.docx
తాడు,/dori/,n.,rope,రస్సీ,దోరీతి భాంద్.,telugu_banjara_dictionary_master_file.docx
త్వరగా,/jaldi/,adv.,fast,జల్దీ,జల్ది ఆ.,telugu_banjara_dictionary_master_file.docx
తెల్లని,/dhavlo/,adj.,white,సఫేద్,ధవ్లో రంగ్.,telugu_banjara_dictionary_master_file.docx
తెరువు,/khol/,v.,open,ఖోలో,కవాడి ఖోళ్.,telugu_banjara_dictionary_master_file.docx
తార,/tāra/,n.,star,తారా,ఆకాసేమా తారా.,telugu_banjara_dictionary_master_file.docx
తాళం,/kunji/,n.,lock,కుంజీ,కుంజి ఘాల్.,telugu_banjara_dictionary_master_file.docx
తవ్వడం,/khoder/,v.,digging,ఖోదనా,జమ్మి ఖోదేర్.,telugu_banjara_dictionary_master_file.docx
తిట్టడం,/galido/,v.,scolding,డాల్నా,గాలి కమత్.,telugu_banjara_dictionary_master_file.docx
తిరగడం,/pharer/,v.,roaming,ఘూమనా,గామ్ ఫరర్.,telugu_banjara_dictionary_master_file.docx
తీర్పు,/nyay/,n.,judgment,న్యాయ్,ఆచొ న్యాయ్ కిదో.,telugu_banjara_dictionary_master_file.docx
తుమ్ము,/chink/,n.,sneeze,ఛీంక్,ఛీంక్ ఆయి.,telugu_banjara_dictionary_master_file.docx
తొమ్మిది,/nav/,num.,nine,నవ్,నవ్ మనిక్యా.,telugu_banjara_dictionary_master_file.docx
తొలి,/agdiyo/,adj.,first,పెహలా,అగ్డియో ఛ్వారా.,telugu_banjara_dictionary_master_file.docx
తట్టు,/kham/,v.,bear,సహనా,దుక్రో ఖమ్.,telugu_banjara_dictionary_master_file.docx
తడి,/gilo/,adj.,wet,గీలా,లత్తో గిలో ఛఁ.,telugu_banjara_dictionary_master_file.docx
తన,/or/,pron.,his/her,ఉసకా,ఓర్ నామ్.,telugu_banjara_dictionary_master_file.docx
తరచుగా,/ghadi ghadi/,adv.,often,బార్ బార్,ఘడి ఘడి కామ్ కర్.,telugu_banjara_dictionary_master_file.docx
తొందర,/jaldi/,n.,hurry,జల్దీ,జల్ది జా.,telugu_banjara_dictionary_master_file.docx
తవ్వకం,/khoder/,n.,excavation,ఖుదాయీ,ఖోదేర్ కామ్.,telugu_banjara_dictionary_master_file.docx
తవుడు,/kandi/,n.,bran,ఛోకర్,కాణ్కి తి చావళ్ నికఁళం.,telugu_banjara_dictionary_master_file.docx
తారామండలం,/taramandalam/,n.,galaxy,తారామండల్,ఆకాసేమా తారామండలం.,telugu_banjara_dictionary_master_file.docx
తాపీ పనివాడు,/tapivālō/,n.,mason,మిస్త్రీ,తాపీవాళో ఘర్ భాందేచఁ.,telugu_banjara_dictionary_master_file.docx
తామర పువ్వు,/kamal phul/,n.,lotus,కమల్,తామర పువ్వు సంద్రేమ రచఁ.,telugu_banjara_dictionary_master_file.docx
తాయెత్తు,/tāyettu/,n.,amulet,తావీజ్,గలేమా తాయెత్తు ఘాల్.,telugu_banjara_dictionary_master_file.docx
తలగడ,/takiyā/,n.,pillow,తకియా,మాత్తే హేటఁ తకియా మేల్.,telugu_banjara_dictionary_master_file.docx
తలంబ్రాలు,/talambarālu/,n.,wedding rice,అక్షత్,పెళ్లెమా తలంబ్రాలు ఘాలఁచఁ.,telugu_banjara_dictionary_master_file.docx
తలచు,/socer/,v.,think,సోచనా,దేవేనఁ సోచ్.,telugu_banjara_dictionary_master_file.docx
తలారి,/talāri/,n.,village servant,పహరేదార్,తలాారి గామేర్ కావలి రఁచఁ.,telugu_banjara_dictionary_master_file.docx
తవ్వించు,/khodā/,v.,to get dug,ఖుదవనా,జమ్మి ఖోదా.,telugu_banjara_dictionary_master_file.docx
తర్ఫీదు,/tālim/,n.,training,శిక్షణ్,కామేర్ తాలిమ్ లేలఁ.,telugu_banjara_dictionary_master_file.docx
తలారీ,/patvāl/,n.,village assistant,పహరేదార్,పత్వాల్ గామ్ కామ్ కిదే.,telugu_banjara_dictionary_master_file.docx
తలపు,/soc/,n.,thought,సోచ్,తార్ సోచ్ ఆచొ ఛఁ.,telugu_banjara_dictionary_master_file.docx
తట్ట,/tappal/,n.,basket,టోకరీ,టప్పలేమా ధాన్ ఘాల్.,telugu_banjara_dictionary_master_file.docx
తట్టుకోవడం,/khanner/,v.,endure,సహనా,దుక్రో ఖన్.,telugu_banjara_dictionary_master_file.docx
తబ్బిబ్బు,/tabbibbu/,adj.,confusion,ఘబరాహట్,వాతే కేవేనఁ తబ్బిబ్బు వేగో.,telugu_banjara_dictionary_master_file.docx
తక్కెడ,/kāmtā/,n.,balance,తరాజు,కాంటా తి జోక్.,telugu_banjara_dictionary_master_file.docx
చాలా కాలం,/thēt/,adv.,long time,काफी समय,థేట్ సేనఁ వాతే ఛేని.,telugu_banjara_dictionary_master_file.docx
సమయం / సారి,/tvāyi/,n.,time / once,समय; बार,ఏక్ త్వాయి ఆ.,telugu_banjara_dictionary_master_file.docx
ఎల్లప్పుడూ,/tvāyitōyi/,adv.,always,हमेशा,త్వాయితోయి ఆచ్చో కామ్ కర్.,telugu_banjara_dictionary_master_file.docx
తెంచు / విరగొట్టు,/tōd/,v.,break,तोड़ना,కాగద్ తోడ్.,telugu_banjara_dictionary_master_file.docx
విరగొట్టడం / విరగొట్టు,/tōdnākō/,v.,break it,तोड़ डालना,వో విస్రానఁ తోడ్నాకో.,telugu_banjara_dictionary_master_file.docx
తూకం,/tōlēr/,n./v.,weighing,तौलना,జోక్ తోలేర్ కామ్.,telugu_banjara_dictionary_master_file.docx
తోలు / చర్మం,/tōl/,n.,skin / leather,त्वचा; चमड़ा,ఘోడిర్ తోల్.,telugu_banjara_dictionary_master_file.docx
కొలవడం,/tōlcur/,v.,measure,मापना,క్యారేనఁ తోల్చుర్.,telugu_banjara_dictionary_master_file.docx
తైలం / నూనె,/tēl/,n.,oil,तेल,మాత్తేమా తేల్ ఘాల్.,telugu_banjara_dictionary_master_file.docx
వేగంగా,/tēji/,adv.,fast,तेजी,మోటర్ తేజి తి జారి.,telugu_banjara_dictionary_master_file.docx
తేడా,/tapāvati/,n.,difference,अंतर; फर्क,ఈ దోయి విస్రామా రాస్ తపావత్ ఛఁ.,telugu_banjara_dictionary_master_file.docx
తయారు చెయ్యి,/tayar kar/,v.,prepare,तैयार करना,ధాన్ తయార్ కర్.,telugu_banjara_dictionary_master_file.docx
తాటాకు,/tād pān/,n.,palm leaf,ताड़ का पत्ता,తాడ్ పాన్ తి విస్రానఁ కఁరఁచఁ.,telugu_banjara_dictionary_master_file.docx
తిట్టడం,/tittēr/,n./v.,scolding,गाली देना,గాళి తిట్టేర్ ఖరాప్.,telugu_banjara_dictionary_master_file.docx
పదును,/tēr/,n.,sharpness,धार,ఛరీనఁ తేర్ ఛేని.,telugu_banjara_dictionary_master_file.docx
పదును చెయ్యి,/tēr kar/,v.,sharpen,तेज़ करना,యే ఛరీనఁ తేర్ కర్.,telugu_banjara_dictionary_master_file.docx
తేలు,/vincu/,n.,scorpion,बिच्छू,వించు కాటో.,telugu_banjara_dictionary_master_file.docx
తిరుగుబాటు,/tirugubātu/,n.,revolt,विद्रोह,-,telugu_banjara_dictionary_master_file.docx
తీరిక,/tirika/,n.,leisure,फुर्सत,మన్ అబ్బ తిరికా ఛేని.,telugu_banjara_dictionary_master_file.docx
తుఫాను,/tūpānu/,n.,storm,तूफान,రాస్ మోటో తూఫాను ఆయో.,telugu_banjara_dictionary_master_file.docx
తెలివి,/telivi/,n.,intelligence,बुद्धि,వోనఁ రాస్ తెలివి ఛఁ.,telugu_banjara_dictionary_master_file.docx
తెలియని,/malām chēnija-/,adj.,unknown,अज्ञात,మన్ మాలం ఛేనిజకొ వాత్.,telugu_banjara_dictionary_master_file.docx
తొందరగా,/vegi/,adv.,early,जल्द,వేగి ఆజో.,telugu_banjara_dictionary_master_file.docx
తేనె,/madh/,n.,honey,शहद,మద్ మీట్ రఁచఁ.,telugu_banjara_dictionary_master_file.docx
తేనెటీగ,/madhmāki/,n.,honey bee,मधुमक्खी,మద్ మాకీ కాటి.,telugu_banjara_dictionary_master_file.docx
తైలం,/tēl/,n.,oil,तेल,-,telugu_banjara_dictionary_master_file.docx
తోక,/pūñchi/,n.,tail,पूँछ,కుక్కానే పూంఛి రచఁ.,telugu_banjara_dictionary_master_file.docx
తోట,/vādi/,n.,garden,बगीचा,వాడీమా ఝాడ్ ఛఁ.,telugu_banjara_dictionary_master_file.docx
తోటమాలి,/vādēvālō/,n.,gardener,माली,వాడేవాళో ఝాడేనఁ పాణీ పాడఁచఁ.,telugu_banjara_dictionary_master_file.docx
తోడు,/sāt/,n.,company,साथ,మార్ సాత్ ఆజో.,telugu_banjara_dictionary_master_file.docx
తోపుడు బండి,/dhakalēr gādi/,n.,push cart,हाथगाड़ी,-,telugu_banjara_dictionary_master_file.docx
దంతం / పన్ను,/dānt/,n.,tooth,दाँत,దాంత్ సాఫ్ కర్.,telugu_banjara_dictionary_master_file.docx
పప్పు / ధాన్యం,/dāḷ/,n.,pulse,दाल,చాణేర్ దాళ్ రాందఁచఁ.,telugu_banjara_dictionary_master_file.docx
దాసి / పనిమనిషి,/dāsi/,n.,female slave,दासी,దోయి దాసి రచఁ.,telugu_banjara_dictionary_master_file.docx
పగలు / దినము,/dādō/,n.,day,दिन,దాడొ వేగో.,telugu_banjara_dictionary_master_file.docx
ప్రతిరోజు / నిత్యం,/dādi/,adv.,daily,रोज,దాడి బడీన్ జో.,telugu_banjara_dictionary_master_file.docx
దండు,/dandu/,n.,army,सेना,-,telugu_banjara_dictionary_master_file.docx
దగ్గు,/khāmsi/,n./v.,cough,खाँसी,రాస్ ఖాంసి ఆరి.,telugu_banjara_dictionary_master_file.docx
దగ్గర,/dhayi/,adv.,near,पास,మార్ ఢఁయి ఆ.,telugu_banjara_dictionary_master_file.docx
దడ,/dada/,n.,palpitation,धड़कन,-,telugu_banjara_dictionary_master_file.docx
దబాయించు,/dabā/,v.,threaten,धमकाना,-,telugu_banjara_dictionary_master_file.docx
దమ్మిడి,/dammidi/,n.,small coin,दमड़ी,-,telugu_banjara_dictionary_master_file.docx
దర్బారు,/darbār/,n.,court,दरबार,-,telugu_banjara_dictionary_master_file.docx
దర్జీ,/darji/,n.,tailor,दर्जी,దర్జీ లత్తో సీదేచఁ.,telugu_banjara_dictionary_master_file.docx
దర్భా,/darbhā/,n.,sacred grass,कुश,-,telugu_banjara_dictionary_master_file.docx
దర్శనం,/darsan/,n.,sight,दर्शन,దేవేర్ దర్శనం కిదో.,telugu_banjara_dictionary_master_file.docx
దళం,/dalam/,n.,group,दल,-,telugu_banjara_dictionary_master_file.docx
దవడ,/jābdo/,n.,jaw,जबड़ा,-,telugu_banjara_dictionary_master_file.docx
దశ,/daśa/,n.,state,दशा,-,telugu_banjara_dictionary_master_file.docx
దశమి,/daśami/,n.,tenth day,दसवीं,-,telugu_banjara_dictionary_master_file.docx
దస్త్రం,/dastram/,n.,file,दस्तावेज़,-,telugu_banjara_dictionary_master_file.docx
దస్తావేజు,/dastāvēju/,n.,document,दस्तावेज़,-,telugu_banjara_dictionary_master_file.docx
దహనం,/dahanam/,n.,burning,दहन,-,telugu_banjara_dictionary_master_file.docx
దక్షిణం,/dakṣiṇam/,n.,south,दक्षिण,-,telugu_banjara_dictionary_master_file.docx
దాహం,/taras/,n.,thirst,प्यास,మన్ పాణీర్ తరస్ లాగీ.,telugu_banjara_dictionary_master_file.docx
దాచు,/gok/,v.,hide,छिपाना,పీసా గోక్ లఁ.,telugu_banjara_dictionary_master_file.docx
దాటడం,/datler/,v.,crossing,पार करना,నందీనఁ దాట్లేర్.,telugu_banjara_dictionary_master_file.docx
దారము,/dori/,n.,thread,धागा,దోరీతి లత్తో సీ.,telugu_banjara_dictionary_master_file.docx
దారి / మార్గం,/vāt/,n.,way; path,रास्ता; मार्ग,ఆచ్ వాటేతి చాల్.,telugu_banjara_dictionary_master_file.docx
దారిద్రం,/garib/,n.,poverty,दरिद्रता,-,telugu_banjara_dictionary_master_file.docx
దిక్కు / వైపు,/vadi/,n.,direction; side,ओर; तरफ,ఏ వడి ఆ.,telugu_banjara_dictionary_master_file.docx
దిద్దు,/acco kar/,v.,correct,सुधारना,ఖరాప్ లకేజకో అచ్చో కర్.,telugu_banjara_dictionary_master_file.docx
దినం,/dādō/,n.,day,दिन,-,telugu_banjara_dictionary_master_file.docx
దిబ్బ,/gatla/,n.,mound,टीला,-,telugu_banjara_dictionary_master_file.docx
దివిటీ,/kōlā/,n.,torch,मशाल,-,telugu_banjara_dictionary_master_file.docx
దీపం,/dīvō/,n.,lamp,दीपक; दीया,దీవో లగాడ్.,telugu_banjara_dictionary_master_file.docx
దీవించు,/āsis dē/,v.,bless,आशीर्वाद देना,యాడి బాపు ఆశీస్ దీదే.,telugu_banjara_dictionary_master_file.docx
దుంప,/gadda/,n.,tuber,कंद,-,telugu_banjara_dictionary_master_file.docx
దుఃఖం,/rōvēr/,n.,sorrow,दुःख,-,telugu_banjara_dictionary_master_file.docx
దురద,/khāj/,n.,itch,खुजली,జీవేపర్ ఖాజ్ ఆరి.,telugu_banjara_dictionary_master_file.docx
దురాశ,/jādā āśa/,n.,greed,लालच,-,telugu_banjara_dictionary_master_file.docx
దుస్తులు,/lattro/,n.,clothes,कपडे,ఆచ్ లత్తో ప్యార్.,telugu_banjara_dictionary_master_file.docx
దున్నడం,/dūner/,v.,ploughing,जोतना,ఖేత్ దూనేర్.,telugu_banjara_dictionary_master_file.docx
దుమ్ము,/dhūḷ/,n.,dust,धूल,రాస్ దూళ్ ఉడ్రి.,telugu_banjara_dictionary_master_file.docx
దుర్మార్గుడు,/kharāp madyat/,n.,wicked person,दुष्ट व्यक्ति,-,telugu_banjara_dictionary_master_file.docx
దూరం,/chēṭ/,n.,distance,दूर,గామ్ రాస్ ఛేట్ ఛఁ.,telugu_banjara_dictionary_master_file.docx
దూకు,/kūd/,v.,jump,कूदना,హేటఁ కూద్.,telugu_banjara_dictionary_master_file.docx
దెబ్బ,/cōt/,n.,hit; injury,चोट,హాతేపర్ చోట్ లాగ్గి.,telugu_banjara_dictionary_master_file.docx
దెయ్యం,/bhūt/,n.,ghost,भूत,రాత్ వణా భూత్ ఆవఁచఁ.,telugu_banjara_dictionary_master_file.docx
దేవత,/dēvi/,n.,goddess,देवी,మా దేవలేమా దేవి ఛఁ.,telugu_banjara_dictionary_master_file.docx
దేవుడు,/bhagvān/,n.,god,भगवान,భగవానేనఁ సోచ్.,telugu_banjara_dictionary_master_file.docx
దేహం,/jivdā/,n.,body,शरीर,-,telugu_banjara_dictionary_master_file.docx
దేశం,/dēś/,n.,country,देश,హమార్ దేశ్ భారత్.,telugu_banjara_dictionary_master_file.docx
దొండకాయ,/gōḷ/,n.,ivy gourd,कुंदरू,గోళ్ నొంగ్వాణ్ రాందచఁ.,telugu_banjara_dictionary_master_file.docx
దొంతి,/thappi/,n.,stack,ढेर,-,telugu_banjara_dictionary_master_file.docx
ధైర్యం,/himmat/,n.,courage,हिम्मत,హిమ్మత్ కరన్ కామ్ కర్.,telugu_banjara_dictionary_master_file.docx
ధనం,/pīsā/,n.,money,धन,-,telugu_banjara_dictionary_master_file.docx
ధన్యం,/pala/,n.,grains,अन्न,-,telugu_banjara_dictionary_master_file.docx
ధర్మం,/dharam/,n.,righteousness,धर्म,-,telugu_banjara_dictionary_master_file.docx
ధాన్యము,/dhān/,n.,grain,अनाज,డబ్బేమా ధాన్ ఘాల్.,telugu_banjara_dictionary_master_file.docx
ధాతువు,/dhātuvu/,n.,metal; root,धातु,-,telugu_banjara_dictionary_master_file.docx
నది,/nandi/,n.,river,नदी,నందిమా పాణీ జారి ఛఁ.,telugu_banjara_dictionary_master_file.docx
నడుము,/kad/,n.,waist,कमर,కడ్ దుక్రి.,telugu_banjara_dictionary_master_file.docx
నమ్మకం,/bharōsō/,n.,trust,विश्वास,తార్ పర మన్ భరోసో ఛఁ.,telugu_banjara_dictionary_master_file.docx
నలుపు,/kāḷō/,adj.,black,काला,కాళో రంగ్.,telugu_banjara_dictionary_master_file.docx
నవ్వడం,/hāmser/,v.,laughing,हँसना,హాంసేర్ ఆచ్ కామ్.,telugu_banjara_dictionary_master_file.docx
నవ్వు,/hāmsi/,n.,laugh,हँसी,హాంసి ఆరి.,telugu_banjara_dictionary_master_file.docx
నల్లని,/kāḷō/,adj.,black,काला,-,telugu_banjara_dictionary_master_file.docx
నష్టం,/khōt/,n.,loss,नुकसान,కామేమా ఖోట్ ఆయి.,telugu_banjara_dictionary_master_file.docx
నమిలేయడం,/cābnāker/,v.,chewing up,चबाना,ధాన్ చాబ్నకర్ ఖో.,telugu_banjara_dictionary_master_file.docx
నమస్కారం,/rām rām/,n.,salutation,नमस्ते,సేనఁ రామ్ రామ్ కం.,telugu_banjara_dictionary_master_file.docx
నారింజ,/nārañja/,n.,orange,नारंगी,నారింజ మీట్ రఁచఁ.,telugu_banjara_dictionary_master_file.docx
నలగడం,/curō vēro/,v.,being crushed,मसला जाना,-,telugu_banjara_dictionary_master_file.docx
నానబెట్టడం,/galēr/,v.,soaking,भिगोना,చాణేనఁ పాణీమా గాళ్.,telugu_banjara_dictionary_master_file.docx
నారు,/panēr/,n.,seedlings,पौध,క్యారేమా పనేర్ గాడ్.,telugu_banjara_dictionary_master_file.docx
నాలుక,/jīb/,n.,tongue,जीभ,జీబ్ బార్ కాడ్.,telugu_banjara_dictionary_master_file.docx
నిజం,/saccō/,n.,truth,सच,సచ్చో వాతే కం.,telugu_banjara_dictionary_master_file.docx
నిద్ర,/nind/,n.,sleep,नींद,నింద్ ఆరి.,telugu_banjara_dictionary_master_file.docx
నిలబడడం,/hūbō rēr/,v.,standing,खड़ा होना,ఒత్తె హూబో రే.,telugu_banjara_dictionary_master_file.docx
నిమ్మకాయ,/limbū/,n.,lemon,नींबू,లింబూ ఖాటో రఁచఁ.,telugu_banjara_dictionary_master_file.docx
నిరంతరం,/tvāyitōyi/,adv.,constantly,निरंतर; हमेशा,త్వాయితోయి సదూ.,telugu_banjara_dictionary_master_file.docx
నిచ్చెన,/khapti/,n.,ladder,सीढ़ी,ఖప్తి పర్ చడ్.,telugu_banjara_dictionary_master_file.docx
నిర్మాణం,/bhāndēr/,n.,construction,निर्माण,ఘర్ భాందేర్ కామ్.,telugu_banjara_dictionary_master_file.docx
నిర్లక్ష్యం,/ajagratta/,n.,negligence,उपेक्षा; लापरवाही,కామేమా అజాగ్రత్త కమత్.,telugu_banjara_dictionary_master_file.docx
నీడ,/chāyā/,n.,shadow,छाया,ఝాడేర్ ఛాయామా బ్యాస్.,telugu_banjara_dictionary_master_file.docx
నీరు,/pāņi/,n.,water,पानी,పాణీ పీ.,telugu_banjara_dictionary_master_file.docx
నువ్వు,/tū/,pron.,you,तुम; तू,తూ కేవి జారో.,telugu_banjara_dictionary_master_file.docx
నూనె,/tēl/,n.,oil,तेल,తేలేర్ పీప.,telugu_banjara_dictionary_master_file.docx
నెమలి,/mōr/,n.,peacock,मोर,మోర్ నాచ్రి.,telugu_banjara_dictionary_master_file.docx
నెల,/mīnā/,n.,month,महीना,ఏక్ మీనా వేగో.,telugu_banjara_dictionary_master_file.docx
నెయ్యి,/ghī/,n.,ghee,घी,ఘీ మీట్ రచఁ.,telugu_banjara_dictionary_master_file.docx
నేను,/ma/,pron.,I,मैं,మఁ గామ్ జారో.,telugu_banjara_dictionary_master_file.docx
నేల,/jammi/,n.,floor; ground,जमीन,జమ్మి పర్ బ్యాస్.,telugu_banjara_dictionary_master_file.docx
నేర్చుకో,/sik/,v.,learn,सीखो,వాతే సీక్.,telugu_banjara_dictionary_master_file.docx
నొప్పు,/dukro/,n.,pain,दर्द,జీవేమా దుక్రో ఆరి.,telugu_banjara_dictionary_master_file.docx
పగలు,/dādō/,n.,daytime,दिन,దాడొ వేగో.,telugu_banjara_dictionary_master_file.docx
పగ్గం,/gālā/,n.,tether,पगहा,బళదేనఁ గాళా ఘాల్.,telugu_banjara_dictionary_master_file.docx
పచ్చని,/harō/,adj.,green,हरा,హరో రంగ్.,telugu_banjara_dictionary_master_file.docx
పది,/das/,num.,ten,दस,దస్ రూప్యా.,telugu_banjara_dictionary_master_file.docx
పడుకో,/so/,v.,sleep; lie down,सो जाओ,వేగి సో.,telugu_banjara_dictionary_master_file.docx
పద్ధతి,/kanni/,n.,method,पद्धति,తార్ కామేర్ కణ్ణి.,telugu_banjara_dictionary_master_file.docx
పనిమనిషి,/dāsi/,n.,maid,नौकरानी,దానితో కామ్ కరా.,telugu_banjara_dictionary_master_file.docx
పప్పు,/dāḷ/,n.,lentils,दाल,దాళ్ రాందఁ.,telugu_banjara_dictionary_master_file.docx
పన్నెండు,/bāram/,num.,twelve,बारह,బారమ్ మీనా.,telugu_banjara_dictionary_master_file.docx
పన్ను,/dānt/,n.,tooth,दाँत,దాంత్ సాఫ్ కర్.,telugu_banjara_dictionary_master_file.docx
పప్పు ధాన్యం,/dhān/,n.,pulses,अनाज,డబ్బేమా ధాన్ ఘాల్.,telugu_banjara_dictionary_master_file.docx
పరుపు,/goddi/,n.,mattress,गद्दा,గొడ్డి పర్ సో.,telugu_banjara_dictionary_master_file.docx
పరిగెత్తు,/dapat/,v.,run,दौड़ना,జల్ది దపట్.,telugu_banjara_dictionary_master_file.docx
పరువం,/mōt/,n.,youth,जवानी,యవ్వనంలో ఉన్నావు.,telugu_banjara_dictionary_master_file.docx
పలక,/pati/,n.,slate,पाटी,పాటి పర్ లక్.,telugu_banjara_dictionary_master_file.docx
పలకరించు,/pūmcan/,v.,greet,पूछना,వోనఁ పూంఛ్.,telugu_banjara_dictionary_master_file.docx
పల్చని,/pātḷō/,adj.,thin,पतला,పాత్ళో లత్తో.,telugu_banjara_dictionary_master_file.docx
పవడము,/mungā/,n.,coral,मूंगा,మెడలో పవడాల గొలుసు.,telugu_banjara_dictionary_master_file.docx
పసుపు,/piḷō/,adj.,yellow,पीला,పిళో రంగ్.,telugu_banjara_dictionary_master_file.docx
పక్షి,/pakṣi/,n.,bird,पक्षी,ఆకాసేమా పక్షి.,telugu_banjara_dictionary_master_file.docx
పడగొట్టు,/pādnāk/,v.,to fell,गिरा देना,ఝాడేనఁ పాడ్నాక్.,telugu_banjara_dictionary_master_file.docx
పాట,/gīd/,n.,song,गीत,ఆచొ గీద్ బోల్.,telugu_banjara_dictionary_master_file.docx
పాము,/sāp/,n.,snake,साँप,సాప్ ఆయో.,telugu_banjara_dictionary_master_file.docx
పాయసం,/lapsi/,n.,porridge,खीर,లప్సి రాందఁ.,telugu_banjara_dictionary_master_file.docx
పారాణి,/mendi/,n.,henna,मेहंदी,హాతేమా మేంది లగాడ్.,telugu_banjara_dictionary_master_file.docx
పాలకూర,/pālāk/,n.,spinach,पालक,పాలాక్ భాజ్జి.,telugu_banjara_dictionary_master_file.docx
పాలు,/dūd/,n.,milk,दूध,దూద్ పీ.,telugu_banjara_dictionary_master_file.docx
పావలా,/pāvalā/,n.,quarter rupee,पच्चीस पैसे,పావలా పీసా.,telugu_banjara_dictionary_master_file.docx
పావురం,/kabūtar/,n.,pigeon,कबूतर,కబూతర్ ఉడ్రి.,telugu_banjara_dictionary_master_file.docx
పాసం,/dori/,n.,tether,फांसी,దోరీతి పాసం.,telugu_banjara_dictionary_master_file.docx
పిత్రార్జితం,/bāpēro/,n.,patrimony,पैतृक संपत्ति,బాపేరో జమ్మి.,telugu_banjara_dictionary_master_file.docx
పిల్లి,/bissi/,n.,cat,बिल्ली,బిస్సి దూద్ పీది.,telugu_banjara_dictionary_master_file.docx
పిండి,/ātō/,n.,flour,आटा,గోధుమ పిండితో రొట్టెలు చేస్తారు.,telugu_banjara_dictionary_master_file.docx
పిట్ట,/pakṣi/,n.,bird,पक्षी,ఝాడే పర్ పక్షి బ్యాటోచఁ.,telugu_banjara_dictionary_master_file.docx
పిడికిలి,/gulcā/,n.,fist,मुट्ठी,ముష్టితో కొట్టకు.,telugu_banjara_dictionary_master_file.docx
పిచ్చి,/ghēlo/,adj.,mad,पागल,ఊ ఘేలో ఆద్మీ.,telugu_banjara_dictionary_master_file.docx
పిడుగు,/vadi/,n.,thunderbolt,बिजली,వర్షం కురిసినప్పుడు పిడుగు పడింది.,telugu_banjara_dictionary_master_file.docx
పీప,/dabbō/,n.,barrel; tin,डिब्बा,తేలేర్ డబ్బో.,telugu_banjara_dictionary_master_file.docx
పీత,/kyānkdō/,n.,crab,केकड़ा,సంద్రేమా క్యాంక్డో రచఁ.,telugu_banjara_dictionary_master_file.docx
పులి,/janavar/,n.,tiger,बाघ,అడ్బీమా జనావర్ ఛఁ.,telugu_banjara_dictionary_master_file.docx
పురుగు,/kīdā/,n.,insect,कीड़ा,కూరలో పురుగు ఉంది.,telugu_banjara_dictionary_master_file.docx
పుట్ట,/bommayi/,n.,anthill,बांबी,బొమ్మయిమా సాప్ రచఁ.,telugu_banjara_dictionary_master_file.docx
పువ్వు,/phūl/,n.,flower,फूल,ఫూలేర్ వాడి.,telugu_banjara_dictionary_master_file.docx
పుస్తకం,/vai/,n.,book,किताब,వైమా లక్.,telugu_banjara_dictionary_master_file.docx
పునాది,/pādi/,n.,foundation,नींव,ఘరేర్ పాది.,telugu_banjara_dictionary_master_file.docx
పూసలు,/pōt/,n.,beads,मनका,మెడలో పూసల గొలుసు.,telugu_banjara_dictionary_master_file.docx
పెండ్లి,/vayā/,n.,wedding,विवाह,వాయా ఆచ్చో వేగో.,telugu_banjara_dictionary_master_file.docx
పెండ్లం,/gvāṇṇi/,n.,wife,पत्नी,మార్ గ్వాణ్ణి.,telugu_banjara_dictionary_master_file.docx
పెంకు,/thikri/,n.,tile,खपरैल,థిక్రి ఘరేపర్ ఛాపఁ.,telugu_banjara_dictionary_master_file.docx
పెందలాడే,/vēgi/,adv.,early,जल्द,వేగి ఆజో.,telugu_banjara_dictionary_master_file.docx
పెద్ద,/mōtō/,adj.,big,बड़ा,మోటో గామ్.,telugu_banjara_dictionary_master_file.docx
పేరు,/nām/,n.,name,नाम,తార్ నామ్ కాఁయి.,telugu_banjara_dictionary_master_file.docx
పెదవి,/vōt/,n.,lip,ओठ,వూట్ పర్ గాట్.,telugu_banjara_dictionary_master_file.docx
పెంట,/okoldi/,n.,manure,खाद,పేడను పెంటకుప్పలో వెయ్యి.,telugu_banjara_dictionary_master_file.docx
పై / పైన,/upar/,prep.,above,ऊपर,జమ్మి పర్ బ్యాస్.,telugu_banjara_dictionary_master_file.docx
పొలం,/khēt/,n.,field,खेत,ఖేతేమా కామ్.,telugu_banjara_dictionary_master_file.docx
పొట్ట,/pēt/,n.,stomach,पेट,పేటేమా దుక్రో.,telugu_banjara_dictionary_master_file.docx
పొట్టి,/nañkā/,adj.,short,नाटा,నంకా ఆద్మీ.,telugu_banjara_dictionary_master_file.docx
పొత్తు,/sāt/,n.,alliance,गठबंधन,దోయి గామ్ సాత్.,telugu_banjara_dictionary_master_file.docx
పొద్దున్నే,/parbāti/,adv.,morning,सुबह,పర్బాతి వేగి ఊట్.,telugu_banjara_dictionary_master_file.docx
పొట్టు,/cūrō/,n.,husk,भूसा,ధానేర్ చూరో.,telugu_banjara_dictionary_master_file.docx
పోరాటం,/laḍāyi/,n.,struggle,संघर्ष,న్యాయ్ వాసు లడాయి.,telugu_banjara_dictionary_master_file.docx
పోగు,/thappi/,n.,heap,ढेर,లక్డేర్ థప్పి.,telugu_banjara_dictionary_master_file.docx
పోలిక,/sarkō/,n.,resemblance,समानता,యాడి సార్కో ఛ్వారా.,telugu_banjara_dictionary_master_file.docx
పోతు,/mōḍā/,n.,male animal,नर पशु,గొర్లేర్ మోడా.,telugu_banjara_dictionary_master_file.docx
ప్రకృతి,/jagse/,n.,nature,प्रकृति,జగసే రాస్ ఆచ్.,telugu_banjara_dictionary_master_file.docx
ప్రజలు,/jan/,n.,people,लोग,గామేర్ జన్.,telugu_banjara_dictionary_master_file.docx
ప్రభుత్వం,/sarkār/,n.,government,सरकार,సార్కార్ కామ్.,telugu_banjara_dictionary_master_file.docx
ప్రమాదం,/khatrā/,n.,danger,खतरा,ఖత్రామా చూ.,telugu_banjara_dictionary_master_file.docx
ప్రయాణం,/musāphari/,n.,travel,यात्रा,గామేనఁ ముసాఫరి.,telugu_banjara_dictionary_master_file.docx
ప్రతి,/harkō/,adj.,every,प्रत्येक,హర్కో దాడొ.,telugu_banjara_dictionary_master_file.docx
ప్రక్క,/dhayi/,n.,beside,बगल,మార్ ఢఁయి బ్యాస్.,telugu_banjara_dictionary_master_file.docx
ఫలం,/phal/,n.,fruit,फल,మీట్ ఫల్.,telugu_banjara_dictionary_master_file.docx
ఫలహారం,/khōrāki/,n.,breakfast,जलपान,పర్బాతి ఖోరాకి.,telugu_banjara_dictionary_master_file.docx
ఫర్వాలేదు,/kāyi kōni/,phrase.,it's okay,कोई बात नहीं,కాఁయి కోని కామ్ కర్.,telugu_banjara_dictionary_master_file.docx
ఫ్యాన్,/pankhā/,n.,fan,पंखा,పంకా లాగాడ్.,telugu_banjara_dictionary_master_file.docx
ఫిర్యాదు,/khabār/,n.,complaint,शिकायत,పోలీసేనఁ ఖబార్ దె.,telugu_banjara_dictionary_master_file.docx
ఫోటో,/mūrat/,n.,photo,फोटो,మూరత్ దేక్.,telugu_banjara_dictionary_master_file.docx
బట్ట,/latto/,n.,cloth,कपड़ा,ఆచొ లత్తో.,telugu_banjara_dictionary_master_file.docx
బండి,/gāḍi/,n.,vehicle; cart,गाड़ी,బండి చలా.,telugu_banjara_dictionary_master_file.docx
బలం,/jōr/,n.,strength,बल; शक्ति,జోర్తి కామ్ కర్.,telugu_banjara_dictionary_master_file.docx
బలవంతం,/jōrbār/,n.,compulsion,जबरदस्ती,జోర్బార్ కమత్.,telugu_banjara_dictionary_master_file.docx
బహుమతి,/inām/,n.,gift,उपहार,మన్ ఇనామ్ దొక్కి.,telugu_banjara_dictionary_master_file.docx
బలపం,/balapam/,n.,slate pencil,लेखनी,బలపం తి లక్.,telugu_banjara_dictionary_master_file.docx
బల్లి,/kirkindi/,n.,lizard,छिपकली,గోడా పర్ కిర్కిండి.,telugu_banjara_dictionary_master_file.docx
బహుశా,/andājō/,adv.,perhaps,शायद,అందాజో ఊ ఆచ్చోజ్.,telugu_banjara_dictionary_master_file.docx
బావి,/kiyō/,n.,well,कुआँ,ఢాబేమా పాణీ ఛఁ.,telugu_banjara_dictionary_master_file.docx
బాధ్యత,/jimmedāri/,n.,responsibility,उत्तरदायित्व,తార్ జిమ్మేదారి.,telugu_banjara_dictionary_master_file.docx
బామ్మ,/dādi/,n.,grandmother,दादी,హమార్ దాడి.,telugu_banjara_dictionary_master_file.docx
బాబాయి,/kāka/,n.,uncle,चाचा,బాపేర్ భాయినఁ కాక కన్ కఁచఁ.,telugu_banjara_dictionary_master_file.docx
బిందె,/tōkanō/,n.,pot,घड़ा,టోకణోమా పాణీ భర్.,telugu_banjara_dictionary_master_file.docx
బీరువా,/almār/,n.,cupboard,अलमारी,అల్మారేమా లత్తో ఘాల్.,telugu_banjara_dictionary_master_file.docx
బుద్ధి,/akal/,n.,intellect,बुद्धि,ఆచొ అకల్.,telugu_banjara_dictionary_master_file.docx
బొమ్మ,/mūrat/,n.,image/toy,चित्र; खिलौना,మూరత్ దేక్.,telugu_banjara_dictionary_master_file.docx
బొగ్గు,/kolyā/,n.,charcoal,कोयला,కొల్యా బాళ్.,telugu_banjara_dictionary_master_file.docx
బేరం,/mōl/,n.,bargain,सौदा,ఆచొ మోల్ కర్.,telugu_banjara_dictionary_master_file.docx
బరువు,/bhāri/,n.,weight,भार,రాస్ భారి ఛఁ.,telugu_banjara_dictionary_master_file.docx
బలహీనత,/kamjōr/,n.,weakness,कमजोरी,జీవేమా కమ్ జోరి.,telugu_banjara_dictionary_master_file.docx
బయట,/bār/,adv.,outside,बाहर,బార్ జో.,telugu_banjara_dictionary_master_file.docx
బట్టలు,/lattro/,n.,clothes,कपड़े,లత్తో ప్యార్.,telugu_banjara_dictionary_master_file.docx
బదులు,/badlam/,adv.,instead,बदले,మార్ బదులుగా.,telugu_banjara_dictionary_master_file.docx
బంగారం,/sonu/,n.,gold,सोना,సోనేర్ కొల్డా.,telugu_banjara_dictionary_master_file.docx
బలవంతుడు,/jōrēvālō/,n.,strong man,बलवान,జోరేవాళో మనిక్యా.,telugu_banjara_dictionary_master_file.docx
బానిస,/gulām/,n.,slave,गुलाम,గులామ్ కామ్.,telugu_banjara_dictionary_master_file.docx
బాట,/vāt/,n.,path,रास्ता,ఆచొ వాట్.,telugu_banjara_dictionary_master_file.docx
బాన,/tōkani/,n.,large pot,बड़ा बर्तन,టోకణిమా పాణీ.,telugu_banjara_dictionary_master_file.docx
బాణం,/tīr/,n.,arrow,तीर,తీర్ ఖ్యాంచన్.,telugu_banjara_dictionary_master_file.docx
బార్లీ,/bārli/,n.,barley,जौ,బార్లీ పాణీ.,telugu_banjara_dictionary_master_file.docx
బాల్యము,/nānpari/,n.,childhood,बचपन,నాన్ పరి కామ్.,telugu_banjara_dictionary_master_file.docx
బిడ్డ,/chvārā/,n.,child,बच्चा,మార్ ఛ్వారా.,telugu_banjara_dictionary_master_file.docx
బిగ్గరగా,/jōrti/,adv.,loudly,जोर से,జోర్తి కం.,telugu_banjara_dictionary_master_file.docx
బిగువు,/kātto/,adj.,tight,कसा हुआ,కాత్తో భాంద్.,telugu_banjara_dictionary_master_file.docx
బిళ్ళ,/tikri/,n.,tablet/disk,टिकिया,దవా తి క్రి.,telugu_banjara_dictionary_master_file.docx
బీద,/garīb/,adj.,poor,गरीब,గరీబ్ ఆద్మీ.,telugu_banjara_dictionary_master_file.docx
బుడగ,/phuggō/,n.,bubble/balloon,गुब्बारा,పాణీమా ఫుగ్గో.,telugu_banjara_dictionary_master_file.docx
బుట్ట,/tappal/,n.,basket,टोकरी,టప్పలేమా ఫల్.,telugu_banjara_dictionary_master_file.docx
బుధవారం,/budhvār/,n.,Wednesday,बुधवार,ఆజ్ బుధవార్.,telugu_banjara_dictionary_master_file.docx
బురద నేల,/kincēvāl jammi/,n.,marshy land,दलदल,-,telugu_banjara_dictionary_master_file.docx
బుస,/phumkār/,n.,hissing,फुंकार,సాపేర్ ఫుంకార్.,telugu_banjara_dictionary_master_file.docx
బూజు,/kodiyār tār/,n.,cobweb,मकड़ी का जाला,కోడియార్ తార్ సాఫ్ కర్.,telugu_banjara_dictionary_master_file.docx
బూడిద,/rākh/,n.,ash,राख,అంగారేర్ రాక్.,telugu_banjara_dictionary_master_file.docx
బూతులు,/gāli/,n.,abuses,गाली,గాలి తిట్టమత్.,telugu_banjara_dictionary_master_file.docx
బృందం,/jhūnd/,n.,group,समूह,మనీక్యానూర్ ఝూండ్.,telugu_banjara_dictionary_master_file.docx
బెజ్జం,/vēj/,n.,hole,छेद,గోడామా వేజ్.,telugu_banjara_dictionary_master_file.docx
బెడద,/khatlo/,n.,trouble,मुसीबत,రాస్ ఖట్లో.,telugu_banjara_dictionary_master_file.docx
బెత్తం,/khādi/,n.,cane,छड़ी,ఖాడితి మార్.,telugu_banjara_dictionary_master_file.docx
బెదురు,/darnāk/,v.,be afraid,डरना,డర్నాక్ మత్.,telugu_banjara_dictionary_master_file.docx
బెల్టు,/pattā/,n.,belt,बेल्ट,కడే పర్ పట్టా.,telugu_banjara_dictionary_master_file.docx
బేరియం,/bēriyam/,n.,barium,बेरियम,-,telugu_banjara_dictionary_master_file.docx
బైబిల్,/baibil/,n.,Bible,बाइबिल,బైబిల్ సదూ.,telugu_banjara_dictionary_master_file.docx
బొటనవేలు,/mōtō āngli/,n.,thumb,अंगूठा,మోటో ఆంగ్లీ.,telugu_banjara_dictionary_master_file.docx
బొద్దుగా,/jāḍō/,adj.,fat,मोटा,జాడొ ఛ్వారా.,telugu_banjara_dictionary_master_file.docx
బోను,/piñjrā/,n.,cage,पिंजरा,కుక్కార్ పింజ్రా.,telugu_banjara_dictionary_master_file.docx
భజన,/bhajan/,n.,devotional song,भजन,దేవేర్ భజన్.,telugu_banjara_dictionary_master_file.docx
భయం,/ḍar/,n.,fear,डर,మన్ రాస్ డర్ లాగీ.,telugu_banjara_dictionary_master_file.docx
భర్త,/gharēvālō/,n.,husband,पति,మార్ ఘరేవాళో.,telugu_banjara_dictionary_master_file.docx
భాగం,/vānṭā/,n.,part; share,भाग; हिस्सा,ఏక్ వాంటా మనఁ దె.,telugu_banjara_dictionary_master_file.docx
భారము,/bhāri/,n.,weight; burden,भार,రాస్ భారి ఛఁ.,telugu_banjara_dictionary_master_file.docx
భారీ,/mōṭō/,adj.,massive,भारी; बड़ा,మోటో కామ్.,telugu_banjara_dictionary_master_file.docx
భార్య,/gvāṇṇi/,n.,wife,पत्नी,మార్ గ్వాణ్ణి.,telugu_banjara_dictionary_master_file.docx
భావన,/sōc/,n.,feeling; thought,भावना; विचार,తార్ సోచ్.,telugu_banjara_dictionary_master_file.docx
భాష,/bōli/,n.,language,भाषा,హమార్ బోలి గోర్ బోలి.,telugu_banjara_dictionary_master_file.docx
భిక్ష,/māṅgaṇ/,n.,alms,भीख,భిక్షా మాంగేర్.,telugu_banjara_dictionary_master_file.docx
భుజం,/kāndō/,n.,shoulder,कंधा,కాందే పర్ మోట్రూ.,telugu_banjara_dictionary_master_file.docx
భూమి,/jammi/,n.,earth; land,भूमि; जमीन,జమ్మి పర్ ధాన్.,telugu_banjara_dictionary_master_file.docx
భేదం,/tapāvati/,n.,difference,भेद; अंतर,దోయీమా తపావత్.,telugu_banjara_dictionary_master_file.docx
భోజనం,/dhān/,n.,meal; food,भोजन; खाना,ధాన్ ఖో.,telugu_banjara_dictionary_master_file.docx
మంచం,/khāṭ/,n.,bedstead,खाट; पलंग,ఖಾಟే పర్ సో.,telugu_banjara_dictionary_master_file.docx
మంచి,/āccō/,adj.,good,अच्छा,ఆచ్చో కామ్.,telugu_banjara_dictionary_master_file.docx
మండలం,/maṇḍalam/,n.,region; taluk,मंडल; तालुका,హమార్ మండలం.,telugu_banjara_dictionary_master_file.docx
మతం,/jāt/,n.,religion,धर्म; मजहब,హమార్ జాత్.,telugu_banjara_dictionary_master_file.docx
మట్టి,/māṭi/,n.,soil; mud,मिट्टी,జమ్మి పర్ మాటి.,telugu_banjara_dictionary_master_file.docx
మడమ,/ēḍi/,n.,heel,एड़ी,ఏడి పర్ వించు కాటో.,telugu_banjara_dictionary_master_file.docx
మద్యం,/dārū/,n.,alcohol,शराब; मदिरा,దారూ పీయేర్ ఖరాప్.,telugu_banjara_dictionary_master_file.docx
మధురం,/mīṭō/,adj.,sweet,मधुर; मीठा,వాతే మీట్ రచఁ.,telugu_banjara_dictionary_master_file.docx
మధ్య,/māyī/,prep.,between; middle,बीच में,దోయీర్ మాయి.,telugu_banjara_dictionary_master_file.docx
మధ్యన,/vicmā/,adv.,amidst,बीच में,వీచ్మా బ్యాస్.,telugu_banjara_dictionary_master_file.docx
మనస్సు,/man/,n.,mind,मन; हृदय,మార్ మన్.,telugu_banjara_dictionary_master_file.docx
మనుషులు,/jan/,n.,people; humans,लोग; मनुष्य,రాస్ జన్ ఆయే.,telugu_banjara_dictionary_master_file.docx
మనుమడు,/pōtrō/,n.,grandson,पोता,మార్ పోత్రో.,telugu_banjara_dictionary_master_file.docx
మనుమరాలు,/pōtri/,n.,granddaughter,पोती,మార్ పోత్రి.,telugu_banjara_dictionary_master_file.docx
మరణం,/marēr/,n.,death,मृत्यु; मौत,వోర్ మరేర్ వేగో.,telugu_banjara_dictionary_master_file.docx
మరమ్మత్తు,/āccō karēr/,n.,repair,मरम्मत,మోటర్ ఆచ్చోకర్.,telugu_banjara_dictionary_master_file.docx
మర్రి,/baḍ/,n.,banyan tree,बरगद,బడ్ ఝాడ్.,telugu_banjara_dictionary_master_file.docx
మలబద్ధకం,/pēṭ sāph chēnija-/,n.,constipation,कब्ज,పేట్ సాఫ్ ఛేని.,telugu_banjara_dictionary_master_file.docx
మలం,/gū/,n.,excrement,मल; विष्ठा,గూ సాఫ్ కర్.,telugu_banjara_dictionary_master_file.docx
మల్లె,/malle/,n.,jasmine,चमेली,మల్లె ఫూల్.,telugu_banjara_dictionary_master_file.docx
మళ్ళీ,/pharan/,adv.,again,फिर; दोबारा,ఫరన్ ఆ.,telugu_banjara_dictionary_master_file.docx
మసాలా,/masālā/,n.,spices,मसाला,నొంగ్వాణేమా మసాలా.,telugu_banjara_dictionary_master_file.docx
మడుగు,/ḍōh/,n.,pond; pool,कुंड; पोखर,పాణీర్ డోహ్.,telugu_banjara_dictionary_master_file.docx
మద్దతు,/āsarō/,n.,support,समर्थन; सहारा,మన్ వోర్ ఆసరో ఛఁ.,telugu_banjara_dictionary_master_file.docx
మద్యపానం,/dārū pīyēro/,n.,drinking alcohol,मद्यपान,-,telugu_banjara_dictionary_master_file.docx
మధ్యహ్నం,/dopper/,n.,afternoon,दोपहर,దొప్పెర్ వేగి.,telugu_banjara_dictionary_master_file.docx
మనమంతా,/āpaṇ se/,pron.,all of us,हम सब,ఆపణ్ సే భాళన్.,telugu_banjara_dictionary_master_file.docx
మనము,/āpaṇ/,pron.,we,हम,ఆపణ్ గామ్ జామా.,telugu_banjara_dictionary_master_file.docx
మనిషి,/manikyā/,n.,person,आदमी; इंसान,ఆచ్చో మని క్యా.,telugu_banjara_dictionary_master_file.docx
మనీలా,/manīlā/,n.,Manila,मनीला,-,telugu_banjara_dictionary_master_file.docx
మనుగడ,/bancēr/,n.,survival,अस्तित्व; उत्तरजीविता,బంచేర్ వాసు.,telugu_banjara_dictionary_master_file.docx
మనోవేదన,/manēr dukrō/,n.,mental agony,व्यथा; पीड़ा,-,telugu_banjara_dictionary_master_file.docx
మమ్మల్ని,/hamen/,pron.,us,हमें,హమేనఁ పూంఛ్.,telugu_banjara_dictionary_master_file.docx
మరణించు,/margo/,v.,to die,मरना,ఊ మర్గో.,telugu_banjara_dictionary_master_file.docx
మరల,/pharan/,adv.,once more,पुनः,ఫరన్ కం.,telugu_banjara_dictionary_master_file.docx
మరి,/ajji/,conj.,and then,और; फिर,అజ్జి కాఁయి.,telugu_banjara_dictionary_master_file.docx
మరికొంత,/ajji dasek/,adj.,some more,थोड़ा और,అజ్జి దస్సేక్ దె.,telugu_banjara_dictionary_master_file.docx
మరియు,/un/,conj.,and,और,మఁ ఊన్ తూ.,telugu_banjara_dictionary_master_file.docx
మరుగుజ్జు,/naṅkā/,n.,dwarf,बौना,నంకా ఆద్మీ.,telugu_banjara_dictionary_master_file.docx
మరుగుదొడ్డి,/sāṇḍās/,n.,toilet,शौचालय,సాండాస్ జో.,telugu_banjara_dictionary_master_file.docx
మర్మం,/khēdō/,n.,secret,रहस्य; भेद,వోమా ఏక్ ఖేదో ఛఁ.,telugu_banjara_dictionary_master_file.docx
మర్దన,/malis/,n.,massage,मालिश,జీవేపర్ మాలీస్ కర్.,telugu_banjara_dictionary_master_file.docx
మాడు / కాల్చు,/bāḷ/,v.,burn; scorch,जलना; जलाना,ధాన్ బాళ్నాకే.,telugu_banjara_dictionary_master_file.docx
మాదిరి,/tarkō/,n.,pattern; model,नमूना; तरह,యే తర్కో.,telugu_banjara_dictionary_master_file.docx
మాధ్యమిక,/vicmār/,adj.,secondary,माध्यमिक,-,telugu_banjara_dictionary_master_file.docx
మానవతా,/mānavatā/,n.,humanity,मानवता,-,telugu_banjara_dictionary_master_file.docx
మానసికమైన,/manēr/,adj.,mental,मानसिक,మనేర్ వాతే.,telugu_banjara_dictionary_master_file.docx
మానించు,/thambā/,v.,stop; desist,रोकना,కామ్ థంబా.,telugu_banjara_dictionary_master_file.docx
మామ,/māmō/,n.,uncle (maternal),मामा,మార్ మామో ఆయో.,telugu_banjara_dictionary_master_file.docx
మాయాజాలం,/gāraḍi/,n.,magic,मायाजाल; जादू,గారడి దేక్.,telugu_banjara_dictionary_master_file.docx
మారడం,/badlēr/,v.,changing,बदलना,వేళా బడ్లేర్.,telugu_banjara_dictionary_master_file.docx
మారుమూల,/konārō/,n.,remote place,कोना; सुदूर,కోనారో గామ్.,telugu_banjara_dictionary_master_file.docx
మార్చడం,/badlā/,v.,to change,बदलना,లత్తో బడ్లా.,telugu_banjara_dictionary_master_file.docx
మార్చు,/badal/,v.,change,बदलो,వాతే బాదల్.,telugu_banjara_dictionary_master_file.docx
మాల,/hār/,n.,garland,माला; हार,ఫూలేర్ హార్.,telugu_banjara_dictionary_master_file.docx
మింగు,/gal/,v.,swallow,निगलना,ముండెమార్ పాణీ గళ్.,telugu_banjara_dictionary_master_file.docx
మిగలడం,/rejavam/,v.,remaining,बचना,ధాన్ రేజాగో.,telugu_banjara_dictionary_master_file.docx
మిగిలిన,/rejakō/,adj.,leftover,शेष; बचा हुआ,రేజకో పీసా.,telugu_banjara_dictionary_master_file.docx
మిట్ట పగటి పూట,/khās dopper/,n.,midday,कड़ी दोपहर,ఖాస్ దొప్పెర్.,telugu_banjara_dictionary_master_file.docx
మిఠాయి,/mithayi/,n.,sweetmeat,मिठाई,మిఠాయి మీట్ రచఁ.,telugu_banjara_dictionary_master_file.docx
మిత్రుడు,/sōpti/,n.,friend,मित्र; दोस्त,మార్ సోప్తి ఆయో.,telugu_banjara_dictionary_master_file.docx
మిరప కాయ,/marci/,n.,chilli,मिर्च,మర్చి రాస్ మండుచఁ.,telugu_banjara_dictionary_master_file.docx
మిరియాల,/kāḷi marce/,adj.,peppery,काली मिर्च,కాళి మర్చి పొడి.,telugu_banjara_dictionary_master_file.docx
మీరు,/tam/,pron.,you (plural/formal),आप; तुम,తమ్ కేవి జారేచో.,telugu_banjara_dictionary_master_file.docx
మీసాలు,/mūchā/,n.,mustache,मूँछ,మోటో మూఛా.,telugu_banjara_dictionary_master_file.docx
ముంగీస,/mungis/,n.,mongoose,नेवला,ముంగిస్ సాపేనఁ మార్నాకి.,telugu_banjara_dictionary_master_file.docx
ముంచడం,/dubāḍ/,v.,dipping,डुबोना,పాణీమా డుబాడ్.,telugu_banjara_dictionary_master_file.docx
ముంచు,/dubā/,v.,sink,डुबाना,పాణీమా డుబా.,telugu_banjara_dictionary_master_file.docx
ముంత,/tokani/,n.,small pot,लुटिया,టోకణిమా పాణీ.,telugu_banjara_dictionary_master_file.docx
ముందరి,/agdiyō/,adj.,front; former,पिछला; सामने का,అగ్డియో వాట్.,telugu_banjara_dictionary_master_file.docx
ముందు,/āṅgas/,adv.,before; in front,आगे; पहले,ఆంగస్ జో.,telugu_banjara_dictionary_master_file.docx
ముందు చేయాలి,/āṅgas karṇu/,v.,must do first,पहले करना चाहिए,-,telugu_banjara_dictionary_master_file.docx
ముక్క,/tokḍā/,n.,piece,टुकड़ा,ఒక ముక్క ఇవ్వు.,telugu_banjara_dictionary_master_file.docx
ముక్కు,/nāk/,n.,nose,नाक,నాక్ సాఫ్ కర్.,telugu_banjara_dictionary_master_file.docx
ముక్కు పుడక,/nath/,n.,nose stud,नथ,నాకేమా నత్.,telugu_banjara_dictionary_master_file.docx
ముక్కు పోగు,/nathni/,n.,nose ring,नथनी,-,telugu_banjara_dictionary_master_file.docx
ముక్కుతో పీల్చు,/nāketi khīñc/,v.,sniff,नाक से खींचना,-,telugu_banjara_dictionary_master_file.docx
ముగించు,/khuṭāḍ/,v.,finish,समाप्त करना,కామ్ ఖుటాడ్.,telugu_banjara_dictionary_master_file.docx
ముగింపు,/ākhari/,n.,end,अंत; समाप्ति,కామేర్ ఆఖరి.,telugu_banjara_dictionary_master_file.docx
ముగిసిన,/khuṭājako/,adj.,finished,समाप्त,ఖుటాజకో కామ్.,telugu_banjara_dictionary_master_file.docx
ముట్టని,/chumtēni/,adj.,untouched,अछूत,చుంత్తేనిజకో విస్రా.,telugu_banjara_dictionary_master_file.docx
ముట్టు,/chum/,v.,touch,छूना,యేనఁ చుమ్ మత్.,telugu_banjara_dictionary_master_file.docx
ముడి,/gāṇṭ/,n.,knot,गाँठ,దోరీనఁ గాంట్ భాంద్.,telugu_banjara_dictionary_master_file.docx
ముత్తాత,/pan dādā/,n.,great grandfather,परदादा,-,telugu_banjara_dictionary_master_file.docx
ముదిరిన,/pakkō/,adj.,mature; ripe,पका हुआ,పక్కో ఫల్.,telugu_banjara_dictionary_master_file.docx
ముదురు ఎరుపు,/pakkō lāl/,adj.,dark red,गहरा लाल,-,telugu_banjara_dictionary_master_file.docx
ముద్ద,/kvāḷ/,n.,morsel,निवाला,ఏక్ క్వాళ్ ధాన్.,telugu_banjara_dictionary_master_file.docx
ముద్దగా చెయ్యి,/kvāḷ kar/,v.,to make a lump,मुद्दा बनाना,-,telugu_banjara_dictionary_master_file.docx
ముద్దు,/cūm/,n.,kiss,चूम; प्यार,యాడీర్ చూమ్.,telugu_banjara_dictionary_master_file.docx
ముద్దు మాటలు,/mīṭ vātē/,n.,sweet words,प्यारी बातें,-,telugu_banjara_dictionary_master_file.docx
ముద్దుగా,/lāḍēti/,adv.,affectionately,प्यार से,లాడేతి బోల్.,telugu_banjara_dictionary_master_file.docx
ముద్దుల బిడ్డ,/lāḍkā/,n.,darling child,प्यारा बच्चा,-,telugu_banjara_dictionary_master_file.docx
ముద్దులాడు,/cumēr/,v.,caress,दुलारना,-,telugu_banjara_dictionary_master_file.docx
ముద్ర,/nishāṇi/,n.,stamp/seal,मुद्रा; छाप,నిషాణి ఘాల్.,telugu_banjara_dictionary_master_file.docx
ముద్రించు,/nishāṇi ghal/,v.,to print,छापना,-,telugu_banjara_dictionary_master_file.docx
మునిగింది,/ḍubgi/,v.,submerged,डूब गया,బండి పాణీమా డుబ్గి.,telugu_banjara_dictionary_master_file.docx
మునుగు,/ḍūsgō/,v.,to sink,डूबना,పాణీమా డుస్గో.,telugu_banjara_dictionary_master_file.docx
ముప్ఫై,/tīs/,num.,thirty,तीस,తీస్ రూప్యా.,telugu_banjara_dictionary_master_file.docx
మురికి,/myāl/,n.,dirt,गंदगी; मैल,లత్తో పక్కో మ్యాల్ వేగో.,telugu_banjara_dictionary_master_file.docx
మురికి చెయ్యి,/myāl kar/,v.,to make dirty,गंदा करना,లత్తో మ్యాల్ కర్ మత్.,telugu_banjara_dictionary_master_file.docx
మురికైన,/myālajakō/,adj.,dirty,गंदा,మ్యాల్ జకో లత్తో తో.,telugu_banjara_dictionary_master_file.docx
ముల్లంగి,/mulangi/,n.,radish,मूली,ముల్లంగి తింటే జీర్ణం అవుతుంది.,telugu_banjara_dictionary_master_file.docx
ముసలి,/buḍō/,adj.,old (person),बूढ़ा,బుడో మనిక్యా.,telugu_banjara_dictionary_master_file.docx
ముసలి వ్యక్తి,/buḍō manikyā/,n.,old man,बूढ़ा आदमी,మారొ దాదా బుడో మనిక్యా.,telugu_banjara_dictionary_master_file.docx
మొండి,/ḍhīt/,adj.,stubborn,जिद्दी,ఊ రాస్ డీట్ ఛ్వారా.,telugu_banjara_dictionary_master_file.docx
మొదటి,/agḍiyō/,adj.,first,पहला,అగ్డియో బేటా.,telugu_banjara_dictionary_master_file.docx
మొల తాడు,/kaṇadōri/,n.,waist thread,करधनी,కడేపర్ కణదోరి భాందఁచఁ.,telugu_banjara_dictionary_master_file.docx
మొసలి,/magar/,n.,crocodile,मगरमच्छ,నందిమా మగర్ రచఁ.,telugu_banjara_dictionary_master_file.docx
మొగ్గ,/kaḷi/,n.,bud,कली,ఫూలేర్ కళి.,telugu_banjara_dictionary_master_file.docx
మొట్టమొదట,/sēte agḍi/,adv.,first of all,सबसे पहले,సేతే అగ్డి మ ఆయో.,telugu_banjara_dictionary_master_file.docx
మొత్తం,/sē/,adj.,total; all,कुल; सब,పీసా సే దె.,telugu_banjara_dictionary_master_file.docx
మొలక,/hūgi/,n.,sprout,अंकुर,బిజ్జా హూగి.,telugu_banjara_dictionary_master_file.docx
మొలచు,/hūgēr/,v.,germinate,उगना,ఝాడ్ హూగ్రి.,telugu_banjara_dictionary_master_file.docx
మొలలు,/mōlal/,n.,piles,बवासीर,-,telugu_banjara_dictionary_master_file.docx
మొరటు,/khāñcālō/,adj.,rough,असभ्य; रूखा,ఖాంచాలో మనిక్యా.,telugu_banjara_dictionary_master_file.docx
మొరుగు,/bāms/,v.,bark,भोंकना,కొత్రా బాంస్రోచఁ.,telugu_banjara_dictionary_master_file.docx
మోకాలి,/gōḍē/,adj.,of knee,घुटने का,గోడేమా దుక్రో.,telugu_banjara_dictionary_master_file.docx
మేక,/bakri/,n.,goat,बकरी,బక్రి ఖడ్ ఖారి.,telugu_banjara_dictionary_master_file.docx
మేకపోతు,/bakrā/,n.,male goat,बकरा,బక్రా భారి రచఁ.,telugu_banjara_dictionary_master_file.docx
మేడ,/maḍā/,n.,mansion; upstairs,महल; अट्टालिका,మోటో మడా భాందే.,telugu_banjara_dictionary_master_file.docx
మేత,/carēr/,n.,fodder; grazing,चारा; चुगा,జనావరేనఁ చరేర్ ఘాల్.,telugu_banjara_dictionary_master_file.docx
మేనమామ,/māmō/,n.,maternal uncle,मामा,యాడీర్ భాయినఁ మామో కన్ కఁచఁ.,telugu_banjara_dictionary_master_file.docx
మేనత్త,/phūphi/,n.,paternal aunt,बुआ,బాపేర్ భేణినఁ ఫూఫీ కన్ కఁచఁ.,telugu_banjara_dictionary_master_file.docx
మేము,/ham/,pron.,we (exclusive),हम,హమ్ గామ్ జారాచాఁ.,telugu_banjara_dictionary_master_file.docx
మేయడం,/carēr/,v.,grazing,चरना,బీడేమా చరేర్.,telugu_banjara_dictionary_master_file.docx
మేలు,/āccō/,n.,good; benefit,भलाई,సేనఁ ఆచ్చో కర్.,telugu_banjara_dictionary_master_file.docx
మేలుకొలుపు,/jhagā/,v.,to awaken,जगाना,నిందేమాతి ఝగా.,telugu_banjara_dictionary_master_file.docx
మేకులు,/khilli/,n.,nails,कील,ఖిల్లీతి భాంద్.,telugu_banjara_dictionary_master_file.docx
మేఘం,/mōḷ/,n.,cloud,बादल,ఆకాసేమా మోళ్.,telugu_banjara_dictionary_master_file.docx
మైనం,/mīnam/,n.,wax,मोम,-,telugu_banjara_dictionary_master_file.docx
మైదానం,/maidānam/,n.,ground; field,मैदान,రమేర్ మైదానం.,telugu_banjara_dictionary_master_file.docx
మొలతాడు,/kaṇdōrō/,n.,waist band,करधनी,కణోరో భాంద్.,telugu_banjara_dictionary_master_file.docx
ముందుగా,/āṅgas/,adv.,early; before,पहले,ఆంగస్ ఆజో.,telugu_banjara_dictionary_master_file.docx
మొక్క,/jhāḍ/,n.,plant,पौधा,నాన్ కో ఝాడ్.,telugu_banjara_dictionary_master_file.docx
మొక్కజొన్న,/makka/,n.,maize,मक्का,మక్కా రాందన్ ఖో.,telugu_banjara_dictionary_master_file.docx
మొత్తం,/pūrō/,adj.,complete,पूरा,కామ్ పూరో వేగో.,telugu_banjara_dictionary_master_file.docx
మొలకెత్తిన,/hūgi/,adj.,sprouted,अंकुरित,-,telugu_banjara_dictionary_master_file.docx
మొహమాటం,/sharam/,n.,hesitation,संकोच; शर्म,శరమ్ పడ్ మత్.,telugu_banjara_dictionary_master_file.docx
మొహం,/muṇḍō/,n.,face,मुँह,ముండొ దోయ్.,telugu_banjara_dictionary_master_file.docx
మౌనం,/cup/,n.,silence,मौन,చుప్ బ్యాస్.,telugu_banjara_dictionary_master_file.docx
మేడపైన,/maḍāpar/,adv.,on the terrace,महल के ऊपर,-,telugu_banjara_dictionary_master_file.docx
మేత వేయు,/carā/,v.,to feed,चराना,గావ్డినె చరా.,telugu_banjara_dictionary_master_file.docx
మేకల మంద,/bakrār khāḍu/,n.,flock of goats,बकरी का झुंड,-,telugu_banjara_dictionary_master_file.docx
మేడ మెట్లు,/khapti/,n.,stairs,सीढ़ियां,-,telugu_banjara_dictionary_master_file.docx
మేక పిల్ల,/bakrār bēṭa/,n.,kid (goat),मेमना,-,telugu_banjara_dictionary_master_file.docx
మేడ గది,/maḍār arra/,n.,upper room,अट्टालिका का कमरा,-,telugu_banjara_dictionary_master_file.docx
మేఘావృతం,/mōḷāvēri/,adj.,cloudy,बादलों से घिरा हुआ,-,telugu_banjara_dictionary_master_file.docx
యంత్రం,/misni/,n.,machine,यंत्र; मशीन,మిశ్ని తి కామ్ వేగి వేజా.,telugu_banjara_dictionary_master_file.docx
యమున నది,/yamunā nandi/,n. prop.,Yamuna river,यमुना नदी,యమునా నంది రాస్ మోటి.,telugu_banjara_dictionary_master_file.docx
యువకుడు,/navējavān/,n.,young man,युवक; जवान,ఊ నవేజవాన్ ఛ్వారా.,telugu_banjara_dictionary_master_file.docx
యజమాని,/mālik/,n.,owner; master,मालिक; स्वामी,యే ఘరేర్ మాలిక్ కూణ్.,telugu_banjara_dictionary_master_file.docx
యోగ్యత,/tāhat/,n.,qualification; merit,योग्यता; काबिलियत,తార్ తాహత్ దేక్.,telugu_banjara_dictionary_master_file.docx
యుద్ధం,/laḍāyi/,n.,war; battle,युद्ध; लड़ाई,దేశేమా లడాయి జారి ఛఁ.,telugu_banjara_dictionary_master_file.docx
యుక్తి,/yukti/,n.,tactic; idea,युक्ति; उपाय,ఆచో యుక్తి సోంచ్.,telugu_banjara_dictionary_master_file.docx
యవ్వనం,/mōt/,n.,youth,जवानी,మోతేమా ఆచో కామ్ కర్.,telugu_banjara_dictionary_master_file.docx
రక్తం,/lōyi/,n.,blood,रक्त; खून,హాతేమాతి లోయి ఆరి.,telugu_banjara_dictionary_master_file.docx
రంగు,/rang/,n.,color,रंग,లత్తో ఆచో రంగ్.,telugu_banjara_dictionary_master_file.docx
రక్షణ,/kāvlī/,n.,protection; guard,रक्षा; बचाव,దేవేర్ కావలి.,telugu_banjara_dictionary_master_file.docx
రచన,/racana/,n.,composition,रचना; लिखावट,వైమా రచన లక్.,telugu_banjara_dictionary_master_file.docx
రజను,/cūrō/,n.,powder; filings,चूर्ण; बुरादा,లోయేర్ చూరో.,telugu_banjara_dictionary_master_file.docx
రథం,/rath/,n.,chariot,रथ,దేవేర్ రథ్.,telugu_banjara_dictionary_master_file.docx
రద్దు,/khulānāk/,n.,cancellation,रद्द; निरस्त,కామ్ కులానాక్.,telugu_banjara_dictionary_master_file.docx
రబ్బరు,/rabbar/,n.,rubber,रबड़,రబ్బరు తి కులా.,telugu_banjara_dictionary_master_file.docx
రసం,/ras/,n.,juice,रस; अर्क,ఫలేర్ రస్.,telugu_banjara_dictionary_master_file.docx
రహస్యం,/bhēdō/,n.,secret,रहस्य; भेद,ఖేదో మాలంకర్.,telugu_banjara_dictionary_master_file.docx
రకం,/tarkō/,n.,variety; kind,प्रकार; तरह,యే తర్కో విస్రా.,telugu_banjara_dictionary_master_file.docx
రకరకాలు,/tarkō tarkō/,adj.,various,तरह-तरह کے,తర్కో తర్కో ఫల్.,telugu_banjara_dictionary_master_file.docx
రక్కసి,/dānā/,n.,demon,राक्षस; दानव,దానా రాస్ ఖరాప్.,telugu_banjara_dictionary_master_file.docx
రాక్షసుడు,/dānā/,n.,demon,असुर,-,telugu_banjara_dictionary_master_file.docx
రక్షించు,/bancā/,v.,save,बचाना,మన్ బంచా.,telugu_banjara_dictionary_master_file.docx
రఘురాముడు,/raghurāmuḍu/,n. prop.,Lord Rama,रघुराम,-,telugu_banjara_dictionary_master_file.docx
రగులు,/baḷ/,v.,ignite,सुलगना; जलना,అంగార్ బళ్ళో.,telugu_banjara_dictionary_master_file.docx
రాగులు,/bhalḍu/,n.,finger millet,रागी,భల్డు దళ్యా.,telugu_banjara_dictionary_master_file.docx
రాజధాని,/రాజధాని/,n.,capital,राजधानी,హమార్ రాజధాని హైదరాబాద్.,telugu_banjara_dictionary_master_file.docx
రాజీ,/rāji/,n.,compromise,राजीनामा; समझौता,దోయీమా రాజీ వేగో.,telugu_banjara_dictionary_master_file.docx
రాజ్యం,/rāj/,n.,kingdom,राज्य,రామ్ రాజ్.,telugu_banjara_dictionary_master_file.docx
రాజు,/రాజ్/,n.,king,राजा,ప్యానార్ రాజో.,telugu_banjara_dictionary_master_file.docx
రాతి,/bhāṭār/,adj.,stony,पत्थर का,భాటార్ ఘర్.,telugu_banjara_dictionary_master_file.docx
రాత్రి,/rāt/,n.,night,रात,రాత్ వేగి.,telugu_banjara_dictionary_master_file.docx
రావడం,/āyēr/,v.,coming,आना,ఘర్ ఆయేర్.,telugu_banjara_dictionary_master_file.docx
రావలసిన,/āvajakō/,v.,due to come,आने वाला,ఆవజకో పీసా.,telugu_banjara_dictionary_master_file.docx
రాయి,/bhāṭā/,n.,stone,पत्थर; पाषाण,భాటాతి మార్.,telugu_banjara_dictionary_master_file.docx
రాయడం,/lakhēr/,v.,writing,लिखना,వైమా లకేర్.,telugu_banjara_dictionary_master_file.docx
రాయించు,/lakhā/,v.,to get written,लिखवाना,నామ్ లకా.,telugu_banjara_dictionary_master_file.docx
రావడం లేదు,/āyē kōni/,v.,not coming,नहीं आ रहा,పాణీ ఆయే కోని.,telugu_banjara_dictionary_master_file.docx
రాకపోకలు,/āyēr jāyēr/,n.,transport; traffic,आना-जाना,మనిక్యానూర్ ఆయేర్ జాయేర్.,telugu_banjara_dictionary_master_file.docx
రారాజు,/mōṭō rāj/,n.,emperor,महाराजा,-,telugu_banjara_dictionary_master_file.docx
రివాజు,/idti/,n.,custom; tradition,रिवाज़; प्रथा,హమార్ ఇర్తి.,telugu_banjara_dictionary_master_file.docx
రుచి,/savād/,n.,taste,स्वाद; ज़ायका,నొంగ్వాణ్ సవాద్ ఛఁ.,telugu_banjara_dictionary_master_file.docx
రుచి చూడు,/cākan dēk/,v.,to taste,चखना,దస్సేక్ చాకన్ దేక్.,telugu_banjara_dictionary_master_file.docx
రుద్దు,/copad/,v.,scrub; rub,मलना; रगड़ना,హాతేపర్ తేల్ చోపడ్.,telugu_banjara_dictionary_master_file.docx
రూపం,/mūrat/,n.,form; shape,रूप; शक्ल,ఆచో మూరత్.,telugu_banjara_dictionary_master_file.docx
రూపాయి,/rupyā/,n.,rupee,रुपया,ఏక్ రూప్యా.,telugu_banjara_dictionary_master_file.docx
రెక్క,/pāmkh/,n.,wing,पंख,పక్షీర్ పాంక్.,telugu_banjara_dictionary_master_file.docx
రెచ్చగొట్టు,/uclā/,v.,provoke,उकसाना,ఓనఁ ఉచ్ఛా మత్.,telugu_banjara_dictionary_master_file.docx
రెండో,/dūsēr/,adj.,second,दूसरा,దూసేర్ బేటా.,telugu_banjara_dictionary_master_file.docx
రెండు,/dōyi/,num.,two,दो,దోయి మనిక్యా.,telugu_banjara_dictionary_master_file.docx
రైతు,/khētīvālō/,n.,farmer,किसान,ఖేతీవాళో కామ్ కర్రో.,telugu_banjara_dictionary_master_file.docx
రైలు,/rail gāḍi/,n.,train,रेलगाड़ी,రైలు బండి ఆయి.,telugu_banjara_dictionary_master_file.docx
రొట్టె,/bāti/,n.,bread; roti,रोटी,బాలి ఖో.,telugu_banjara_dictionary_master_file.docx
రొయ్య,/jhiṅgā/,n.,prawn,झिंगा,ఝింగా నొంగ్వాణ్.,telugu_banjara_dictionary_master_file.docx
రోగి,/rōgi/,n.,patient,रोगी; बीमार,రోగికి దవా దె.,telugu_banjara_dictionary_master_file.docx
రోజు,/dādō/,n.,day,दिन,ఆజేర్ దాడొ ఆచ్చో ఛఁ.,telugu_banjara_dictionary_master_file.docx
రోజువారీ,/dādi/,adv.,daily,रोजाना,దాడి కామ్ కర్.,telugu_banjara_dictionary_master_file.docx
రోడ్డు,/vaṭ/,n.,road,सड़क,వాట్ పర్ బండి జారి.,telugu_banjara_dictionary_master_file.docx
రోషము,/rōṣam/,n.,anger; pride,क्रोध; गैरत,రోషమ్ కమత్.,telugu_banjara_dictionary_master_file.docx
రౌతు,/asvār/,n.,rider,सवार,ఘోడిర్ అస్వార్.,telugu_banjara_dictionary_master_file.docx
లంక,/lamka/,n.,island,द्वीप,లంకా గామ్.,telugu_banjara_dictionary_master_file.docx
లక్క,/lāk/,n.,lac,लाख,లాక్ తి విస్రా కఁరఁచఁ.,telugu_banjara_dictionary_master_file.docx
లక్ష,/lāk/,num.,lakh,लाख,ఏక్ లాక్ రూప్యా.,telugu_banjara_dictionary_master_file.docx
లక్షణం,/gon/,n.,characteristic; trait,लक्षण; गुण,తార్ గుణ్ ఆచో ఛఁ.,telugu_banjara_dictionary_master_file.docx
లక్ష్మి,/laksmi/,n. prop.,Goddess Lakshmi,लक्ष्मी,లక్ష్మి దేవి దర్శనం.,telugu_banjara_dictionary_master_file.docx
లక్ష్మణుడు,/laksman/,n. prop.,Lord Lakshmana,लक्ष्मण,లక్ష్మణ్ రామేర్ భాయీ.,telugu_banjara_dictionary_master_file.docx
లగ్నం,/vayā/,n.,marriage time,लग्न; मुहूर्त,వాయా వేళా వేగి.,telugu_banjara_dictionary_master_file.docx
లగ్న పత్రిక,/vayā kankōtri/,n.,wedding invitation,लग्न पत्रिका,వాయా కంకోత్రి పంపే.,telugu_banjara_dictionary_master_file.docx
లంగరు,/langaru/,n.,anchor,लंगर,ఓడార్ లంగరు.,telugu_banjara_dictionary_master_file.docx
లంగరు ఎత్తు,/langaru khīñc/,v.,to weigh anchor,लंगर उठाना,లంగరు ఖ్యాంచ్.,telugu_banjara_dictionary_master_file.docx
లంగోటి,/langōti/,n.,loincloth,लंगोटी,లంగోటి ఘాల్.,telugu_banjara_dictionary_master_file.docx
లతా,/latā/,n.,creeper,बेल; लता,ఫూలేర్ లతా.,telugu_banjara_dictionary_master_file.docx
లత్తో / బట్ట,/latto/,n.,cloth,कपड़ा,ఆచో లత్తో ప్యార్.,telugu_banjara_dictionary_master_file.docx
లబలబ,/rōvēr/,n.,wailing,विलाप,లబలబ ఏడ్వటం.,telugu_banjara_dictionary_master_file.docx
లభించు,/dōk/,v.,attain; get,मिलना; प्राप्त होना,మన్ పీసా దొక్కి.,telugu_banjara_dictionary_master_file.docx
లబ్ధి,/phāyadā/,n.,benefit,लाभ; फायदा,కామేమా ఫాయదా.,telugu_banjara_dictionary_master_file.docx
లవంగం,/lavamg/,n.,clove,लौंग,లవంగ్ మీట్ రచఁ.,telugu_banjara_dictionary_master_file.docx
లవణం,/nūṇ/,n.,salt,नमक,నొంగ్వాణేమా నూణ్.,telugu_banjara_dictionary_master_file.docx
లష్కరు,/phauj/,n.,army,लश्कर; सेना,ఫౌజ్ ఆయి.,telugu_banjara_dictionary_master_file.docx
లాయరు,/vaki/,n.,lawyer,वकील,వకీల్ కోర్టేమా ఛఁ.,telugu_banjara_dictionary_master_file.docx
లాలించు,/lāḍ kar/,v.,caress,पुचकारना,ఛ్వారానఁ లాడ్ కర్.,telugu_banjara_dictionary_master_file.docx
లాలీ,/lōri/,n.,lullaby,लोरी,పాపనఁ లోరి బోల్.,telugu_banjara_dictionary_master_file.docx
లావాటి / దొడ్డు,/jāḍō/,adj.,thick; fat,मोटा; भारी,జాడొ ఝాడ్.,telugu_banjara_dictionary_master_file.docx
లావు,/jāḍō/,n.,obesity,मोटापा,ఊ రాస్ జాడొ వేగో.,telugu_banjara_dictionary_master_file.docx
లాభం,/phāyadā/,n.,profit,लाभ,రాస్ ఫాయదా వేగో.,telugu_banjara_dictionary_master_file.docx
లాంతరు,/lāmtaru/,n.,lantern,लालटेन,లాంతరు బాళ్.,telugu_banjara_dictionary_master_file.docx
లాయం,/tabēlā/,n.,stable,तबेला,ఘోడార్ తబేలా.,telugu_banjara_dictionary_master_file.docx
లగాయితు,/setanu/,adv.,since; starting from,से लेकर,అబ్బ సెతను.,telugu_banjara_dictionary_master_file.docx
లఘువు,/halkō/,adj.,light,लघु; हल्का,హల్కో బరువు.,telugu_banjara_dictionary_master_file.docx
లజ్జ,/sharam/,n.,shame; modesty,लज्जा; शर्म,శరమ్ పడ్ మత్.,telugu_banjara_dictionary_master_file.docx
లప్ప,/tokḍā/,n.,piece,टुकड़ा,ఏక్ లప్ప దె.,telugu_banjara_dictionary_master_file.docx
లయ,/tāl/,n.,rhythm,लय; ताल,గీదేర్ తాల్.,telugu_banjara_dictionary_master_file.docx
లవము,/dasek/,n.,a little bit,लेश; थोड़ा,దస్సేక్ పాణీ.,telugu_banjara_dictionary_master_file.docx
లక్ష్మీదేవి,/laksmi dēvi/,n. prop.,Goddess Lakshmi,लक्ष्मी माता,-,telugu_banjara_dictionary_master_file.docx
లకలక,/lakalaka/,n.,sound of drinking,लकलक,-,telugu_banjara_dictionary_master_file.docx
లడ్డూ,/laḍḍū/,n.,sweet ball,लड्डू,లడ్డూ మీట్ రచఁ.,telugu_banjara_dictionary_master_file.docx
లప్పం,/lappam/,n.,putty,लेप,-,telugu_banjara_dictionary_master_file.docx
లమ్మి,/vānṭā/,n.,share,हिस्सा,-,telugu_banjara_dictionary_master_file.docx
లయము,/lāyam/,n.,destruction; rhythm,लय; विनाश,-,telugu_banjara_dictionary_master_file.docx
లొల్లి,/gadbaḍ/,n.,quarrel; noise,झगड़ा; शोर,గామేమా గడ్ బడ్ వేగి.,telugu_banjara_dictionary_master_file.docx
లోభి,/kañjūs/,n.,miser,लोभी; कंजूस,ఊ రాస్ కంజూస్.,telugu_banjara_dictionary_master_file.docx
లోకం,/jagat/,n.,world,लोक; दुनिया,సారొ జగత్.,telugu_banjara_dictionary_master_file.docx
లోతు,/māyi/,n.,depth,गहराई,ఢాబేమా రాస్ మాయి ఛఁ.,telugu_banjara_dictionary_master_file.docx
లోపల,/māyi/,adv.,inside,अंदर,ఘర్ మాయి ఆ.,telugu_banjara_dictionary_master_file.docx
లోపం,/khōt/,n.,defect; deficiency,कमी; दोष,కామేమా ఖోట్ ఛఁ.,telugu_banjara_dictionary_master_file.docx
లోభి,/kanjūs/,n.,miser,कंजूस,ఊ రాస్ కంజూస్ ఆద్మీ.,telugu_banjara_dictionary_master_file.docx
వంకాయ,/bhānṭā/,n.,brinjal,बैंगन,భాంటార్ నొంగ్వాణ్.,telugu_banjara_dictionary_master_file.docx
వంట,/rāndēr/,n.,cooking,खाना पकाना,ధాన్ రాందేర్ వేళా.,telugu_banjara_dictionary_master_file.docx
వంటవాడు,/rāndēvālō/,n.,cook,रसोइया,రాందేవాళో ధాన్ రాందేచఁ.,telugu_banjara_dictionary_master_file.docx
వంద,/sō/,num.,hundred,सौ,సో రూప్యా.,telugu_banjara_dictionary_master_file.docx
వంశం,/khāndān/,n.,dynasty; family line,वंश; खानदान,హమార్ ఖాందాన్ రాస్ మోటో.,telugu_banjara_dictionary_master_file.docx
వక్క,/supāri/,n.,betel nut,सुपारी,సుపారి ఖో.,telugu_banjara_dictionary_master_file.docx
వజ్రం,/hīrā/,n.,diamond,हीरा,హీరా రాస్ మోల్ ఛఁ.,telugu_banjara_dictionary_master_file.docx
వడ,/vaḍā/,n.,vada (savory snack),वड़ा,వడా మీట్ రచఁ.,telugu_banjara_dictionary_master_file.docx
వడగళ్ళు,/bhāṭā/,n.,hailstones,ओले,ఆకాసేమాతి భాటా పడే.,telugu_banjara_dictionary_master_file.docx
వడ్డీ,/vyāj/,n.,interest,ब्याज,పీసార్ వ్యాజ్.,telugu_banjara_dictionary_master_file.docx
వడ్లు,/dhān/,n.,paddy,धान,ముత్యార్ ధాన్.,telugu_banjara_dictionary_master_file.docx
వదులు,/ḍhīlō/,adj.,loose,ढीला,లత్తో డీలో ఛఁ.,telugu_banjara_dictionary_master_file.docx
వధువు,/vadhū/,n.,bride,दुल्हन,వధుూ రాస్ సువాఁత్ ఛఁ.,telugu_banjara_dictionary_master_file.docx
వనం,/jamgal/,n.,forest,वन; जंगल,జంగలేమా ఝాడ్.,telugu_banjara_dictionary_master_file.docx
వయస్సు,/umar/,n.,age,उम्र; आयु,తార్ ఉమర్ కత్రా.,telugu_banjara_dictionary_master_file.docx
వరము,/āsis/,n.,boon,वरदान,దేవేర్ ఆశీస్.,telugu_banjara_dictionary_master_file.docx
వరద,/khyāḷyā/,n.,flood,बाढ़,నందిమా ఖ్యాళ్యా ఆయి.,telugu_banjara_dictionary_master_file.docx
వలస,/valasa/,n.,migration,प्रवास,-,telugu_banjara_dictionary_master_file.docx
వస్త్రం,/latto/,n.,cloth,वस्त्र; कपड़ा,ఆచో లత్తో ప్యార్.,telugu_banjara_dictionary_master_file.docx
వాగ్దానం,/bāyan/,n.,promise,वादा,మార్ బాయన్.,telugu_banjara_dictionary_master_file.docx
వాహనం,/gāḍi/,n.,vehicle,वाहन; गाड़ी,గాడి చలా.,telugu_banjara_dictionary_master_file.docx
విందు,/khōrāki/,n.,feast,दावत,గామేమా ఖోరాకి.,telugu_banjara_dictionary_master_file.docx
విగ్రహం,/mūrat/,n.,statue,मूर्ति,దేవేర్ మూరత్.,telugu_banjara_dictionary_master_file.docx
విజ్ఞానం,/jñān/,n.,knowledge; science,विज्ञान,జ్ఞాన్ సికా.,telugu_banjara_dictionary_master_file.docx
విత్తనం,/bījjā/,n.,seed,बीज,జమ్మిమా బిజ్జా గాడ్.,telugu_banjara_dictionary_master_file.docx
విద్య,/sadū/,n.,education,शिक्षा; विद्या,ఆచో సదూ.,telugu_banjara_dictionary_master_file.docx
వినయం,/sharam/,n.,modesty; humility,विनय; विनम्रता,శరమ్ తి బోల్.,telugu_banjara_dictionary_master_file.docx
వినోదం,/gammat/,n.,entertainment,मनोरंजन,రాస్ గమ్మత్ వేగి.,telugu_banjara_dictionary_master_file.docx
విమానం,/vimānam/,n.,aeroplane,विमान; हवाई जहाज,ఆకాసేమా విమానం జారి.,telugu_banjara_dictionary_master_file.docx
విల్లు,/tīr/,n.,bow,धनुष,తీర్ ఖ్యాంచన్.,telugu_banjara_dictionary_master_file.docx
విషయం,/vāt/,n.,matter; subject,विषय; बात,యే వాతే దేక్.,telugu_banjara_dictionary_master_file.docx
విస్తీర్ణం,/cvāḍ/,n.,area; extent,क्षेत्रफल; विस्तार,జమ్మిర్ చ్వాడ్.,telugu_banjara_dictionary_master_file.docx
వేగం,/tēji/,n.,speed,वेग; तेजी,తేజి తి చాల్.,telugu_banjara_dictionary_master_file.docx
వేట,/shikār/,n.,hunting,शिकार,శికార్ కరేనఁ జారాచాఁ.,telugu_banjara_dictionary_master_file.docx
వేణువు,/bāmsari/,n.,flute,बाँसुरी,బాంసరి బాజా.,telugu_banjara_dictionary_master_file.docx
వేరు,/jaḍ/,n.,root,जड़,ఝాడేర్ జడ్.,telugu_banjara_dictionary_master_file.docx
వేషం,/vēsham/,n.,disguise,वेश,వేషం ఘాల్నాకి.,telugu_banjara_dictionary_master_file.docx
వైకుంఠం,/vaikumtham/,n. prop.,Vaikuntha,वैकुंठ,-,telugu_banjara_dictionary_master_file.docx
వైద్యుడు,/ḍāktar/,n.,doctor,वैद्य; डॉक्टर,డాక్టర్ దవా దీదే.,telugu_banjara_dictionary_master_file.docx
వ్యాపారం,/vapār/,n.,business,व्यापार,ఆచో వపార్.,telugu_banjara_dictionary_master_file.docx
వ్యాధి,/bēmāri/,n.,disease,रोग; बीमारी,వోనఁ బేమారి ఆయి.,telugu_banjara_dictionary_master_file.docx
వంతు,/vānṭā/,n.,turn; share,बारी; हिस्सा,తార్ వాంటా ఆయో.,telugu_banjara_dictionary_master_file.docx
వంకర,/vāṅkō/,adj.,crooked,टेढ़ा,వాంకో వాట్.,telugu_banjara_dictionary_master_file.docx
వందనం,/rām rām/,n.,salutation,नमस्कार,సేనఁ రామ్ రామ్.,telugu_banjara_dictionary_master_file.docx
వంశవృక్షం,/khāndānēr jhāḍ/,n.,family tree,वंश वृक्ष,-,telugu_banjara_dictionary_master_file.docx
వంటగది,/rāndēr arra/,n.,kitchen,रसोई घर,రాందేర్ అర్రామా ధాన్.,telugu_banjara_dictionary_master_file.docx
వండిన,/rāndajakō/,adj.,cooked,पका हुआ,రాందజకో ధాన్.,telugu_banjara_dictionary_master_file.docx
వంశపారంపర్యం,/khāndānēr/,adj.,hereditary,वंशानुगत,-,telugu_banjara_dictionary_master_file.docx
వయసు మళ్ళిన,/buḍō/,adj.,aged,बूढ़ा,-,telugu_banjara_dictionary_master_file.docx
వరస,/pāḷi/,n.,order; sequence,क्रम; सिलसिला,పాళి తి బ్యాస్.,telugu_banjara_dictionary_master_file.docx
వరలక్ష్మి,/varalaksmi/,n. prop.,Goddess Varalakshmi,वरलक्ष्मी,-,telugu_banjara_dictionary_master_file.docx
వలయము,/ghōḷ/,n.,circle,घेरा; वृत्त,-,telugu_banjara_dictionary_master_file.docx
వసతి,/thakāno/,n.,accommodation,सुविधा; निवास,-,telugu_banjara_dictionary_master_file.docx
వసంతం,/vasantam/,n.,spring season,वसंत ऋतु,-,telugu_banjara_dictionary_master_file.docx
సింహం,/simh/,n.,lion,सिंह,సిమ్హ రాస్ జోరేవాళో.,telugu_banjara_dictionary_master_file.docx
సిద్ధం,/tayār/,adj.,ready,तैयार,మఁ తయార్ ఛూ.,telugu_banjara_dictionary_master_file.docx
సినిమా,/silmā/,n.,movie,चलचित्र; सिनेमा,సిల్మా దేకేనఁ జారాచాఁ.,telugu_banjara_dictionary_master_file.docx
సిరి,/laksmi/,n.,wealth,धन; लक्ष्मी,ఘరేమా లక్ష్మి ఆయి.,telugu_banjara_dictionary_master_file.docx
సీసా,/sisi/,n.,bottle,बोतल,సీసీమా పాణీ ఘాల్.,telugu_banjara_dictionary_master_file.docx
సుఖం,/suk/,n.,happiness; comfort,सुख,జీవేమా సుక్ ఛఁ.,telugu_banjara_dictionary_master_file.docx
సున్నం,/cūnō/,n.,lime,चूना,గోడానఁ చూనో మార్.,telugu_banjara_dictionary_master_file.docx
సుమారు,/dassēk/,adv.,approximately,लगभग,దస్సేక్ రూప్యా.,telugu_banjara_dictionary_master_file.docx
సులభం,/halkō/,adj.,easy,आसान; सरल,యే కామ్ రాస్ హల్కో.,telugu_banjara_dictionary_master_file.docx
సువాసన,/gandārō/,n.,fragrance,सुगंध; महक,ఫూలేర్ ఆచో గందారో.,telugu_banjara_dictionary_master_file.docx
సూది,/sūyi/,n.,needle,सुई,సూయి తి లత్తో సీ.,telugu_banjara_dictionary_master_file.docx
సూర్యుడు,/dād/,n. prop.,sun,सूर्य,దాడ్ ఉగీ.,telugu_banjara_dictionary_master_file.docx
సృజన,/bhāndēr/,n.,creation,सृजन; निर्माण,ఆచో కామ్ భాందేర్.,telugu_banjara_dictionary_master_file.docx
సైన్యం,/phauj/,n.,army,सेना; फौज,ఫౌజ్ ఆయి.,telugu_banjara_dictionary_master_file.docx
సొంతం,/āpaṇ/,adj.,own,अपना; निजी,యే మార్ ఆపణ్.,telugu_banjara_dictionary_master_file.docx
సోమవారం,/sōmvār/,n.,Monday,सोमवार,ఆజ్ సోమవార్.,telugu_banjara_dictionary_master_file.docx
సోమరి,/āḷsi/,adj.,lazy,आलसी,సోమరి కామ్ కరేని.,telugu_banjara_dictionary_master_file.docx
స్వప్నం,/sapanō/,n.,dream,सपना,రాత్ మఁ సపనో దీటో.,telugu_banjara_dictionary_master_file.docx
స్వభావం,/gon/,n.,nature; character,स्वभाव; गुण,తార్ గుణ్ ఆచో ఛఁ.,telugu_banjara_dictionary_master_file.docx
హక్కు,/adhikār/,n.,right,अधिकार,మార్ అధికార్.,telugu_banjara_dictionary_master_file.docx
హనుమంతుడు,/hanumān/,n. prop.,Lord Hanuman,हनुमान,హనుమాన్ భక్త్.,telugu_banjara_dictionary_master_file.docx
హంస,/hams/,n.,swan,हंस,పాణీమా హంస.,telugu_banjara_dictionary_master_file.docx
హంతకుడు,/khūnikhōr/,n.,murderer,हत्यारा,ఖూనిఖోర్ దొక్కి.,telugu_banjara_dictionary_master_file.docx
హారం,/hār/,n.,necklace; garland,हार; माला,గలేమా హార్ ఘాల్.,telugu_banjara_dictionary_master_file.docx
హాయి,/suk/,n.,comfort; ease,चैन; आराम,రాస్ సుక్ వేగి.,telugu_banjara_dictionary_master_file.docx
హింస,/laḍāyi/,n.,violence,हिंसा; जुल्म,హింసా కమత్.,telugu_banjara_dictionary_master_file.docx
హృదయం,/man/,n.,heart,हृदय; दिल,మార్ మన్.,telugu_banjara_dictionary_master_file.docx
హెచ్చరిక,/khabardār/,n.,warning,चेतावनी,ఖబర్దార్ వాతే.,telugu_banjara_dictionary_master_file.docx
హోదా,/ijat/,n.,status; rank,पद; हैसियत,మోటో ఇజ్జత్.,telugu_banjara_dictionary_master_file.docx
క్షణం,/ghadiya/,n.,moment,क्षण; पल,ఏక్ ఘడియా థమ్.,telugu_banjara_dictionary_master_file.docx
క్షమించు,/māph kar/,v.,forgive,क्षमा करना,మఁనఁ మాఫ్ కర్.,telugu_banjara_dictionary_master_file.docx
క్షేమం,/āccō/,n.,well-being; safety,कुशल; खैरियत,సే ఆచో ఛఁ.,telugu_banjara_dictionary_master_file.docx
క్షీరము,/dūd/,n.,milk,दूध,దూద్ పీ.,telugu_banjara_dictionary_master_file.docx
క్షీణించు,/kam vēro/,v.,decline; decay,क्षीण होना,-,telugu_banjara_dictionary_master_file.docx
క్షేత్రము,/khēt/,n.,field,क्षेत्र; खेत,ఖేతేమా కామ్.,telugu_banjara_dictionary_master_file.docx
స్థలం,/jāg/,n.,place,जगह; स्थान,జాగేమా పీసా.,telugu_banjara_dictionary_master_file.docx
స్థిరంగా,/ṭakan/,adv.,stable; firm,स्थिर,టకన్ బ్యాస్.,telugu_banjara_dictionary_master_file.docx
స్నానం,/hamgōḷi/,n.,bath,स्नान,హంగోళి కర్.,telugu_banjara_dictionary_master_file.docx
స్నేహం,/sōpti/,n.,friendship,दोस्ती,ఆచ్చో సోప్తి.,telugu_banjara_dictionary_master_file.docx
స్వదేశం,/āpaṇ dēś/,n.,motherland,स्वदेश,-,telugu_banjara_dictionary_master_file.docx
స్వయం,/āpaṇ/,adj.,self,स्वयं; खुद,మఁ ఆపణ్ కామ్.,telugu_banjara_dictionary_master_file.docx
స్వరూపం,/mūrat/,n.,appearance,स्वरूप; शक्ल,-,telugu_banjara_dictionary_master_file.docx
స్వర్గం,/svargam/,n.,heaven,स्वर्ग,స్వర్గం దేక్లేర్.,telugu_banjara_dictionary_master_file.docx
స్వాగతం,/āvo/,n.,welcome,स्वागत,లోపలికి రండి.,telugu_banjara_dictionary_master_file.docx
స్వామి,/mālik/,n.,master; lord,स्वामी; मालिक,హమార్ మాలిక్.,telugu_banjara_dictionary_master_file.docx
విరేచనాలు,/pēṭ cālēr/,n.,diarrhea,दस्त,వోనఁ పేట్ చాలేర్.,telugu_banjara_dictionary_master_file.docx
విజ్ఞాన శాస్త్రం,/jñāndēr śāstram/,n.,science,विज्ञान शास्त्र,జ్ఞాందెర్ శాస్త్రం సదూ.,telugu_banjara_dictionary_master_file.docx
విడాకులు,/māmlē tōḍērō/,n.,divorce,तलाक,వాయా మామ్లె తోడేరో.,telugu_banjara_dictionary_master_file.docx
విత్తనం,/pōtarā/,n.,seed,बीज,జమ్మిమా పొతరా గాడ్.,telugu_banjara_dictionary_master_file.docx
విమానం,/havāyi/,n.,aeroplane,हवाई जहाज,హవాయి జారి.,telugu_banjara_dictionary_master_file.docx
విగ్రహం,/bommā/,n.,statue,मूर्ति,బొమ్మా దేక్.,telugu_banjara_dictionary_master_file.docx
శనివారం,/sanivār/,n.,Saturday,शनिवार,ఆజ్ శనివార్.,telugu_banjara_dictionary_master_file.docx
శరీరం,/jivdā/,n.,body,शरीर,జీవ్గా సాఫ్ రకాడ్.,telugu_banjara_dictionary_master_file.docx
శక్తి,/jōr/,n.,strength,शक्ति,జీవేమా జోర్ ఛేని.,telugu_banjara_dictionary_master_file.docx
శిఖరం,/mōṭō gatla/,n.,peak,शिखर,గట్లార్ శిఖరం.,telugu_banjara_dictionary_master_file.docx
శిక్ష,/daṇḍ/,n.,punishment,सजा,తప్పు కరఁతొ డాండ్.,telugu_banjara_dictionary_master_file.docx
శిశువు,/chvārā/,n.,infant,शिशु,నాన్ కో ఛ్వారా.,telugu_banjara_dictionary_master_file.docx
శీఘ్రంగా,/jaldi/,adv.,quickly,शीघ्र,జల్ది ఆజో.,telugu_banjara_dictionary_master_file.docx
శుక్రవారం,/śukravār/,n.,Friday,शुक्रवार,ఆజ్ శుక్రవార్.,telugu_banjara_dictionary_master_file.docx
శుభ్రం,/catrāyi/,n.,cleanliness,साफ,చత్రాయి తి రకాడ్.,telugu_banjara_dictionary_master_file.docx
శ్రమ,/kaṣṭam/,n.,effort,मेहनत,రాస్ కష్టమ్ కర్రో.,telugu_banjara_dictionary_master_file.docx
సంత,/amgji/,n.,market,हाट,అంగ్జీనఁ జారాచాఁ.,telugu_banjara_dictionary_master_file.docx
సత్యం,/saccō/,n.,truth,सत्य,సచ్చో వాతే కం.,telugu_banjara_dictionary_master_file.docx
సముద్రం,/samdar/,n.,sea,समुद्र,సమ్దరేమా ఓడ జారి.,telugu_banjara_dictionary_master_file.docx
సబ్బు,/sabbu/,n.,soap,साबुन,సబ్బుతి హాత్ దోయ్.,telugu_banjara_dictionary_master_file.docx
సగం,/vānṭā/,n.,half,आधा,ఏక్ వాంటా దె.,telugu_banjara_dictionary_master_file.docx
సహాయం,/āsarō/,n.,help,सहायता,మనఁ ఆసరో దె.,telugu_banjara_dictionary_master_file.docx
సామెత,/bōli/,n.,proverb,कहावत,ఆచో బోలి కం.,telugu_banjara_dictionary_master_file.docx
సాయంత్రం,/śāmj/,n.,evening,शाम,శామ్జ్ వేగి.,telugu_banjara_dictionary_master_file.docx
సాలీడు,/koḍiyā/,n.,spider,मकड़ी,కోడియార్ తార్.,telugu_banjara_dictionary_master_file.docx
సావాసం,/sōpti/,n.,friendship,संगति,ఆచ్చో సోప్తి కర్.,telugu_banjara_dictionary_master_file.docx
హోళి పండగ,/hōḷi/,n.,Holi festival,होली,హోళి రామ్తాచాఁ.,telugu_banjara_dictionary_master_file.docx
అంకెలు,/āṅke/,n.,numbers,अंक,ఆంకే సదూ.,telugu_banjara_dictionary_master_file.docx
ఒకటి,/ēk/,num.,one,एक,ఏక్ మనిక్యా.,telugu_banjara_dictionary_master_file.docx
మూడు,/tīn/,num.,three,तीन,తీన్ మనిక్యా.,telugu_banjara_dictionary_master_file.docx
అయిదు,/pāñc/,num.,five,पाँच,పాంచ్ మనిక్యా.,telugu_banjara_dictionary_master_file.docx
ఆరు,/cha/,num.,six,छह,ఛ మనిక్యా.,telugu_banjara_dictionary_master_file.docx
ఏడు,/sāt/,num.,seven,सात,సాత్ మనిక్యా.,telugu_banjara_dictionary_master_file.docx
ఎనిమిది,/āṭh/,num.,eight,आठ,ఆట్ మనిక్యా.,telugu_banjara_dictionary_master_file.docx
ఇరవై,/vīs/,num.,twenty,बीस,వీస్ రూప్యా.,telugu_banjara_dictionary_master_file.docx
యాభై,/pāñcās/,num.,fifty,पचास,పాంచాస్ రూప్యా.,telugu_banjara_dictionary_master_file.docx
వెయ్యి,/hajār/,num.,thousand,हज़ार,ఏక్ హజార్ రూప్యా.,telugu_banjara_dictionary_master_file.docx
సమయము,/vēḷā/,n.,time,समय,వేళా వేగి.,telugu_banjara_dictionary_master_file.docx
వారం,/vār/,n.,week,सप्ताह; हफ्ता,ఏక్ వార్ వేగో.,telugu_banjara_dictionary_master_file.docx
సంవత్సరం,/varas/,n.,year,वर्ष; साल,ఏక్ వరస్ వేగో.,telugu_banjara_dictionary_master_file.docx
ఉదయం,/parbāti/,n.,morning,सुबह,పర్బాతి వేగి.,telugu_banjara_dictionary_master_file.docx
మధ్యాహ్నం,/dopper/,n.,afternoon,दोपहर,దొప్పెర్ వేగి.,telugu_banjara_dictionary_master_file.docx
ఇప్పుడు,/abb/,adv.,now,अब,అబ్బ ఆ.,telugu_banjara_dictionary_master_file.docx
సంబంధాలు,/rēstā/,n.,relationships,रिश्ते; नाते,హమార్ రేస్తా.,telugu_banjara_dictionary_master_file.docx
కొడుకు,/bēṭā/,n.,son,बेटा,మార్ బేటా.,telugu_banjara_dictionary_master_file.docx
కూతురు,/bēṭi/,n.,daughter,बेटी,మార్ బేటి.,telugu_banjara_dictionary_master_file.docx
అన్న,/mōṭō bhāyi/,n.,elder brother,बड़ा भाई,మార్ మోటో భాయీ.,telugu_banjara_dictionary_master_file.docx
తమ్ముడు,/nāṅkā bhāyi/,n.,younger brother,छोटा भाई,మార్ నంకా భాయీ.,telugu_banjara_dictionary_master_file.docx
అక్క,/mōṭi bhēṇ/,n.,elder sister,बड़ी बहन,మార్ మోటి భేణ్.,telugu_banjara_dictionary_master_file.docx
చెల్లెలు,/nāṅki bhēṇ/,n.,younger sister,छोटी बहन,మార్ నంకి భేణ్.,telugu_banjara_dictionary_master_file.docx
అత్త,/māmi/,n.,aunt,मामी,మార్ మామి.,telugu_banjara_dictionary_master_file.docx
కోడలు,/vadhū/,n.,daughter-in-law,बहु,మార్ వధుూ.,telugu_banjara_dictionary_master_file.docx
అక్కడ,/ottē/,adv.,there,वहाँ,ఒత్తె బ్యాస్.,telugu_banjara_dictionary_master_file.docx
ఇక్కడ,/ēttē/,adv.,here,यहाँ,ఏత్తె ఆ.,telugu_banjara_dictionary_master_file.docx
ఎక్కడ,/kēvi/,adv.,where,తూ కేవి జారోచో.,నువ్వు ఎక్కడికి వెళ్తున్నావు.,telugu_banjara_dictionary_master_file.docx
ఎందుకు,/kāyi వాసు/,adv.,why,क्यों,కాయి వాసు ఏడ్చోచో.,telugu_banjara_dictionary_master_file.docx
ఏమిటి,/kāyi/,adv.,what,क्या,కాయి వేగి.,telugu_banjara_dictionary_master_file.docx
ఎవరు,/kūṇ/,pron.,who,कौन,తూ కూణ్.,telugu_banjara_dictionary_master_file.docx
ఎలా,/katar/,adv.,how,कैसे,కతర్ ఛో.,telugu_banjara_dictionary_master_file.docx
ఎంత,/katrā/,adj.,how much,कितना,కత్రా పీసా.,telugu_banjara_dictionary_master_file.docx
ఏది,/kuṇas/,pron.,which,कौन सा,కుణస్ విస్రా.,telugu_banjara_dictionary_master_file.docx
ఎన్ని,/katrā/,adj.,how many,कितने,కత్రా మనిక్యా.,telugu_banjara_dictionary_master_file.docx
ధన్యవాదాలు,/dhanyavād/,n.,thank you,धन्यवाद,తమార్ ధన్యవాద్.,telugu_banjara_dictionary_master_file.docx
క్షమించండి,/māph karō/,v.,excuse me,क्षमा करें,మన్ మాఫ్ కరో.,telugu_banjara_dictionary_master_file.docx
నీ పేరు ఏమిటి?,/tār nām kāyi chā?/,phrase,What is your name?,आपका नाम क्या है?,తార్ నామ్ కాఁయి ఛఁ?,telugu_banjara_dictionary_master_file.docx
నువ్వు ఎలా ఉన్నావు?,/tū katar chō?/,phrase,How are you?,आप कैसे हैं?,తూ కతర్ ఛో?,telugu_banjara_dictionary_master_file.docx
నేను బాగున్నాను.,/ma āccō chū./,phrase,I am fine.,मैं ठीक हूँ.,మఁ ఆచ్చో ఛూ.,telugu_banjara_dictionary_master_file.docx
నువ్వు ఎక్కడికి వెళ్తున్నావు?,/tū kēvi jāro chō?/,phrase,Where are you going?,आप कहाँ जा रहे हैं?,తూ కేవి జారో ఛో?,telugu_banjara_dictionary_master_file.docx
నేను ఇంటికి వెళ్తున్నాను.,/ma gharēna jāro chū./,phrase,I am going home.,मैं घर जा रहा हूँ.,మఁ ఘరేనఁ జారో ఛూ.,telugu_banjara_dictionary_master_file.docx
నువ్వు ఏమి చేస్తున్నావు?,/tū kāyi karro chō?/,phrase,What are you doing?,आप क्या कर रहे हैं?,తూ కాఁయి కర్రో ఛో?,telugu_banjara_dictionary_master_file.docx
నేను పని చేస్తున్నాను.,/ma kām karro chū./,phrase,I am working.,मैं काम कर रहा हूँ.,మఁ కామ్ కర్రో ఛూ.,telugu_banjara_dictionary_master_file.docx
నీకు ఆకలిగా ఉందా?,/ton bhūk lāgi chā?/,phrase,Are you hungry?,क्या आपको भूख लगी है?,తోనఁ భూక్ లాగి ఛఁ?,telugu_banjara_dictionary_master_file.docx
అవును,phrase,నాకు ఆకలిగా ఉంది.,/hav,man bhūk lāgi chā./,Yes,telugu_banjara_dictionary_master_file.docx
భోజనం తయారైందా?,/dhān tayār vigo chā?/,phrase,Is the meal ready?,क्या खाना तैयार है?,ధాన్ తయార్ వేగో ఛఁ?,telugu_banjara_dictionary_master_file.docx
వంట పూర్తయింది.,/rāndēr khuṭāgo./,phrase,Cooking is finished.,खाना पक गया है.,రాందేర్ ఖుటాగో.,telugu_banjara_dictionary_master_file.docx
రండి భోజనం చేద్దాం.,/āvo dhān khāvām./,phrase,Come let's eat.,आइए खाना खाते हैं.,ఆవో ధాన్ ఖావాఁ.,telugu_banjara_dictionary_master_file.docx
నీకు నీరు కావాలా?,/ton pāṇi cāvajē chā?/,phrase,Do you want water?,क्या आपको पानी चाहिए?,తోనఁ పాణీ చావజే ఛఁ?,telugu_banjara_dictionary_master_file.docx
మంచినీళ్లు ఇవ్వండి.,/pāṇi dō./,phrase,Give me water.,पानी दीजिए.,పాణీ దొ.,telugu_banjara_dictionary_master_file.docx
చాలా ధన్యవాదాలు.,/rāas dhanyavād./,phrase,Thank you very much.,बहुत धन्यवाद.,రాస్ ధన్యవాద్.,telugu_banjara_dictionary_master_file.docx
ఇది ఎంత?,/ē katrā chā?/,phrase,How much is this?,यह कितना है?,ఏ కత్రా ఛఁ?,telugu_banjara_dictionary_master_file.docx
దీని ధర ఎంత?,/ēnī mōl katrā chā?/,phrase,What is the price of this?,इसका दाम कितना है?,ఏనీ మోల్ కత్రా ఛఁ?,telugu_banjara_dictionary_master_file.docx
తక్కువ చేయండి.,/kam karō./,phrase,Reduce it (price).,कम कीजिए.,కమ్ కరో.,telugu_banjara_dictionary_master_file.docx
ఇది చాలా ఎక్కువ.,/ē rāas jyādā chā./,phrase,This is too much.,यह बहुत ज्यादा है.,ఏ రాస్ జ్యాదా ఛఁ.,telugu_banjara_dictionary_master_file.docx
వద్దండి.,/nāko./,phrase,No,don't want.,नहीं चाहिए.,telugu_banjara_dictionary_master_file.docx
సరే,phrase,తీసుకుంటాను.,/sare,lēlamcum./,Okay,telugu_banjara_dictionary_master_file.docx
నీకు ఇది నచ్చిందా?,/ton ē hūmṣāgi chā?/,phrase,Do you like this?,क्या आपको यह पसंद आया?,తోనఁ ఏ హూంషాగి ఛఁ?,telugu_banjara_dictionary_master_file.docx
నాకు ఇది చాలా నచ్చింది.,/man ē rāas hūmṣāgi./,phrase,I like this very much.,मुझे यह बहुत पसंद आया.,మన్ ఏ రాస్ హూంషాగి.,telugu_banjara_dictionary_master_file.docx
ఇప్పుడు సమయం ఎంత?,/abb vēḷā katrā vīgi chā?/,phrase,What is the time now?,अब समय कितना हुआ है?,అబ్బ వేళా కత్రా వేగి ఛఁ?,telugu_banjara_dictionary_master_file.docx
టైమ్ పది అయింది.,/vēḷā das vīgi./,phrase,The time is ten.,दस बज गए हैं.,వేళా దస్ వేగి.,telugu_banjara_dictionary_master_file.docx
త్వరగా పద.,/jaldi cāl./,phrase,Go quickly.,जल्दी चलो.,జల్ది చాల్.,telugu_banjara_dictionary_master_file.docx
నెమ్మదిగా నడువు.,/dhīmēti cāl./,phrase,Walk slowly.,धीरे चलो.,ధీమేతి చాల్.,telugu_banjara_dictionary_master_file.docx
జాగ్రత్తగా వెళ్ళు.,/jāgratāiti jō./,phrase,Go carefully.,सावधानी से जाओ.,జాగ్రత్తాయితి జో.,telugu_banjara_dictionary_master_file.docx
నువ్వు ఎప్పుడు వస్తావు?,/tū kanna āvajō chō?/,phrase,When will you come?,आप कब आएँगे?,తూ కన్న ఆవజో ఛో?,telugu_banjara_dictionary_master_file.docx
నేను రేపు వస్తాను.,/ma kāl āvajum./,phrase,I will come tomorrow.,मैं कल आऊँगा.,మఁ కాల్ ఆవజుమ్.,telugu_banjara_dictionary_master_file.docx
నువ్వు ఎక్కడ ఉన్నావు?,/tū kēvi chō?/,phrase,Where are you?,आप कहाँ हैं?,తూ కేవి ఛో?,telugu_banjara_dictionary_master_file.docx
నేను ఇక్కడ ఉన్నాను.,/ma ēttē chū./,phrase,I am here.,मैं यहाँ हूँ.,మఁ ఏత్తె ఛూ.,telugu_banjara_dictionary_master_file.docx
లోపలికి రండి.,/māyi āvo./,phrase,Come inside.,अंदर आइए.,మాయి ఆవో.,telugu_banjara_dictionary_master_file.docx
బయట వేచి ఉండండి.,/bār gāmb./,phrase,Wait outside.,बाहर रुकिए.,బార్ గాంబ్.,telugu_banjara_dictionary_master_file.docx
కూర్చోండి.,/byāso./,phrase,Please sit.,बैठिए.,బ్యాసో.,telugu_banjara_dictionary_master_file.docx
లేవండి.,/ūṭhō./,phrase,Please get up.,उठिए.,ఊటో.,telugu_banjara_dictionary_master_file.docx
నిశ్శబ్దంగా ఉండండి.,/cup rō./,phrase,Be quiet.,मौन रहिए.,చుప్ రో.,telugu_banjara_dictionary_master_file.docx
అల్లరి చేయకండి.,/gadbaḍ karam mat./,phrase,Don't make noise.,शोर मत कीजिए.,గడ్బడ్ కరమ్ మత్.,telugu_banjara_dictionary_master_file.docx
అతను ఎవరు?,/ū kūṇ chā?/,phrase,Who is he?,वह कौन है?,ఊ కూణ్ ఛఁ?,telugu_banjara_dictionary_master_file.docx
అతను నా తమ్ముడు.,/ū māro bhāyi chā./,phrase,He is my brother.,वह मेरा भाई है.,ఊ మారొ భాయీ ఛఁ.,telugu_banjara_dictionary_master_file.docx
ఈమె ఎవరు?,/ā kūṇ chā?/,phrase,Who is she?,यह कौन है?,ఆ కూణ్ ఛఁ?,telugu_banjara_dictionary_master_file.docx
ఈమె నా తల్లి.,/ā māri yādi chā./,phrase,She is my mother.,यह मेरी माँ है.,ఆ మారి యాడి ఛఁ.,telugu_banjara_dictionary_master_file.docx
బట్టలు ఉతకండి.,/lattro dhōyē./,phrase,Wash the clothes.,कपड़े धोइए.,లత్తో ధోయే.,telugu_banjara_dictionary_master_file.docx
బట్టలు ఆరవెయ్యండి.,/lattro valā./,phrase,Dry the clothes.,कपड़े सुखाएँ.,లత్తో వలా.,telugu_banjara_dictionary_master_file.docx
స్నానం చేయి.,/hamgōḷi kar./,phrase,Take a bath.,स्नान करो.,హంగోళి కర్.,telugu_banjara_dictionary_master_file.docx
తల తుడుచుకో.,/māth lū./,phrase,Wipe your head.,सिर पोंछो.,మాత్ లూ.,telugu_banjara_dictionary_master_file.docx
నూనె రాయండి.,/tēl lōdō./,phrase,Apply oil.,तेल लगाइए.,తేల్ లోదో.,telugu_banjara_dictionary_master_file.docx
జుట్టు దువ్వుకో.,/lattro vāva./,phrase,Comb your hair.,बाल संवारो.,లత్తో వావ.,telugu_banjara_dictionary_master_file.docx
బడికి వెళ్ళు.,/baḍin jō./,phrase,Go to school.,पाठशाला जाओ.,బడిన్ జో.,telugu_banjara_dictionary_master_file.docx
పాఠం చదువు.,/pāṭham sadū./,phrase,Read the lesson.,पाठ पढ़ो.,పాఠం సదూ.,telugu_banjara_dictionary_master_file.docx
బాగా రాయండి.,/āccō lak./,phrase,Write well.,अच्छा लिखो.,ఆచ్చో లక్.,telugu_banjara_dictionary_master_file.docx
పెద్దలను గౌరవించు.,/mōṭēn mān dē./,phrase,Respect elders.,बड़ों का सम्मान करो.,మోటేనఁ మాన్ దె.,telugu_banjara_dictionary_master_file.docx
మళ్ళీ కలుద్దాం.,/pharan malām./,phrase,Let's meet again.,फिर मिलेंगे.,ఫరన్ మలామ్.,telugu_banjara_dictionary_master_file.docx
వెళ్ళి వస్తాను.,/jām an āvumcum./,phrase,I'll go and come back.,जाकर आता हूँ.,జామ్ అన్ ఆవుమ్చుమ్.,telugu_banjara_dictionary_master_file.docx
క్షేమంగా వెళ్ళండి.,/āccōti jō./,phrase,Go safely.,सुरक्षित जाइए.,ఆచ్చోతి జో.,telugu_banjara_dictionary_master_file.docx
మరచిపోవద్దు.,/visar mat./,phrase,Don't forget.,भूलना मत.,విసర్ మత్.,telugu_banjara_dictionary_master_file.docx
విజ్ఞాన శాస్త్రం చదువుకో.,/jñāndēr śāstram sadū./,phrase,Study science.,विज्ञान पढ़ो.,జ్ఞాందెర్ శాస్త్రం సదూ.,telugu_banjara_dictionary_master_file.docx
హోళి పండగ ఆడుకుందాం.,/hōḷi pānḍag rāmvām./,phrase,Let's play Holi.,होली खेलें.,హోళి పాండగ్ రామ్వామ్.,telugu_banjara_dictionary_master_file.docx
